"1";"en: angličtina";"FIC: beletrie";"NOV: próza";"X: neuvedeno";"X: neuvedeno";"mi drahá . </s><s> Říkal jsi mi to na konci každého";"telefonátu místo nashledanou";". </s><s> Paměť se obrátila proti mně a snaží se mě"
"1";"nl: nizozemština";"FIC: beletrie";"NOV: próza";"X: neuvedeno";"X: neuvedeno";", Onna tu noc svedla : proto chtěla spát u";"něj , místo ve";"svém hotelu . </s><s> Počítala se vším , a ne neprávem"
"1";"sv: švédština";"FIC: beletrie";"NOV: próza";"X: neuvedeno";"X: neuvedeno";". </s><s> Nejprve se pokusil urovnat spor požadavkem dvojnásobného výkupného za";"nevěsty místo trojnásobného";", ale ani Göinští , ani Värenďané o tom nechtěli"
"1";"en: angličtina";"FIC: beletrie";"NOV: próza";"X: neuvedeno";"X: neuvedeno";", kristepane jo , panebože jo , ale prostřednictvím diskovýho";"kejvání místo slovama";". </s><s> Billy už se na nic jinýho neptá . </s><s> Jen"
"1";"fr: francouzština";"FIC: beletrie";"NOV: próza";"X: neuvedeno";"X: neuvedeno";"jen několik posledních metrů . </s><s> V tu chvíli šlápl do";"prázdna místo na";"příčku , na kterou chtěl položit nohu . </s><s> Magnier zahlédl"
"1";"en: angličtina";"FIC: beletrie";"NOV: próza";"X: neuvedeno";"X: neuvedeno";", a jak jsme se během jídla dívali do svých";"telefonů místo na";"sebe . </s><s> Ať už šlo s Rajhitem o cokoliv ,"
"1";"cs: čeština";"FIC: beletrie";"NOV: próza";"X: neuvedeno";"X: neuvedeno";"způsobil , že si většina kluků obstarala na příští zimu";"kanady místo dosud";"klasických bruslí a na stadionech povážlivě přibylo snaživých malých hokejistů"
"1";"en: angličtina";"FIC: beletrie";"NOV: próza";"X: neuvedeno";"X: neuvedeno";"místo Nebudu míti nedostatku ; I když půjdu roklí šeré";"smrti místo Byť";"mi se dostalo jít přes údolí stínu smrti . </s><s> Působí"
"1";"en: angličtina";"FIC: beletrie";"NOV: próza";"X: neuvedeno";"X: neuvedeno";", vyčítavý obličejík . </s><s> Jednoho dne nahlédla do periodické tabulky";"prvků , místo mangan";"přečetla manžel a v hlavě se jí vynořila Jamesova tvář"
"1";"bn: bengálština";"FIC: beletrie";"NOV: próza";"X: neuvedeno";"X: neuvedeno";"<s> Snacha Džaladabála byla chytrá a šikovná , vykonávala mnoho domácích";"prací místo Párbatí";", která teď mohla zaměřit svou pozornost jiným směrem . </s>"
"1";"ru: ruština";"FIC: beletrie";"NOV: próza";"X: neuvedeno";"X: neuvedeno";"tentokrát je všechno v pořádku . </s><s> Eduard Lvovič měl vadu";"řeči , místo „";"r “ a „ ř “ vyslovoval „ v “"
"1";"pl: polština";"FIC: beletrie";"COL: kratší próza";"X: neuvedeno";"X: neuvedeno";"smyšlených událostí , jako kdybychom jim věřili . </s><s> Použití „";"konfabulace “ místo „";"lži “ by nám umožnilo vidět Herma v poněkud lepším"
"1";"cs: čeština";"FIC: beletrie";"COL: kratší próza";"X: neuvedeno";"X: neuvedeno";", když jsem dneska zas hleděl skrze sklo kamen do";"ohně místo na";"televizi . </s><s> Bylo to zajímavější , jako vždycky . </s><s> Proč"
"1";"cs: čeština";"FIC: beletrie";"COL: kratší próza";"X: neuvedeno";"X: neuvedeno";"v opravě paní Anny Novotné . </s><s> Jsou tu příklady jejích";"oprav : místo „";"ferina “ a „ čtverák “ je šprýmař . </s><s> Slova"
"1";"cs: čeština";"FIC: beletrie";"VER: poezie";"X: neuvedeno";"X: neuvedeno";". </s><s> na s . 8 ve verši "" dlohé bez";"přestání "" místo """;"dlouhé bez přestání "" </s><s> *** </s><s> Jsou místa </s><s> kde s větrem"
"1";"cs: čeština";"NFC: oborová literatura";"SCI: odborná literatura";"HUM: humanitní vědy";"PHI: filozofie, náboženství";"dvojí možnost čtení , a tedy dvojí výklad 39 .";"verše ( místo jukátilúna";"— oni bojují , pasivum jukátalúna — proti nimž je"
"1";"cs: čeština";"NFC: oborová literatura";"POP: populárně naučná literatura";"HUM: humanitní vědy";"PHI: filozofie, náboženství";"na kněze , který při kázání říkal "" desetiletí duchovní";"únavy "" místo """;"desetiletí duchovní obnovy "" a hřímal na jeptišky v prvních"
"1";"en: angličtina";"NFC: oborová literatura";"SCI: odborná literatura";"HUM: humanitní vědy";"HIS: historie, biografie";"mohou získat šlechtický titul až po dosažení 9 . hodnostní";"třídy ( místo 14";". ) a dědičný šlechtický titul až po dosažení 5"
"1";"en: angličtina";"NFC: oborová literatura";"SCI: odborná literatura";"HUM: humanitní vědy";"MUS: hudba";"unikly : „ Obsah “ , uplatnění ariosa a doprovázeného";"recitativu místo secca";", ( pro zvýšení intenzity , což nepředpokládalo povinný odchod"
"1";"cs: čeština";"NFC: oborová literatura";"SCI: odborná literatura";"HUM: humanitní vědy";"LAN: filologie";"posluchače se v rozporu se záměrem mluvčího upoutává na způsob";"mluvení místo na";"obsah , mluvčí sám může příliš pozornosti věnovat formě svého"
"1";"de: němčina";"NFC: oborová literatura";"SCI: odborná literatura";"HUM: humanitní vědy";"LAN: filologie";"platnému performativu . </s><s> Řekne - li například ženich během svatební";"ceremonie místo Ano";"třeba No , v principu proti tomu nic nemám ,"
"1";"cs: čeština";"NFC: oborová literatura";"POP: populárně naučná literatura";"HUM: humanitní vědy";"LAN: filologie";"je uvedeno stáří 63 roků , 5 měsíců , 7";"dní - místo 66";"roků , 1 měsíc . </s><s> Ve vídeňském zápisu o pozůstalosti"
"1";"cs: čeština";"NFC: oborová literatura";"SCI: odborná literatura";"HUM: humanitní vědy";"ART: umění, architektura";"omylem písaře , je mírné zvětšování ornamentálních iniciál u některých";"předmluv ( místo 6";"řádkových na 7 řádkové iniciály ) . </s><s> Naopak příklady poddimenzování"
"1";"en: angličtina";"NFC: oborová literatura";"POP: populárně naučná literatura";"SSC: sociální vědy";"PSY: psychologie";"ohledech podobal modernímu archetypu neustále online dostupného znalostního pracovníka digitálního";"věku – místo „";"Curychu “ si dosaďte „ San Francisco “ a místo"
"1";"sk: slovenština";"NFC: oborová literatura";"POP: populárně naučná literatura";"SSC: sociální vědy";"PSY: psychologie";"<s> Takový přívlastek užívám pro vztahy , kde lidé žijí vedle";"sebe místo spolu";". </s><s> Když mi popisoval svou situaci , byl překvapen ,"
"1";"cs: čeština";"NFC: oborová literatura";"POP: populárně naučná literatura";"SSC: sociální vědy";"SOC: sociologie";"pestrost tlupy a že hodně energie je vydáváno na udržování";"hierarchie místo na";"tvořivost a vytváření lepších podmínek pro život . </s><s> Skutečný rozvoj"
"1";"en: angličtina";"NFC: oborová literatura";"POP: populárně naučná literatura";"SSC: sociální vědy";"REC: sport, rekreace, hobby";". </s><s> Pokud hrajete zvolna velmi dobrou kombinaci pomocí checkování nebo";"dorovnávání místo sázením";"či navyšováním , abyste zmátli protihráčovu představu o síle své"
"1";"en: angličtina";"NFC: oborová literatura";"POP: populárně naučná literatura";"SSC: sociální vědy";"REC: sport, rekreace, hobby";"<s> Číňané obvykle používají kulatou desku , vyříznutou z celé šíře";"kmenu , místo dnes";"běžně používaných prkének , jež jsou sestavena z několika dílů"
"1";"cs: čeština";"NFC: oborová literatura";"POP: populárně naučná literatura";"NAT: přírodní vědy";"BIO: biologie";"doby . </s><s> Hlavním technologickým pokrokem bylo zavedení koksu jako hlavního";"paliva místo stále";"dražšího a obtížněji dostupného dřevěného uhlí . </s><s> Tuto novinku fürstenberské"
"1";"en: angličtina";"NFC: oborová literatura";"SCI: odborná literatura";"NAT: přírodní vědy";"PHY: fyzika";". </s><s> Abych umožnil dané řešení , zavedl jsem původně do";"rovnice místo shora";"zmíněného tlaku nový člen , který je z hlediska obecné"
"1";"en: angličtina";"NFC: oborová literatura";"POP: populárně naučná literatura";"NAT: přírodní vědy";"PHY: fyzika";"kelvinů ( 480 ° C ) . </s><s> Kdyby naše molekula";"vody místo na";"Zemi přistála na Venuši , její osud by byl zcela"
"1";"cs: čeština";"NFC: oborová literatura";"SCI: odborná literatura";"NAT: přírodní vědy";"MED: lékařství";"21 . chromozomu ( člověk má v tomto případě 47";"chromozómů místo 46";") ; 2 ) poruchou disjunkce během buněčného dělení ("
"1";"cs: čeština";"NFC: oborová literatura";"SCI: odborná literatura";"NAT: přírodní vědy";"MED: lékařství";"sledují variace systolického objemu ( SVV ) k hodnocení objemové";"náplně místo CVP";"katétry IAK i CVK mohou být zavedeny mnohem déle ,"
"1";"cs: čeština";"NFC: oborová literatura";"POP: populárně naučná literatura";"NAT: přírodní vědy";"MED: lékařství";"parfémů , který se přidává do máchací lázně . </s><s> Do";"sušičky místo dejte";"vlněné koule , jež plní i funkci antistatickou a díky"
"1";"cs: čeština";"NFC: oborová literatura";"PRO: profesní literatura";"FTS: formální a technické vědy";"TEC: technika";"odpudivý chřest nekupujte , poznáte jej podle zažloutlé až nahnědlé";"barvy místo smetanově";"bílé , zelený je matný bez svěžesti a v obou"
"1";"cs: čeština";"NFC: oborová literatura";"POP: populárně naučná literatura";"FTS: formální a technické vědy";"TEC: technika";"objevily určité zajímavé odlišnosti . </s><s> Pojistka se nacházela na rámu";"pistole místo na";"závěru , výstražník náboje v komoře vyčníval ze strany pouzdra"
"1";"cs: čeština";"NFC: oborová literatura";"POP: populárně naučná literatura";"FTS: formální a technické vědy";"TEC: technika";"závěru , výstražník náboje v komoře vyčníval ze strany pouzdra";"závěru místo vzadu";", lučík byl pevně spojen s rámem a demontáž se"
"1";"cs: čeština";"NFC: oborová literatura";"POP: populárně naučná literatura";"FTS: formální a technické vědy";"TEC: technika";"světlomety LED stojí 35 000 Kč . </s><s> Mají celkem 32";"modulů místo 16";"v astře . </s><s> Tlačítky Tour a Sport se reguluje tuhost"
"1";"cs: čeština";"NFC: oborová literatura";"POP: populárně naučná literatura";"FTS: formální a technické vědy";"TEC: technika";"900 lumenů . </s><s> Na dálková jsou však výkonnější - 135";"luxů místo 100";". </s><s> A také mají bělejší světlo s teplotou 6000 místo"
"1";"cs: čeština";"NFC: oborová literatura";"PRO: profesní literatura";"FTS: formální a technické vědy";"ICT: výpočetní technika";"bychom stejným způsobem otevřeli ( také ve složce Debug našeho";"projektu ) místo DLL";"souboru soubor Komponenta . tlb , dostaneme podle očekávání stejný"
"1";"cs: čeština";"NFC: oborová literatura";"PRO: profesní literatura";"FTS: formální a technické vědy";"ICT: výpočetní technika";"nezastavil . </s><s> Zanedlouho jsme dostali příležitost k modelování přímo 3D";"objektů místo 2D";"čar . </s><s> S touto technologií přišla dnes tolik zmiňovaná zkratka"
"1";"cs: čeština";"NFC: oborová literatura";"PRO: profesní literatura";"FTS: formální a technické vědy";"ICT: výpočetní technika";"<s> Krátkým zásekům se z principu nevyhnete a nikdo nechce uprostřed";"schůzky místo CRM";"spatřit pixelového dinosaura a upozornění na chybějící připojení k internetu"
"1";"cs: čeština";"NFC: oborová literatura";"POP: populárně naučná literatura";"FTS: formální a technické vědy";"ICT: výpočetní technika";"152 místo 1 280 SP a také jen 72 texturovacích";"jednotek místo 80";". </s><s> Zůstal počet rasterizačních jednotek i šířka sběrnice a takt"
"1";"cs: čeština";"NFC: oborová literatura";"POP: populárně naučná literatura";"FTS: formální a technické vědy";"ICT: výpočetní technika";"RX 570 rovnou RX 580 anebo zda nedostanete 8 GB";"paměti místo 4";"GB . </s><s> Nvidia jim konkuruje dvěma modely : lehce ořezanou"
"1";"cs: čeština";"NFC: oborová literatura";"POP: populárně naučná literatura";"FTS: formální a technické vědy";"ICT: výpočetní technika";"GPS a navigací ( geocaching ! ) , rozmach LCD";"monitorů místo CRT";", vícejádrové procesory , příchod iPhonu a Androidu , exploze"
"1";"cs: čeština";"NFC: oborová literatura";"MEM: memoáry, autobiografie";"MEM: memoáry, autobiografie";"MEM: memoáry, autobiografie";"ulice a rohy s obličeji ulic a rohů a atmosférami";"čtvrtí místo dragstorů";", kostelů ( gotických a románských z L . P"
"1";"en: angličtina";"NFC: oborová literatura";"MEM: memoáry, autobiografie";"MEM: memoáry, autobiografie";"MEM: memoáry, autobiografie";"jsem prohlásil : "" Dáme si k obědu jen skleničku";"vína místo Special";"Brew . "" </s><s> Po dvou měsících jsem už zase spokojeně"
"1";"cs: čeština";"NFC: oborová literatura";"ADM: administrativa";"ADM: administrativa";"ADM: administrativa";"- Gryc , 4 . ročník , žádost o změnu";"školitele , místo prof";". Bunce navržen doc . Zahálku . </s><s> OR souhlasí -"
"1";"cs: čeština";"NFC: oborová literatura";"ADM: administrativa";"ADM: administrativa";"ADM: administrativa";"- Jahodová , 6 . ročník , žádost o změnu";"školitele , místo doc";". Psotty navržena doc . Dvořáková . </s><s> OR souhlasí ."
"1";"cs: čeština";"NFC: oborová literatura";"ADM: administrativa";"ADM: administrativa";"ADM: administrativa";", 2 . ročník , žádost o změnu školitele a";"tématu , místo doc";". Hellera doc . Zahálka . </s><s> OR souhlasí se změnou"
"1";"cs: čeština";"NMG: publicistika";"NEW: tradiční publicistika";"X: neuvedeno";"NTW: celostátní tisk";". </s><s> Banka oznámila , že zvýší kapitál o tři miliardy";"eur místo původně";"schválených 2,5 miliardy . </s><s> Skanska </s><s> Provozní zisk skandinávské skupiny vzrostl"
"1";"cs: čeština";"NMG: publicistika";"NEW: tradiční publicistika";"X: neuvedeno";"NTW: celostátní tisk";"dostatek , i proto letos přijmeme 1800 nových vojáků z";"povolání místo původně";"plánovaných 1500 , “ říká Medek . </s><s> V blízké době"
"1";"cs: čeština";"NMG: publicistika";"NEW: tradiční publicistika";"X: neuvedeno";"NTW: celostátní tisk";"z ledna na duben </s><s> Mnozí rodiče posílají své děti do";"škol místo v";"šesti až v sedmi letech . </s><s> Výsledkem je dlouhodobě vysoké"
"1";"cs: čeština";"NMG: publicistika";"NEW: tradiční publicistika";"X: neuvedeno";"NTW: celostátní tisk";"tvorby státní politiky , závažné otázky se rozhodují ve skupinách";"jedinců místo v";"demokratických orgánech státu . ( ... ) </s><s> K tomu všemu"
"1";"cs: čeština";"NMG: publicistika";"NEW: tradiční publicistika";"X: neuvedeno";"NTW: celostátní tisk";"Željko a pětice jeho nových spolubydlících žije od jara letošního";"roku místo v";"ústavu v chráněném bydlení . </s><s> Na několik hodin denně jim"
"1";"cs: čeština";"NMG: publicistika";"NEW: tradiční publicistika";"X: neuvedeno";"NTW: celostátní tisk";"si přál vládu , která by alespoň jeden z pobídkových";"balíčků , místo další";"automobilce , adresovala péči o duševní a citový rozvoj dětí"
"1";"cs: čeština";"NMG: publicistika";"NEW: tradiční publicistika";"X: neuvedeno";"NTW: celostátní tisk";"logiku . </s><s> Jedná se totiž o hodiny s písmeny hebrejské";"abecedy místo s";"čísly a hebrejsky se píše zprava doleva . </s><s> Pozorný návštěvník"
"1";"cs: čeština";"NMG: publicistika";"NEW: tradiční publicistika";"X: neuvedeno";"NTW: celostátní tisk";"Sportovního centra mládeže a juniorek . </s><s> Porodnice posílají mimina do";"ústavů místo pěstounům";". </s><s> Zákonu navzdory </s><s> Zoufalé matky , které se rozhodnou vzdát"
"1";"cs: čeština";"NMG: publicistika";"NEW: tradiční publicistika";"X: neuvedeno";"NTW: celostátní tisk";"“ uvedla pro Právo Lipová . </s><s> Porodnice posílají mimina do";"ústavů místo pěstounům";"</s><s> Nemocnice popírá , že by se dostala do rozporu se"
"1";"cs: čeština";"NMG: publicistika";"NEW: tradiční publicistika";"X: neuvedeno";"NTW: celostátní tisk";"na 100 korun . </s><s> V ruletě budeme moci vsadit tisíc";"korun , místo původně";"navržených 50 . </s><s> Změn tohoto ražení je v návrhu zákona"
"1";"cs: čeština";"NMG: publicistika";"NEW: tradiční publicistika";"X: neuvedeno";"NTW: celostátní tisk";", že HDP v závěru roku vykázal růst o 1,6";"procenta místo doposud";"uváděných 1,5 procenta . </s><s> Mezičtvrtletní růst potvrdil na 0,3 procenta"
"1";"cs: čeština";"NMG: publicistika";"NEW: tradiční publicistika";"X: neuvedeno";"NTW: celostátní tisk";". </s><s> Nyní je právě rozhodování o energetice soustředěno do jednoho";"ministerstva místo jako";"dříve do tří , “ vysvětluje Antczak . </s><s> „ To"
"1";"cs: čeština";"NMG: publicistika";"NEW: tradiční publicistika";"X: neuvedeno";"NTW: celostátní tisk";"zároveň potrestat jako „ zrádce “ . </s><s> Odešli totiž do";"Evropy místo na";"území Islámského státu , kam mají zamířit podle teroristů všichni"
"1";"cs: čeština";"NMG: publicistika";"NEW: tradiční publicistika";"X: neuvedeno";"NTW: celostátní tisk";"o 10 tisíc korun víc . </s><s> Za opakované založení černé";"skládky místo 50";"tisíc hrozí až 75 tisíc korun pokuty . </s><s> Orgány v"
"1";"cs: čeština";"NMG: publicistika";"NEW: tradiční publicistika";"X: neuvedeno";"NTW: celostátní tisk";"rozkazu vůdce jsem před třemi dny převzal vedení Úřadu říšského";"protektora místo ochuravělého";"říšského protektora , říšského ministra von Neuratha . </s><s> Vůdcova směrnice"
"1";"cs: čeština";"NMG: publicistika";"NEW: tradiční publicistika";"X: neuvedeno";"NTW: celostátní tisk";"pomohla vládní koalici a komunistům přejmenovat státní svátek 17 .";"listopadu ; místo „";"Den boje za svobodu a demokracii “ se bude počátek"
"1";"cs: čeština";"NMG: publicistika";"NEW: tradiční publicistika";"X: neuvedeno";"NTW: celostátní tisk";"do jednoho kilogramu v rámci ČR vyjde nově na 79";"korun místo 69";"Kč , cenný balík do dvou kg stojí 110 Kč"
"1";"cs: čeština";"NMG: publicistika";"NEW: tradiční publicistika";"X: neuvedeno";"REG: regionální tisk";", že jsem vstal o hodinu dřív . </s><s> Bylo půl";"sedmé , místo půl";"osmé , “ poznamenal Ivan Kadeřábek . </s><s> Věžní hodiny ,"
"1";"cs: čeština";"NMG: publicistika";"NEW: tradiční publicistika";"X: neuvedeno";"REG: regionální tisk";"postaviček Lichtensteinových obrazů . </s><s> Včetně bublin s texty . </s><s> 10";"eur místo 300";"marek . </s><s> Za sex se platí míň a klasika už"
"1";"cs: čeština";"NMG: publicistika";"LEI: volnočasová publicistika";"X: neuvedeno";"LIF: životní styl";"na parkovišti před restaurací . </s><s> Domů jsme přišli v půl";"jedné místo v";"jedenáct , hlídací paní byla vytočená , že nestihla poslední"
"1";"cs: čeština";"NMG: publicistika";"LEI: volnočasová publicistika";"X: neuvedeno";"SCT: společenský život";"roku 1922 na Českokrumlovsku a farář mu zapsal do křestního";"listu místo »";"Miloš « , které si přáli jeho rodiče , nezvyklé"
"3";"en: angličtina";"FIC: beletrie";"NOV: próza";"X: neuvedeno";"X: neuvedeno";"tykvové semínko , které letí nádherným obloukem do popelníku uprostřed";"stolu , místo aby";"zasáhlo zamýšlený cíl , Evelyniny šaty . </s><s> "" Hmmmm ?"
"3";"en: angličtina";"FIC: beletrie";"NOV: próza";"X: neuvedeno";"X: neuvedeno";"první povídka , v níž jsem explicitně uvedl tři zákony";"robotiky , místo abych";"je jen implicitně naznačoval . </s><s> V ní jedna z postav"
"3";"en: angličtina";"FIC: beletrie";"NOV: próza";"X: neuvedeno";"X: neuvedeno";"samá skvrna , oči napuchlé , a co se týkalo";"vlasů , místo aby";"se je pokoušel hladce učesat , vypadaly jako paruka z"
"3";"en: angličtina";"FIC: beletrie";"NOV: próza";"X: neuvedeno";"X: neuvedeno";"nosily boty na vysokých podpatcích zdobené drahokamy . </s><s> Takže onoho";"rána , místo aby";"nasedla do svého vozového parku , se Adele rozhodla ze"
"3";"en: angličtina";"FIC: beletrie";"NOV: próza";"X: neuvedeno";"X: neuvedeno";"posadila se na pohovku . </s><s> Poté co se uvelebil vedle";"ní , místo aby";"se vrátil do křesla , si ho ostražitě změřila . </s>"
"3";"ru: ruština";"FIC: beletrie";"NOV: próza";"X: neuvedeno";"X: neuvedeno";"něm málo věcí a velký nepořádek . </s><s> Jedna ze dvou";"židlí , místo aby";"stála u psacího stolu ( onoho dubového kolosu s kalamářem"
"3";"en: angličtina";"FIC: beletrie";"NOV: próza";"X: neuvedeno";"X: neuvedeno";"<s> Čekal je dlouhý let a v letadle nebylo na úpravy";"popruhů místo .";"</s><s> "" Něco není v pořádku , "" zopakoval Gierek a"
"3";"en: angličtina";"FIC: beletrie";"NOV: próza";"X: neuvedeno";"X: neuvedeno";"veřejnosti . </s><s> Čím dál častěji se uchyloval do horních místností";"panství , místo aby";"se potuloval mezi zaměstnanci a rozprávěl s nimi ; opět"
"3";"en: angličtina";"FIC: beletrie";"NOV: próza";"X: neuvedeno";"X: neuvedeno";". </s><s> Konečně se také jednou stala přímou účastnicí nějaké velké";"události , místo aby";"o ní jenom referovala . </s><s> Ale koneckonců , zveřejnění těch"
"3";"en: angličtina";"FIC: beletrie";"NOV: próza";"X: neuvedeno";"X: neuvedeno";": částečně přeložené rozhovory ; interpretace mimozemských nástrojů v záběru";"kamery ; místo na";"měsíci , odkud video pocházelo ; mnohonásobně zvětšený pohled na"
"3";"es: španělština";"FIC: beletrie";"NOV: próza";"X: neuvedeno";"X: neuvedeno";"nedodržuje řád a riskuje život , Saňdžaj ho vyhodil z";"místa , místo aby";"ho poslechl . </s><s> Musíš vidět skutečnost takovou , jaká je"
"3";"nl: nizozemština";"FIC: beletrie";"NOV: próza";"X: neuvedeno";"X: neuvedeno";", a od Quintena pochopitelně , a od mé mladší";"sestry , místo abych";"k vám blíže přilnul , je mi samotnému záhadou . </s>"
"3";"en: angličtina";"FIC: beletrie";"NOV: próza";"X: neuvedeno";"X: neuvedeno";", že i po tolika staletích existuje na okraji obrovské";"metropole místo ,";"kde dávná minulost leží pár metrů pod povrchem . </s><s> Ostatně"
"3";"sv: švédština";"FIC: beletrie";"NOV: próza";"X: neuvedeno";"X: neuvedeno";"bratrovy ostatky . </s><s> Trvalo několik měsíců , než objevil poblíž";"řeky místo ,";"kam přes stromy pálilo podvečerní slunce a pomalu měnilo zemi"
"3";"pl: polština";"FIC: beletrie";"NOV: próza";"X: neuvedeno";"X: neuvedeno";"a teď samozřejmě u těch svých kár čekali na příjezd";"policie , místo aby";"sepsali oznámení o nehodě a odjeli , nebo alespoň sjeli"
"3";"cs: čeština";"FIC: beletrie";"NOV: próza";"X: neuvedeno";"X: neuvedeno";"který držela v ruce . </s><s> „ Je někde tady u";"pobřeží místo ,";"kde by se mohly schovávat velké lodi ? “ zeptala"
"3";"cs: čeština";"FIC: beletrie";"NOV: próza";"X: neuvedeno";"X: neuvedeno";"pokrčila rameny . </s><s> „ Obávám se , že tady je";"takových místo mnoho";", “ odpověděla , když se znovu chopila vřetena . </s>"
"3";"da: dánština";"FIC: beletrie";"NOV: próza";"X: neuvedeno";"X: neuvedeno";"důkladná policejní práce , “ opakoval Carl . </s><s> „ Způsob";"přepadení , místo ,";"metoda , čas . </s><s> Všechno poukazuje na vás . “ </s>"
"3";"en: angličtina";"FIC: beletrie";"NOV: próza";"X: neuvedeno";"X: neuvedeno";"do činění s člověkem , který se řídí vkusem svého";"krejčího , místo aby";"naopak vnucoval svůj vkus jemu – , mohli bychom tyto"
"3";"en: angličtina";"FIC: beletrie";"NOV: próza";"X: neuvedeno";"X: neuvedeno";"„ Naším cílem bylo změnit naši zemi a učinit z";"ní místo ,";"které můžeme hrdě prohlásit za svůj domov , ne vést"
"3";"zh: čínština";"FIC: beletrie";"NOV: próza";"X: neuvedeno";"X: neuvedeno";"její podivný , ďábelský výraz v žádném případě nemá plachost";"jelena , místo ,";"kde by měly být plaché jelení oči , zeje prázdnotou"
"3";"en: angličtina";"FIC: beletrie";"NOV: próza";"X: neuvedeno";"X: neuvedeno";"úspěch , kdybyste sebrali odvahu přinést mi kus z toho";"těla , místo abyste";"ho nechali hnít v zemi . “ </s><s> Sice se o"
"3";"en: angličtina";"FIC: beletrie";"NOV: próza";"X: neuvedeno";"X: neuvedeno";"příležitosti a nevytáhl z vévody při našem posledním povídání víc";"informací , místo abych";"se ho snažil trumfovat . </s><s> Když jsem se školil u"
"3";"en: angličtina";"FIC: beletrie";"NOV: próza";"X: neuvedeno";"X: neuvedeno";"bedny vlněných ponožek , jako by válka zvýšila počet našich";"údů , místo aby";"ho snížila . </s><s> Když jsem z armády odcházel , měl"
"3";"en: angličtina";"FIC: beletrie";"NOV: próza";"X: neuvedeno";"X: neuvedeno";"dobroty srdce ujali , ale pro takový jako ty u";"nich místo rozhodně";"není ! “ </s><s> Příštího dne se konal pohřeb Doriana Lupescu"
"3";"sv: švédština";"FIC: beletrie";"NOV: próza";"X: neuvedeno";"X: neuvedeno";"proč se ti cizinci vůbec namáhají s vydáváním tak obtížných";"zvuků , místo aby";"hovořili po lidsku jako Seveřané . </s><s> Ale ukázalo se ,"
"3";"en: angličtina";"FIC: beletrie";"NOV: próza";"X: neuvedeno";"X: neuvedeno";"by si mohli večer někam vyjít nebo strávit den u";"moře , místo aby";"kupovala věci , o nichž byla přesvědčená , že je"
"3";"en: angličtina";"FIC: beletrie";"NOV: próza";"X: neuvedeno";"X: neuvedeno";"podobal zámku a Cynthia se očividně upřímně radovala ze sestřina";"štěstí , místo aby";"se jako obvykle užírala závistí . </s><s> „ Jasně , že"
"3";"en: angličtina";"FIC: beletrie";"NOV: próza";"X: neuvedeno";"X: neuvedeno";". </s><s> Zalitoval , že neměl možnost prostudovat si spisek skutečného";"případu , místo aby";"slyšel jen informace z druhé ruky . </s><s> Pak udělal něco"
"3";"sv: švédština";"FIC: beletrie";"NOV: próza";"X: neuvedeno";"X: neuvedeno";"znamenalo deset měsíců za těžké ublížení na zdraví s následkem";"smrti místo za";"zabití . </s><s> Kdyby bylo zábradlí balkonu přimontováno správně , všemi"
"3";"fr: francouzština";"FIC: beletrie";"NOV: próza";"X: neuvedeno";"X: neuvedeno";", znovu zalitoval , že se vydal na dráhu druhořadého";"podvodníčka , místo aby";"se stal okresním soudcem v nějaké provincii . </s><s> Obě zaměstnání"
"3";"en: angličtina";"FIC: beletrie";"NOV: próza";"X: neuvedeno";"X: neuvedeno";"na ní , že by sama ráda dostala pár takovejch";"volňásků , místo aby";"jí zase jenom propršel další šedivej víkend někde na západě"
"3";"en: angličtina";"FIC: beletrie";"NOV: próza";"X: neuvedeno";"X: neuvedeno";"jsou napůl otevřený a on , z nějakýho sobě neznámýho";"důvodu , místo aby";"si to šněroval dál nebo v rohu počůral popelnici ,"
"3";"fr: francouzština";"FIC: beletrie";"NOV: próza";"X: neuvedeno";"X: neuvedeno";", které někdy , v závislosti i na chemickém složení";"půdy , místo aby";"z těla vyšly , ho nafouknou jako balon , napnou"
"3";"es: španělština";"FIC: beletrie";"NOV: próza";"X: neuvedeno";"X: neuvedeno";"mohla bouře zastihnout venku ani proč se rozhodli vracet do";"Panxónu , místo aby";"hledali úkryt v nějakém bližším přístavu . “ </s><s> „ Byli"
"3";"es: španělština";"FIC: beletrie";"NOV: próza";"X: neuvedeno";"X: neuvedeno";"zdálo , že se flotila vrací se zhasnutými světly do";"přístavu , místo aby";"mířila na setkání s americkým námořnictvem . </s><s> Vyhlédl ven skrz"
"3";"fr: francouzština";"FIC: beletrie";"NOV: próza";"X: neuvedeno";"X: neuvedeno";"před touhle událostí . </s><s> Ach , ten bídák studuje posloupnost";"událostí , místo aby";"měl prostě a jednoduše soucit ! </s><s> Promiňte . ) </s><s> Zippo"
"3";"fr: francouzština";"FIC: beletrie";"NOV: próza";"X: neuvedeno";"X: neuvedeno";"zeptal : </s><s> „ Víte , proč pořád mění v rámci";"kuchyně místo ?";"“ </s><s> „ Je to kočka , nemá nezbytně žádný racionální"
"3";"M: více jazyků";"FIC: beletrie";"NOV: próza";"X: neuvedeno";"X: neuvedeno";"se cvičí tím , že budou dělat díry jeden do";"druhého , místo aby";"mě posílali domů s pěti novými modřinami . </s><s> Doktor L"
"3";"M: více jazyků";"FIC: beletrie";"NOV: próza";"X: neuvedeno";"X: neuvedeno";"chci , aby za mnou do nemocnice chodilo jen pár";"lidí , místo abych";"všechny prosila , ať se za mnou zastaví a pomůžou"
"3";"en: angličtina";"FIC: beletrie";"NOV: próza";"X: neuvedeno";"X: neuvedeno";"mučil a zabíjel lidi a spoustu jich nechal zavřít do";"vězení , místo ,";"kde se umírá na choleru , ó , ano ,"
"3";"en: angličtina";"FIC: beletrie";"NOV: próza";"X: neuvedeno";"X: neuvedeno";"cítila skoro jako doma , ale byl to jiný druh";"domova – místo ,";"kde platí jejich vlastní pravidla a díky tomu jsou v"
"3";"da: dánština";"FIC: beletrie";"NOV: próza";"X: neuvedeno";"X: neuvedeno";"Valløe pozdraví bujaře Mortena a udělá mu na lavici vedle";"sebe místo .";"</s><s> Vyhýbají se rozlité polévce na podlaze , Sofie klečí na"
"3";"de: němčina";"FIC: beletrie";"NOV: próza";"X: neuvedeno";"X: neuvedeno";". </s><s> Je jen na nás , abychom poselství odvodili z";"věcí , místo abychom";"je na věci naroubovali . </s><s> Martinovi začalo šumět v uších"
"3";"de: němčina";"FIC: beletrie";"NOV: próza";"X: neuvedeno";"X: neuvedeno";"<s> Proč na ni Shanti nezavolala . </s><s> Proč se vrátila do";"bytu , místo aby";"na ni volala a mávala tak dlouho , až by"
"3";"el: řečtina";"FIC: beletrie";"NOV: próza";"X: neuvedeno";"X: neuvedeno";"mu nic nerozuměl . </s><s> „ Na kraji náměstí je Jeskyně";"Arabů , místo ,";"kde mají své obchody a domy muslimští obchodníci s koberci"
"3";"de: němčina";"FIC: beletrie";"NOV: próza";"X: neuvedeno";"X: neuvedeno";"jsme do Ticina vnesli mezinárodní flair . </s><s> Udělali jsme z";"Lugana místo ,";"kde se setkávají důležití lidé , herci , umělci ."
"3";"de: němčina";"FIC: beletrie";"NOV: próza";"X: neuvedeno";"X: neuvedeno";"ve vás deník vyvolal . </s><s> Doufám , že je vedle";"bolesti místo i";"pro smíření . </s><s> Byla to chyba , že jsem se"
"3";"en: angličtina";"FIC: beletrie";"NOV: próza";"X: neuvedeno";"X: neuvedeno";"držet otevřenejch cest . “ </s><s> Takže park obcházejí podél vzrostlého";"plevele , místo aby";"šli skrz , a tehdy to Caldwellová spatří . </s><s> Zpomalí"
"3";"en: angličtina";"FIC: beletrie";"NOV: próza";"X: neuvedeno";"X: neuvedeno";"že kdykoliv dostanu chuť na sladké , dám si kousek";"ovoce , místo abych";"otvírala pišingry . </s><s> Vlastně jsem původně chtěla všechny pamlsky vyhodit"
"3";"en: angličtina";"FIC: beletrie";"NOV: próza";"X: neuvedeno";"X: neuvedeno";"kterým je potřeba počítat , někoho , kdo přejde do";"akce , místo aby";"jen lomil rukama . </s><s> Takového Amerika získala v Ronaldu Reaganovi"
"3";"en: angličtina";"FIC: beletrie";"NOV: próza";"X: neuvedeno";"X: neuvedeno";"co viděla , jak mizerně její syn napsal jméno své";"kapely , místo aby";"ji pojmenoval prostě ‚ Monkeys ‘ , tak přemýšlela ,"
"3";"en: angličtina";"FIC: beletrie";"NOV: próza";"X: neuvedeno";"X: neuvedeno";". </s><s> Místo k přemýšlení , k vaření špaget , vaření";"kávy , místo ke";"psaní . </s><s> Když jsem dorazila domů , podívala jsem se"
"3";"en: angličtina";"FIC: beletrie";"NOV: próza";"X: neuvedeno";"X: neuvedeno";", takže chápeš , že náš domov byl jen ostrůvek";"klidu , místo ,";"kde jsme se dokázali otočit k realitě zády a věnovali"
"3";"en: angličtina";"FIC: beletrie";"NOV: próza";"X: neuvedeno";"X: neuvedeno";"pokud má zájem . </s><s> Také ho pozvala na čaj do";"kuchyně , místo aby";"ho pil sám v zahradě jako obvykle . </s><s> Od pohřbu"
"3";"en: angličtina";"FIC: beletrie";"NOV: próza";"X: neuvedeno";"X: neuvedeno";", že se musel koukat na svět přes skleněnou výplň";"okna , místo aby";"tam venku skutečně žil . </s><s> Laura mu nakonec řekla o"
"3";"sv: švédština";"FIC: beletrie";"NOV: próza";"X: neuvedeno";"X: neuvedeno";"se z menšího turné a spontánně zabočil do jejich vilové";"čtvrti , místo abych";"zamířil rovnou k sobě . </s><s> Vzpomínám si , že jsem"
"3";"cs: čeština";"FIC: beletrie";"NOV: próza";"X: neuvedeno";"X: neuvedeno";". </s><s> Natáhne se a prsty pohladí druhou polovinu postele ,";"Hidekiho místo ,";"pečlivě ustlané a studené . </s><s> Poslední fotografie , které Akiko"
"3";"en: angličtina";"FIC: beletrie";"NOV: próza";"X: neuvedeno";"X: neuvedeno";"však zároveň majiteli akcií HubSpotu s několikamilionovou hodnotou . </s><s> Šéfové";"firmy , místo aby";"se ke všemu přiznali , vypustili do světa jen malou"
"3";"en: angličtina";"FIC: beletrie";"NOV: próza";"X: neuvedeno";"X: neuvedeno";", že v moderní společnosti není pro zabíjení na obranu";"cti místo .";"</s><s> Nechme ho , ať mluví sám za sebe . </s><s> „"
"3";"nl: nizozemština";"FIC: beletrie";"NOV: próza";"X: neuvedeno";"X: neuvedeno";"přesně v nejslabším místě . </s><s> To bylo stejně jako u";"lidí místo ,";"kde se setkávala obě ramena . </s><s> Hráli jsme si s"
"3";"en: angličtina";"FIC: beletrie";"NOV: próza";"X: neuvedeno";"X: neuvedeno";"vytiskneme sotva zlomek a často skončí v propadlišti zapomenuté počítačové";"složky , místo aby";"se nadobro zařadily do hmatatelného alba rodinných fotografií . </s><s> Na"
"3";"en: angličtina";"FIC: beletrie";"NOV: próza";"X: neuvedeno";"X: neuvedeno";"slovy mě jemně přitáhl k sobě a já žblunkla do";"vody , místo abych";"do ní elegantně sklouzla . </s><s> Vypískla jsem a pevně chytila"
"3";"de: němčina";"FIC: beletrie";"NOV: próza";"X: neuvedeno";"X: neuvedeno";"vždycky s netrpělivým výrazem mučednice podala jeho kapky pro případ";"nouze , místo aby";"ho vzala do náručí a utěšila ho . </s><s> Vláčela ho"
"3";"en: angličtina";"FIC: beletrie";"COL: kratší próza";"X: neuvedeno";"X: neuvedeno";". </s><s> V tomto případě však pokoj slouží k realizaci destruktivních";"myšlenek , místo aby";"je pomáhal odreagovat . “ </s><s> „ Vycítils to už dřív"
"3";"en: angličtina";"FIC: beletrie";"COL: kratší próza";"X: neuvedeno";"X: neuvedeno";", kdyby se můj kompas zvídavosti mohl ustálit podle vlastní";"logiky , místo aby";"se bláznivě roztočil pod nečekaně mocným silovým polem malého zeleného"
"3";"de: němčina";"FIC: beletrie";"COL: kratší próza";"X: neuvedeno";"X: neuvedeno";"mou sestru , a pak nás s sebou brali do";"hor , místo aby";"šli sami , pravděpodobně zase z toho jednoho a jediného"
"3";"cs: čeština";"FIC: beletrie";"COL: kratší próza";"X: neuvedeno";"X: neuvedeno";"psíka , který v noci klidně spal a funěl do";"pilin , místo aby";"se postavil té kurvě kuně … </s><s> Položil jsem klíče na"
"3";"en: angličtina";"FIC: beletrie";"COL: kratší próza";"X: neuvedeno";"X: neuvedeno";"svým životem a viděli , že se nechávali formovat názory";"druhých , místo aby";"uplatnili právo na vlastní štěstí . </s><s> A ještě smutnější bylo"
"3";"en: angličtina";"FIC: beletrie";"COL: kratší próza";"X: neuvedeno";"X: neuvedeno";"až se nakonec bude smát Afgháncům a jejich legračním pokrývkám";"hlavy , místo aby";"na ně shazoval bomby . </s><s> Opravdu věřím tomu , že"
"3";"cs: čeština";"FIC: beletrie";"COL: kratší próza";"X: neuvedeno";"X: neuvedeno";"a střapci , rozestupovaly se hloučky občanů a dělaly strážcům";"pořádku místo .";"</s><s> Někteří policisté měli spoustu barevných vyznamenání a medailí . </s><s> Našli"
"3";"cs: čeština";"FIC: beletrie";"COL: kratší próza";"X: neuvedeno";"X: neuvedeno";"do fitka , nenavštěvuje přátele ? </s><s> Jen upřeně civí do";"zeleně , místo aby";"se sebral a ten rybník obešel po svých . </s><s> Bydlíme"
"3";"cs: čeština";"FIC: beletrie";"COL: kratší próza";"X: neuvedeno";"X: neuvedeno";"Kosí potok . </s><s> Je to spíše věc pečlivé pozornosti než";"náhody : místo ,";"kde svědkové našli Maiera v údajném bezvědomí , lze přesně"
"3";"en: angličtina";"FIC: beletrie";"COL: kratší próza";"X: neuvedeno";"X: neuvedeno";"hlavě . </s><s> Když dokončil studia , nabídl mu příbuzný z";"Kalifornie místo ve";"své cementárně s dobrým počátečním platem a s vyhlídkou na"
"3";"cs: čeština";"FIC: beletrie";"VER: poezie";"X: neuvedeno";"X: neuvedeno";"<s> pozoruju s podezřením </s><s> své ptáky , dočasně utichlé </s><s> za linkami";"klece . </s><s> místo";"</s><s> Kde asi bydlí ? myslí si , když zavěšuje </s><s> na"
"3";"de: němčina";"FIC: beletrie";"SCR: drama";"X: neuvedeno";"X: neuvedeno";"tvrdila , že umí dobře dělat debila . </s><s> Tohle je";"Jeppeho místo .";"</s><s> Když ukáže na něj , tak jdu já . ("
"3";"fr: francouzština";"FIC: beletrie";"SCR: drama";"X: neuvedeno";"X: neuvedeno";"stojí . </s><s> Zacházíte s textem , jako byste byl středem";"světa , místo abyste";"sloužil jeho významu ... </s><s> Dělá to spousta herců , já"
"3";"de: němčina";"FIC: beletrie";"SCR: drama";"X: neuvedeno";"X: neuvedeno";", že chci milovat a že to má tady uvnitř";"mě místo a";"že jsem něžný a jemný – něžný princ , co"
"3";"sv: švédština";"FIC: beletrie";"SCR: drama";"X: neuvedeno";"X: neuvedeno";", který jí kývnutím hlavy naznačí , že je vedle";"něj místo .";"</s><s> Gunilla se tam rychle vydá a schová se u šumařova"
"3";"cs: čeština";"NFC: oborová literatura";"SCI: odborná literatura";"HUM: humanitní vědy";"ANT: antropologie, etnografie";"pochodování v řadách tančí za doprovodu západní popmusic z přinesených";"kazeťáků ; místo aby";"spali pod dozorem na koleji , spí té noci každý"
"3";"fr: francouzština";"NFC: oborová literatura";"SCI: odborná literatura";"HUM: humanitní vědy";"PHI: filozofie, náboženství";"nových nástrojů , bytosti , jejichž vědomí sklouzlo do somnambulismu";"instinktu , místo aby";"se napřímilo a zintenzivnilo v reflektujícím myšlení . </s><s> Takový byl"
"3";"cs: čeština";"NFC: oborová literatura";"SCI: odborná literatura";"HUM: humanitní vědy";"PHI: filozofie, náboženství";"někdy oprávněně soupeřit ? </s><s> Je v prostoru občanské plurality a";"tolerance místo pro";"názorovou netoleranci ? </s><s> Nemusí jít jen o konfesní spory . </s>"
"3";"cs: čeština";"NFC: oborová literatura";"SCI: odborná literatura";"HUM: humanitní vědy";"PHI: filozofie, náboženství";"„ služeb “ si opatřujeme za peníze u zcela cizích";"lidí , místo abychom";"si je dělali sami . </s><s> Stále méně lidí si doma"
"3";"fr: francouzština";"NFC: oborová literatura";"POP: populárně naučná literatura";"HUM: humanitní vědy";"PHI: filozofie, náboženství";"probouzí touhu po přepychu a v důsledku toho i úpadek";"mravů , místo aby";"se omezil na uspokojování základních lidských potřeb . </s><s> Lidé prozkoumávají"
"3";"sk: slovenština";"NFC: oborová literatura";"POP: populárně naučná literatura";"HUM: humanitní vědy";"PHI: filozofie, náboženství";"se rodiče svého syna závislého na drogách exorcizovat od ducha";"drog , místo aby";"začali panikařit , vyčítat ? </s><s> Málokdo si totiž uvědomuje ,"
"3";"fr: francouzština";"NFC: oborová literatura";"POP: populárně naučná literatura";"HUM: humanitní vědy";"PHI: filozofie, náboženství";"kde je odlišnost vnímána jako špatná a kde je z";"principu místo pouze";"pro jediný způsob myšlení . </s><s> Rozdělení v samém srdci muslimského"
"3";"cs: čeština";"NFC: oborová literatura";"SCI: odborná literatura";"HUM: humanitní vědy";"HIS: historie, biografie";"<s> Spolubratry byl oplakán jako laskavý otec , našel dle svého";"přání místo v";"hrobce kostela sv . Františka ve společné řeholní kryptě . </s>"
"3";"en: angličtina";"NFC: oborová literatura";"SCI: odborná literatura";"HUM: humanitní vědy";"MUS: hudba";"chodilo čím dál méně . </s><s> Avšak stupeň neoblíbenosti a všeobecné";"nenávisti , místo co";"by jej pokořily , probudily v něm ještě více zuřivosti"
"3";"en: angličtina";"NFC: oborová literatura";"SCI: odborná literatura";"HUM: humanitní vědy";"MUS: hudba";"by vznikly pěkné hroby , kdyby se vykopaly základy starého";"schodiště ; místo je";"i v nohách . “ </s><s> Toto místo o 110 let"
"3";"en: angličtina";"NFC: oborová literatura";"POP: populárně naučná literatura";"HUM: humanitní vědy";"MUS: hudba";"role studiové kapely a s nadšením se soustředili na natáčení";"desek , místo aby";"svá tvůrčí období museli vtlačit do nabitého programu koncertů a"
"3";"cs: čeština";"NFC: oborová literatura";"SCI: odborná literatura";"HUM: humanitní vědy";"LAN: filologie";"jen ) / Bez konce ( ticho ) – bez";"konce ( místo )";". </s><s> Dvojslovná anafora s rozsáhlými syntaktickými paralelismy . </s><s> V 335"
"3";"fr: francouzština";"NFC: oborová literatura";"POP: populárně naučná literatura";"HUM: humanitní vědy";"LAN: filologie";"dá přednost školácky nemotornému "" on také , ze své";"strany "" , místo aby";"přeložil doslova prosté a krásné opakování Kafkovo : "" Ona"
"3";"cs: čeština";"NFC: oborová literatura";"POP: populárně naučná literatura";"HUM: humanitní vědy";"LAN: filologie";"aby rozdrtil svými sanicemi zakrvácenou dívku . </s><s> Ukáže psovi s";"pahrbku místo ,";"kde těžce dýchá a vyje trpící oběť , a odchází"
"3";"cs: čeština";"NFC: oborová literatura";"POP: populárně naučná literatura";"HUM: humanitní vědy";"LAN: filologie";", bude to méně časté , ale nebudeš ničiti svých";"půvabů , místo abys";"jich získávala . “ </s><s> Jinak sexuálně velmi otevřený , až"
"3";"cs: čeština";"NFC: oborová literatura";"POP: populárně naučná literatura";"HUM: humanitní vědy";"LAN: filologie";", že už tehdy se svému poslání zpronevěřila právě sociální";"demokracie ; místo aby";"tvořila k neoliberalismu protipól a alternativu , převzala jeho slovník"
"3";"cs: čeština";"NFC: oborová literatura";"POP: populárně naučná literatura";"HUM: humanitní vědy";"LAN: filologie";"na literární scénu bildungsromanem Noc čekání , prvním dílem avizované";"trilogie Místo nejstinnější";", vrátil velký Milton Hatoum ( nar . 1952 )"
"3";"cs: čeština";"NFC: oborová literatura";"SCI: odborná literatura";"HUM: humanitní vědy";"INF: knihovnictví, informatika";"inventární čísla , autory , názvy , počet stran ,";"svazků , místo a";"rok vydání , formát a signaturu knih . </s><s> Inventární číslo"
"3";"cs: čeština";"NFC: oborová literatura";"SCI: odborná literatura";"SSC: sociální vědy";"ECO: ekonomie, obchod, logistika";"je zákazník , jeho potřeby a požadavky ) , počet";"zákazníků , místo a";"doba nákupu , nákupní chování atd . , </s><s> ▪ distribuční"
"3";"cs: čeština";"NFC: oborová literatura";"PRO: profesní literatura";"SSC: sociální vědy";"ECO: ekonomie, obchod, logistika";"jejíž jméno nebo řad byl vydán ; údaj o místě";"určení ; místo a";"den vydání náložného listu a dopravcův podpis . </s><s> Při vydání"
"3";"cs: čeština";"NFC: oborová literatura";"PRO: profesní literatura";"SSC: sociální vědy";"ECO: ekonomie, obchod, logistika";"věcí , zůstaneme „ in flow “ , v proudu";"řeky , místo abychom";"stále někam – a většinou proti proudu – sveřepě pádlovali"
"3";"en: angličtina";"NFC: oborová literatura";"POP: populárně naučná literatura";"SSC: sociální vědy";"ECO: ekonomie, obchod, logistika";"investovat do technologií a strojů , potřebných k výrobě lepších";"automobilů , místo aby";"lobbovala za ochranu , skupovala menší konkurenty a měnila se"
"3";"en: angličtina";"NFC: oborová literatura";"POP: populárně naučná literatura";"SSC: sociální vědy";"ECO: ekonomie, obchod, logistika";"učitele , proto se obvykle akademici honí za počty bezvýznamných";"publikací , místo aby";"objevovali neznámé věci . </s><s> Druhým ze zmíněných trendů je odpor"
"3";"cs: čeština";"NFC: oborová literatura";"POP: populárně naučná literatura";"SSC: sociální vědy";"ECO: ekonomie, obchod, logistika";"svých schopností , pro jakoukoliv individuální pohodlnost není kvůli zájmu";"celku místo .";", Nejhorší ‘ ( kakitos ) člověk je ten ,"
"3";"cs: čeština";"NFC: oborová literatura";"POP: populárně naučná literatura";"SSC: sociální vědy";"PSY: psychologie";"klíčovou dovednost – umět opouštět komfortní zónu … </s><s> Komfortní zóna";"davu , místo ,";"kde se rodí zlo </s><s> Z novin jsem se dozvěděl ,"
"3";"en: angličtina";"NFC: oborová literatura";"POP: populárně naučná literatura";"SSC: sociální vědy";"PSY: psychologie";"rozvrhu , kdy budou nejspíš přehnaně lpět na počítání každé";"minuty , místo aby";"se do činností zcela ponořili , což je v případě"
"3";"cs: čeština";"NFC: oborová literatura";"POP: populárně naučná literatura";"SSC: sociální vědy";"PSY: psychologie";". </s><s> Jenže když přijede Zbyněk po čtyřech dnech ze služební";"cesty , místo aby";"dal ženě pusu a objal děti , začne nejprve drbat"
"3";"cs: čeština";"NFC: oborová literatura";"POP: populárně naučná literatura";"SSC: sociální vědy";"PSY: psychologie";"dítě umlčeno dospělým , který bere jeho projev jako nerespektování";"autority , místo aby";"mu naslouchal , může dítě přijmout vzorce chování , které"
"3";"en: angličtina";"NFC: oborová literatura";"SCI: odborná literatura";"SSC: sociální vědy";"SOC: sociologie";"vykázány na pozice "" ran osudu "" a "" fatálních";"nehod "" , místo aby";"prosakovaly do běhu každodenního života . </s><s> Ale především : všechny"
"3";"en: angličtina";"NFC: oborová literatura";"SCI: odborná literatura";"SSC: sociální vědy";"SOC: sociologie";"byl vymezen ( poté , co byli vyloučeni z jiného";"prostoru ) , místo ,";"odkud "" nemají dovoleno vykročit "" . </s><s> Stojí za připomenutí"
"3";"cs: čeština";"NFC: oborová literatura";"SCI: odborná literatura";"SSC: sociální vědy";"SOC: sociologie";"kde se koncentruje světový průmysl a lidé ze všech částí";"světa , místo ,";"kde se „ tvoří světové zprávy “ ( s ."
"3";"en: angličtina";"NFC: oborová literatura";"SCI: odborná literatura";"SSC: sociální vědy";"SOC: sociologie";", že „ život se dnes stále víc odehrává prostřednictvím";"archivu , místo aby";"v něm byl prostě ukládán “ ( 2008 : 82"
"3";"cs: čeština";"NFC: oborová literatura";"POP: populárně naučná literatura";"SSC: sociální vědy";"SOC: sociologie";"muž se v nejcitlivějším období ženy brzy po porodu dopustí";"nevěry , místo aby";"společnou intimitu chránil ode všech nevítaných podnětů zvenčí . </s><s> Důvěra"
"3";"cs: čeština";"NFC: oborová literatura";"SCI: odborná literatura";"SSC: sociální vědy";"REC: sport, rekreace, hobby";"<s> V některých případech se název lázeňského místa neshoduje s názvem";"lázní ( místo Osečná";"- Lázně Kundratice , Velichovky – Anenské slatinné lázně ,"
"3";"en: angličtina";"NFC: oborová literatura";"POP: populárně naučná literatura";"SSC: sociální vědy";"REC: sport, rekreace, hobby";"cestou neznamená nic jiného než spolupracovat s přirozeným systémem své";"kůže , místo abychom";"proti němu bojovali arzenálem naládovaným chemikáliemi . </s><s> K holistické péči"
"3";"cs: čeština";"NFC: oborová literatura";"PRO: profesní literatura";"SSC: sociální vědy";"EDU: pedagogika";"dítě "" a paradoxně pak vozí dítě z kroužku do";"kroužku , místo aby";"s ním dělali obyčejné věci , které by mu daly"
"3";"cs: čeština";"NFC: oborová literatura";"SCI: odborná literatura";"NAT: přírodní vědy";"BIO: biologie";"každoročně prodlužována . </s><s> Veřejná sbírka Místo pro přírodu </s><s> Cílem veřejné";"sbírky Místo pro";"přírodu je získání finančních prostředků na výkupy cenných přírodních lokalit"
"3";"cs: čeština";"NFC: oborová literatura";"POP: populárně naučná literatura";"NAT: přírodní vědy";"BIO: biologie";", dusné a hlučné město , zásobované pšenicí odkudsi z";"Argentiny , místo ,";"kam budou Číňané outsourcovat výroby , které nebudou chtít mít"
"3";"cs: čeština";"NFC: oborová literatura";"POP: populárně naučná literatura";"NAT: přírodní vědy";"BIO: biologie";"které místo našly , se rozdělily do všech pěti identických";"budek , místo aby";"si vybraly jen jednu z nich . </s><s> Kontrolním rojům badatelé"
"3";"cs: čeština";"NFC: oborová literatura";"POP: populárně naučná literatura";"NAT: přírodní vědy";"BIO: biologie";"však v naprosté většině stále zůstává jen na úrovni stavebních";"úprav , místo aby";"své myšlení , znalosti a inteligenci zaměřili na zadržení a"
"3";"en: angličtina";"NFC: oborová literatura";"POP: populárně naučná literatura";"NAT: přírodní vědy";"PHY: fyzika";"jakmile se dostane do přítomnosti síranů ( sloučenin síry a";"kyslíku ) , místo aby";"nechal elektrony nesoucí energii nevyužité , přenese je do míst"
"3";"fr: francouzština";"NFC: oborová literatura";"POP: populárně naučná literatura";"NAT: přírodní vědy";"PHY: fyzika";"odpuzuje vše , co je kolem ní . </s><s> Zrychluje vzdalování";"galaxií , místo aby";"ho zpomalovala . </s><s> Stejně jako u temné hmoty neznáme její"
"3";"cs: čeština";"NFC: oborová literatura";"PRO: profesní literatura";"NAT: přírodní vědy";"MED: lékařství";". 2015 , 16 . 30 – 18 . 00";"hodin Místo :";"Praha 5 , Lékařská 2 , Klub ČLK Délka :"
"3";"it: italština";"NFC: oborová literatura";"POP: populárně naučná literatura";"NAT: přírodní vědy";"MED: lékařství";", zbytek se hromadí . </s><s> Když je enormní přísun výživných";"látek , místo aby";"se vylučovaly , uváznou v našem těle , dochází k"
"3";"en: angličtina";"NFC: oborová literatura";"POP: populárně naučná literatura";"NAT: přírodní vědy";"MED: lékařství";"<s> Zrovna jsem pozici opouštěl a povídal si s partnerem vedle";"sebe , místo abych";"se soustředil na to , co dělám . </s><s> A záda"
"3";"en: angličtina";"NFC: oborová literatura";"POP: populárně naučná literatura";"NAT: přírodní vědy";"MED: lékařství";"na jejich vaginy , jako by to byl pravý začátek";"milování , místo aby";"na to přišlo až v samotném závěru dlouhého a složitého"
"3";"en: angličtina";"NFC: oborová literatura";"POP: populárně naučná literatura";"FTS: formální a technické vědy";"MAT: matematika";"sebedivnější – na číselné ose leží . </s><s> Ale s trochou";"fantazie místo pro";"i nalezneme . </s><s> Přebývá mimo číselnou osu , kolmo na"
"3";"en: angličtina";"NFC: oborová literatura";"POP: populárně naučná literatura";"FTS: formální a technické vědy";"MAT: matematika";"obrazu či způsoby , jimiž zručný napodobitel vystihuje celkovou atmosféru";"obrazu , místo aby";"jen otrocky reprodukoval nejminiaturnější detaily . </s><s> Další zajímavé uplatnění má"
"3";"cs: čeština";"NFC: oborová literatura";"PRO: profesní literatura";"FTS: formální a technické vědy";"TEC: technika";"zanedbané a částečně opuštěné periferii centra města . </s><s> Díky záměru";"investora místo postupně";"oživit byla rekonstruována budova bývalé kotelny a zámečnické dílny ,"
"3";"cs: čeština";"NFC: oborová literatura";"PRO: profesní literatura";"FTS: formální a technické vědy";"TEC: technika";"tomuto způsobu výroby energie . </s><s> Řada politiků placených z veřejných";"fondů , místo aby";"veřejnosti podala pravdivou informaci , volí nejsnazší a zároveň nejzbabělejší"
"3";"cs: čeština";"NFC: oborová literatura";"PRO: profesní literatura";"FTS: formální a technické vědy";"TEC: technika";"a nápravy </s><s> Nejčastější provedení Lions City nabízí při délce 11,98";"metru místo pro";"27 nebo 36 sedících cestujících ve verzích LF , resp"
"3";"cs: čeština";"NFC: oborová literatura";"PRO: profesní literatura";"FTS: formální a technické vědy";"TEC: technika";"umístěných . ** </s><s> ZÁKLADNÍ ÚDAJE O STAVBĚ Rodný dům Ferdinanda";"Porsche Místo :";"Vratislavice n . N . , Tanvaldská 38 Investor :"
"3";"cs: čeština";"NFC: oborová literatura";"POP: populárně naučná literatura";"FTS: formální a technické vědy";"TEC: technika";"bund , klobouků , čepic , šál , rukavic a";"deštníků , místo v";"ní najdou také cestovní zavazadla , sportovní vybavení a další"
"3";"cs: čeština";"NFC: oborová literatura";"POP: populárně naučná literatura";"FTS: formální a technické vědy";"TEC: technika";"EcoBlue ( 157 kW , 500 Nm ) , kolem";"nějž místo pod";"kapotou zabírá hlavně příslušenství a rozvody má poháněné řemenem . </s>"
"3";"cs: čeština";"NFC: oborová literatura";"SCI: odborná literatura";"FTS: formální a technické vědy";"ICT: výpočetní technika";". snowflake - model . </s><s> Podívejme se například na tabulku";"dimenze místo uvedenou";"na obr . 10 . 11 . </s><s> Vidíme , že"
"3";"cs: čeština";"NFC: oborová literatura";"PRO: profesní literatura";"FTS: formální a technické vědy";"ICT: výpočetní technika";". </s><s> ITIL se také příliš zaměřoval na realizaci agendy IT";"oddělení , místo aby";"se věnoval hodnotě , výstupům , nákladům a rizikům pro"
"3";"cs: čeština";"NFC: oborová literatura";"POP: populárně naučná literatura";"FTS: formální a technické vědy";"ICT: výpočetní technika";") a pro každou takovou skupinu vyhraďte na určité části";"plochy místo .";"</s><s> V dnešní době velkých monitorů jednotlivé oblasti snadno opticky oddělíte"
"3";"cs: čeština";"NFC: oborová literatura";"POP: populárně naučná literatura";"ITD: interdisciplinární";"ITD: interdisciplinární";"zkratkou LPG , který má i díky husté síti čerpacích";"stanic místo asi";"ve 200 tisících vozidlech . </s><s> Osud LPG je spojen s"
"3";"cs: čeština";"NFC: oborová literatura";"POP: populárně naučná literatura";"ITD: interdisciplinární";"ITD: interdisciplinární";". - Nr . : PK338 </s><s> 2 . Konec Babické";"chodby , místo ,";"kde je patrně zasypaný vstup do Urbánkova Výpustku . 3"
"3";"cs: čeština";"NFC: oborová literatura";"POP: populárně naučná literatura";"ITD: interdisciplinární";"ITD: interdisciplinární";"ani dnes není otevřeno návštěvníkům . </s><s> Dlouhá doba , během";"níž místo leželo";"v zapomnění , jistě umožnila vandalům plenit a uloupit umělecká"
"3";"cs: čeština";"NFC: oborová literatura";"POP: populárně naučná literatura";"ITD: interdisciplinární";"ITD: interdisciplinární";"nedá se odnést najednou , vosy si před odletem do";"hnízda místo pořádně";"prohlédnou z více úhlů , aby trefily zpět . </s><s> Skvěle"
"3";"cs: čeština";"NFC: oborová literatura";"MEM: memoáry, autobiografie";"MEM: memoáry, autobiografie";"MEM: memoáry, autobiografie";"A Baudelaire byl pro marxisty "" obětí kapitalistické pseudo -";"morálky "" místo aby";"byl ohromným básníkem a nešťastným člověkem - a Chaplin místo"
"3";"de: němčina";"NFC: oborová literatura";"MEM: memoáry, autobiografie";"MEM: memoáry, autobiografie";"MEM: memoáry, autobiografie";"na návštěvu a stávalo se , že vstupovali dovnitř oknem";"dílny , místo aby";"použili normální cestu . </s><s> Zkrátka , byli jsme mladí ,"
"3";"cs: čeština";"NFC: oborová literatura";"MEM: memoáry, autobiografie";"MEM: memoáry, autobiografie";"MEM: memoáry, autobiografie";"sem od východu spolu se studenými větry činí z tohoto";"pobřeží místo ,";"které není příliš bezpečné pro námořní plavbu . </s><s> Búrové nazvali"
"3";"pl: polština";"NFC: oborová literatura";"MEM: memoáry, autobiografie";"MEM: memoáry, autobiografie";"MEM: memoáry, autobiografie";"na Kolumbijské univerzitě zvládla natolik znamenitě , že získala bez";"potíží místo na";"Smith College v Northamptonu , což byla vynikající univerzita . </s>"
"3";"cs: čeština";"NFC: oborová literatura";"MEM: memoáry, autobiografie";"MEM: memoáry, autobiografie";"MEM: memoáry, autobiografie";", kterými jsou věkovitý prales a bývalá stanice pro repatriaci";"orangutanů , místo spartánské";", a tím vlastně privilegované . </s><s> No , dotáhneme tam"
"3";"en: angličtina";"NFC: oborová literatura";"MEM: memoáry, autobiografie";"MEM: memoáry, autobiografie";"MEM: memoáry, autobiografie";"se ti . “ </s><s> Když jsem se opovážil přejít do";"chůze , místo abych";"do kopce běžel , Ian prohodil : „ Tim do"
"3";"cs: čeština";"NFC: oborová literatura";"ADM: administrativa";"ADM: administrativa";"ADM: administrativa";"místo štábu , </s><s> o ) prostor pro poskytnutí přednemocniční neodkladné";"péče - místo pro";"soustředění </s><s> zraněných osob , vybrané po poradě s vedoucím zdravotnické"
"3";"cs: čeština";"NFC: oborová literatura";"ADM: administrativa";"ADM: administrativa";"ADM: administrativa";"v tunelech je třeba : </s><s> a ) zřídit štáb velitele";"zásahu , místo pro";"týl a k umístění a evidenci zraněných , označit místo"
"3";"cs: čeština";"NFC: oborová literatura";"ADM: administrativa";"ADM: administrativa";"ADM: administrativa";"Portálu farmáře </s><s> 2 . Základní údaje o zakázce - název";"zakázky , místo /";"místa realizace zakázky , druh zakázky , lhůta , tj"
"3";"cs: čeština";"NFC: oborová literatura";"ADM: administrativa";"ADM: administrativa";"ADM: administrativa";". 172 / 2016 Sb . , minimálně 30 kalendářních";"dnů , místo pro";"podání nabídek , kontaktní email , povinně lze vyplnit předpokládanou"
"3";"cs: čeština";"NFC: oborová literatura";"ADM: administrativa";"ADM: administrativa";"ADM: administrativa";"hodin </s><s> Neděle 18 . února 2018 od 11 . 00";"hodin </s><s> Místo";"</s><s> Praha - hala Otakara Jandery ve Stromovce , areál OLYMP"
"3";"cs: čeština";"NFC: oborová literatura";"ADM: administrativa";"ADM: administrativa";"ADM: administrativa";". po dobu 30 dnů od počátku stěhování ) ;";"Z místo ,";"kam byl předmět pojištění přemístěn v důsledku bezprostředně hrozící nebo"
"3";"cs: čeština";"NMG: publicistika";"NEW: tradiční publicistika";"X: neuvedeno";"NTW: celostátní tisk";"musí dříve či později uchopit politiku jako sféru realizace lidských";"potřeb - místo ,";"kde se střetávají nejrůznější ekonomické zájmy zúčastněných . </s><s> Držíme -"
"3";"cs: čeština";"NMG: publicistika";"NEW: tradiční publicistika";"X: neuvedeno";"NTW: celostátní tisk";"Hegel a Marx ) . </s><s> Považuji to za dar z";"nebes - místo abych";"si nastudovával levicovou teorii ve svém volném čase po brněnských"
"3";"cs: čeština";"NMG: publicistika";"NEW: tradiční publicistika";"X: neuvedeno";"NTW: celostátní tisk";"<s> Dotace mají tyto neduhy kompenzovat a udělat i ze zapadlé";"vísky místo pro";"providery lukrativní . </s><s> Stát by jim tak měl podle určitých"
"3";"cs: čeština";"NMG: publicistika";"NEW: tradiční publicistika";"X: neuvedeno";"NTW: celostátní tisk";"převrat a v nových pořádcích už nebylo pro zpěvačku jejího";"typu místo .";"</s><s> Plně se to ukázalo v únoru 1951 : v pražské"
"3";"cs: čeština";"NMG: publicistika";"NEW: tradiční publicistika";"X: neuvedeno";"NTW: celostátní tisk";", a to je možná horší , ukořistit tam bez";"rezervace místo bývá";"často problém , evidentně nejsem sama , kdo to tam"
"3";"cs: čeština";"NMG: publicistika";"NEW: tradiční publicistika";"X: neuvedeno";"NTW: celostátní tisk";"hledalo alespoň nějaké řešení . </s><s> Nyní vedou EU do slepé";"uličky , místo aby";"se skutečně hledalo něco , co vyřešení problému skutečně pomůže"
"3";"cs: čeština";"NMG: publicistika";"NEW: tradiční publicistika";"X: neuvedeno";"NTW: celostátní tisk";"se jako v posledních dnech . </s><s> Pak má v kádru";"Liberce místo ,";"“ naznačil Trpišovský . </s><s> Když jsem dostal příležitost , bojoval"
"3";"cs: čeština";"NMG: publicistika";"NEW: tradiční publicistika";"X: neuvedeno";"NTW: celostátní tisk";"třídu “ , a sice třídu mladých lidí jakožto pasivních";"konzumentů , místo aby";"je motivoval k vytváření nezávislých sociálních skupin , zpochybňujících přechod"
"3";"cs: čeština";"NMG: publicistika";"NEW: tradiční publicistika";"X: neuvedeno";"NTW: celostátní tisk";"institucí . </s><s> Evropa tak vyváží ochranu svého bezpečí na okraj";"kontinentu , místo aby";"se jí postavila čelem s jasným plánem , odvahou a"
"3";"cs: čeština";"NMG: publicistika";"NEW: tradiční publicistika";"X: neuvedeno";"NTW: celostátní tisk";"do slušné společnosti . </s><s> „ Ploty nemají v Evropě jednadvacátého";"století místo ,";"“ hřímal v reakci na Orbána eurokomisař pro migraci Dimitris"
"3";"cs: čeština";"NMG: publicistika";"NEW: tradiční publicistika";"X: neuvedeno";"NTW: celostátní tisk";"dostat na frak většina . </s><s> LN Má v té rekonstrukci";"pravice místo i";"případná užší spolupráce s TOP 09 ? </s><s> Nejsem ve vedení"
"3";"cs: čeština";"NMG: publicistika";"NEW: tradiční publicistika";"X: neuvedeno";"NTW: celostátní tisk";"svých rozhodnutí . </s><s> Třeba tím , že sestavuje „ koalici";"ochotných “ , místo aby";"se snažilo postavit EU ( či alespoň její západ )"
"3";"cs: čeština";"NMG: publicistika";"NEW: tradiční publicistika";"X: neuvedeno";"NTW: celostátní tisk";"Mrzí mě , když mě vlastní předseda obviňuje z předvolební";"rétoriky , místo aby";"mě pochválil za dodržování stranických slibů , “ řekl v"
"3";"cs: čeština";"NMG: publicistika";"NEW: tradiční publicistika";"X: neuvedeno";"NTW: celostátní tisk";"ovšem mluví o ceně zhruba třetinové . </s><s> Prozatím by podle";"Procházky místo mělo";"dostat „ podobu , která bude vizuálně zajímavá a zároveň"
"3";"cs: čeština";"NMG: publicistika";"NEW: tradiční publicistika";"X: neuvedeno";"NTW: celostátní tisk";"ty notové ukázky – peklo ) a o zpropadené Jízdě";"králů , místo aby";"je přeskočil , ať se přihlásí ! </s><s> 9 MILAN KUNDERA"
"3";"cs: čeština";"NMG: publicistika";"NEW: tradiční publicistika";"X: neuvedeno";"NTW: celostátní tisk";"velmi neústrojná podmínka nad rámec ústavy , která komplikuje sestavování";"vlády , místo aby";"mu pomáhala . </s><s> Jak dlouho může vládnout v demisi kabinet"
"3";"cs: čeština";"NMG: publicistika";"NEW: tradiční publicistika";"X: neuvedeno";"NTW: celostátní tisk";"Karpatech </s><s> Bílé Karpaty </s><s> Český svaz ochránců přírody vykoupil v rámci";"sbírky Místo pro";"přírodu další část více než stoletého lesa v Bílých Karpatech"
"3";"cs: čeština";"NMG: publicistika";"NEW: tradiční publicistika";"X: neuvedeno";"NTW: celostátní tisk";"postupují další přípravy , jejichž cílem je během několika málo";"měsíců místo oživit";". </s><s> „ Budeme se snažit , abychom Kasárna Karlín otevřeli"
"3";"cs: čeština";"NMG: publicistika";"NEW: tradiční publicistika";"X: neuvedeno";"NTW: celostátní tisk";"pro nás vlastně misijnímu území , a obětovat ve prospěch";"Starostů místo na";"kandidátce , ano , slezete o jednu o dvě příčky"
"3";"cs: čeština";"NMG: publicistika";"NEW: tradiční publicistika";"X: neuvedeno";"NTW: celostátní tisk";"alokovalo prostředky přinejmenším z VHČ bytového hospodářství do svého bytového";"fondu , místo aby";"deklarovalo úspory a vynášelo finance jinam . </s><s> » Chybějící dlouhodobý"
"3";"cs: čeština";"NMG: publicistika";"NEW: tradiční publicistika";"X: neuvedeno";"NTW: celostátní tisk";", přestěhoval . </s><s> Každý nabízený dům má plně vybavené kancelářské";"prostory , místo pro";"schůzky a porady , velkou společenskou místnost a prostory pro"
"3";"cs: čeština";"NMG: publicistika";"NEW: tradiční publicistika";"X: neuvedeno";"NTW: celostátní tisk";"instalaci / studio AEIOU </s><s> Literární lavička ˇ přinášející do veřejného";"prostoru místo k";"posezení a čtení / studio AEIOU </s><s> Park na Moravském náměstí"
"3";"cs: čeština";"NMG: publicistika";"NEW: tradiční publicistika";"X: neuvedeno";"NTW: celostátní tisk";"na programu 18 . dubna , finále pak 9 .";"května , místo bude";"teprve určeno . </s><s> Iniesta : Messi je naše požehnání </s><s> Léta"
"3";"cs: čeština";"NMG: publicistika";"NEW: tradiční publicistika";"X: neuvedeno";"NTW: celostátní tisk";"české strojírny , které ještě lapají po dechu z minulé";"krize , místo aby";"už připravovaly opatření na nadcházející zpomalení , střídal mnohdy až"
"3";"cs: čeština";"NMG: publicistika";"NEW: tradiční publicistika";"X: neuvedeno";"NTW: celostátní tisk";"Annegret Krampové Karrenbauerové , protože chce vylepšovat výzbroj a připravenost";"Bundeswehru , místo aby";"vláda tyto „ vyhozené peníze “ dala na sociální politiku"
"3";"cs: čeština";"NMG: publicistika";"NEW: tradiční publicistika";"X: neuvedeno";"NTW: celostátní tisk";"Byčkov s Českou filharmonií natočili , našlo vedle tří klavírních";"koncertů místo šest";"Čajkovského symfonií , dále nečíslovaná velká symfonie Manfred , symfonické"
"3";"cs: čeština";"NMG: publicistika";"NEW: tradiční publicistika";"X: neuvedeno";"NTW: celostátní tisk";". red . ) v Ústavu etnologie Filozofické fakulty Univerzity";"Karlovy místo ,";"“ říká docent Jakoubek . </s><s> Rozhovor s děkanem FF UK"
"3";"cs: čeština";"NMG: publicistika";"NEW: tradiční publicistika";"X: neuvedeno";"NTW: celostátní tisk";"jeho okolí upraveny do současné podoby . </s><s> „ V rámci";"projektu Místo pro";"přírodu ročně vykoupíme a upravíme několik hektarů plochy . </s><s> Dnes"
"3";"cs: čeština";"NMG: publicistika";"NEW: tradiční publicistika";"X: neuvedeno";"NTW: celostátní tisk";"v počítači , nebo na papíru , je to ztráta";"času , místo abyste";"mohli léčit , “ komentuje spory kolem e-neschopenky Petr Šonka"
"3";"cs: čeština";"NMG: publicistika";"NEW: tradiční publicistika";"X: neuvedeno";"NTW: celostátní tisk";"pohybuje zhruba pět tisíc lidí , se medvědi dávají do";"pohybu , místo aby";"spali a přemísťovali se v noci , “ říká Václav"
"3";"cs: čeština";"NMG: publicistika";"NEW: tradiční publicistika";"X: neuvedeno";"NTW: celostátní tisk";"pohybuje zhruba pět tisíc lidí , se medvědi dávají do";"pohybu , místo aby";"spali a přemisťovali se v noci . </s><s> Jsou rušeni a"
"3";"cs: čeština";"NMG: publicistika";"NEW: tradiční publicistika";"X: neuvedeno";"NTW: celostátní tisk";"výsledku jsou developeři nuceni jít do jednodušších lokalit na okraje";"měst , místo aby";"víc zalidnili centra , kde je prosazení stavby velmi zdlouhavé"
"3";"cs: čeština";"NMG: publicistika";"NEW: tradiční publicistika";"X: neuvedeno";"NTW: celostátní tisk";"aktivisty Pavla Čikova mají policisté hlavního města v celách předběžného";"zadržení místo nanejvýš";"pro 1500 lidí . </s><s> „ SICE NEVYHRAJEME , ALE NEMŮŽEME"
"3";"cs: čeština";"NMG: publicistika";"NEW: tradiční publicistika";"X: neuvedeno";"REG: regionální tisk";"vychází z výzvy Nadace Via , která vyhlásila desátý ročník";"programu Místo ,";"kde žijeme . </s><s> Finančním grantem má podpořit pět žadatelů ,"
"3";"cs: čeština";"NMG: publicistika";"NEW: tradiční publicistika";"X: neuvedeno";"REG: regionální tisk";", aby měli , při tak velké návštěvnosti nejvyššího vrcholu";"Beskyd , místo pro";"odpočinek a občerstvení . </s><s> KČT Hukvaldy zorganizoval už 34 ."
"3";"cs: čeština";"NMG: publicistika";"NEW: tradiční publicistika";"X: neuvedeno";"REG: regionální tisk";"musí platit Brno , které se navíc zbytečně rozrůstá do";"okolí , místo aby";"se zahušťovala již existující zástavba . </s><s> Dle ČSÚ bylo za"
"3";"cs: čeština";"NMG: publicistika";"NEW: tradiční publicistika";"X: neuvedeno";"REG: regionální tisk";"musí platit Brno , které se navíc zbytečně rozrůstá do";"okolí , místo aby";"se zahušťovala již existující zástavba . </s><s> Brno je krásné město"
"3";"cs: čeština";"NMG: publicistika";"NEW: tradiční publicistika";"X: neuvedeno";"REG: regionální tisk";"a blokového čištění Městského úřadu v Kutné Hoře . </s><s> Podle";"něj místo ,";"kde se dlažba propadla , zkontroloval hned 23 . září"
"3";"cs: čeština";"NMG: publicistika";"NEW: tradiční publicistika";"X: neuvedeno";"REG: regionální tisk";"nechtěli , protože právě absence téměř veškeré dopravy dělá ze";"Zlámance místo ,";"proč zde zde rádi žijeme . </s><s> Asfaltová cesta na Doubravy"
"3";"cs: čeština";"NMG: publicistika";"NEW: tradiční publicistika";"X: neuvedeno";"REG: regionální tisk";"zaměřených akcí . </s><s> Jsme kraj kultury a sportu </s><s> Podle aktuálního";"výzkumu Místo pro";"život naopak Zlínský kraj trápí vysoká nezaměstnanost a nedostatek nemocniční"
"3";"cs: čeština";"NMG: publicistika";"NEW: tradiční publicistika";"X: neuvedeno";"REG: regionální tisk";"bezpečí a zájem obyvatel o dění v regionu , podle";"průzkumu Místo pro";"život , jsou největšími pozitivy Kraje Vysočina . </s><s> Právě pocit"
"3";"cs: čeština";"NMG: publicistika";"NEW: tradiční publicistika";"X: neuvedeno";"REG: regionální tisk";"v okolí , které byly neprodejné , a učinil z";"Mimoně místo ,";"kde nikdo nechtěl žít . </s><s> Bude tomu jinak ? </s><s> V"
"3";"cs: čeština";"NMG: publicistika";"NEW: tradiční publicistika";"X: neuvedeno";"REG: regionální tisk";"bylo i měření . </s><s> Hasičský záchranný sbor Teva po odvětrání";"budovy místo kontroloval";", aby nedošlo k samovznícení , “ doplnil ještě René"
"3";"cs: čeština";"NMG: publicistika";"NEW: tradiční publicistika";"X: neuvedeno";"REG: regionální tisk";"místě velkoplošné holoseče vyroste tráva a objeví se různé druhy";"rostlin , místo osídlí";"hlodavci a další obratlovci – hostitelé klíštěte obecného . </s><s> Na"
"3";"cs: čeština";"NMG: publicistika";"NEW: tradiční publicistika";"X: neuvedeno";"REG: regionální tisk";"stanice Cheb . </s><s> Nakonec se jednalo o lehkou nehodu bez";"zranění , místo si";"převzala policie a hasiči se mohli vrátit na základny . </s>"
"3";"cs: čeština";"NMG: publicistika";"NEW: tradiční publicistika";"X: neuvedeno";"REG: regionální tisk";"za metodické a finanční pomoci Nadace Via chystá spuštění komunitního";"projektu „ Místo ,";"kde žijeme ... “ , který takové místo pomůže vytvořit"
"3";"cs: čeština";"NMG: publicistika";"NEW: tradiční publicistika";"X: neuvedeno";"REG: regionální tisk";"městem Valašské Meziříčí podařilo toto hřiště opravit a udělat z";"něj místo ,";"které nejen přispěje ke zkvalitnění zdejší dopravní výuky , ale"
"3";"cs: čeština";"NMG: publicistika";"NEW: tradiční publicistika";"X: neuvedeno";"REG: regionální tisk";"prostranství v centru obce podpořila Nadace Via v rámci svého";"programu Místo ,";"kde žijeme . </s><s> Město Krásno je jednou z osmi podpořených"
"3";"cs: čeština";"NMG: publicistika";"NEW: tradiční publicistika";"X: neuvedeno";"REG: regionální tisk";". </s><s> Přesto se může stát , že děti mladší tří";"let místo ve";"školce nedostanou . </s><s> V mateřských školách v Klatovech , v"
"3";"cs: čeština";"NMG: publicistika";"NEW: tradiční publicistika";"X: neuvedeno";"REG: regionální tisk";"deštivém počasí . </s><s> Zkusila jsem to jednou a od té";"doby místo objíždím";"po trávě , “ rozčílila se . </s><s> Kočár ji prý"
"3";"cs: čeština";"NMG: publicistika";"NEW: tradiční publicistika";"X: neuvedeno";"REG: regionální tisk";"v současnoti mohou lidé na Nových sadech otestovat různé druhy";"laviček , místo rozhodně";"k posezení nevybízí . </s><s> Fotbalový stadion za Lužánkami </s><s> Děti ,"
"3";"cs: čeština";"NMG: publicistika";"LEI: volnočasová publicistika";"X: neuvedeno";"HOU: bydlení, zahrada, hobby";"PŘEDSTAVÍME IKONICKOU KONVICI . </s><s> Vytvořit z pět set let staré";"usedlosti místo ,";"které nežije jen z tradice , dá práci . </s><s> V"
"3";"cs: čeština";"NMG: publicistika";"LEI: volnočasová publicistika";"X: neuvedeno";"HOU: bydlení, zahrada, hobby";"<s> Úkol zněl jasně . </s><s> Udělat z dosud ‚ miminkovského ‘";"pokojíku místo pro";"velkou prvňačku a její o tři roky mladší sestru ,"
"3";"cs: čeština";"NMG: publicistika";"LEI: volnočasová publicistika";"X: neuvedeno";"HOU: bydlení, zahrada, hobby";"a odpočinek , vyčlenit jednotlivé zóny a dopřát každému z";"dětí místo ,";"které je jenom jeho . </s><s> To je základ . </s><s> Sourozencům"
"3";"cs: čeština";"NMG: publicistika";"LEI: volnočasová publicistika";"X: neuvedeno";"HOU: bydlení, zahrada, hobby";"musí mít přístup k oknu , resp . dostatek denního";"světla , místo ke";"spaní a odpočinku a prostor na přípravu do školy a"
"3";"cs: čeština";"NMG: publicistika";"LEI: volnočasová publicistika";"X: neuvedeno";"HOU: bydlení, zahrada, hobby";"užít stejně , jako když se jdete najíst do dobré";"restaurace , místo abyste";"si koupili něco u benzinky . </s><s> Cíl je nenakupovat tak"
"3";"cs: čeština";"NMG: publicistika";"LEI: volnočasová publicistika";"X: neuvedeno";"LIF: životní styl";"dun se nachází poblíž Lisabonu , a přitom uprostřed přírodní";"rezervace , místo je";"zajímavé i tím , že se tu soustřeďují významní portugalští"
"3";"cs: čeština";"NMG: publicistika";"LEI: volnočasová publicistika";"X: neuvedeno";"LIF: životní styl";"přirozeně dodává cit a empatii . </s><s> Jde to z její";"podstaty - místo aby";"životy brala , tak je dává . </s><s> Myslím , že"
"3";"cs: čeština";"NMG: publicistika";"LEI: volnočasová publicistika";"X: neuvedeno";"LIF: životní styl";"nic snazšího než zpřístupnit dětem vlastní zahradu a učinit z";"ní místo ,";"kde budou moct trávit čas po svém , a přitom"
"3";"cs: čeština";"NMG: publicistika";"LEI: volnočasová publicistika";"X: neuvedeno";"LIF: životní styl";"dočká zklamání . </s><s> Víte proč ? </s><s> Protože to čeká od";"partnera , místo aby";"sám převzal odpovědnost za svůj nezdravě nastavený vnitřní vzor . </s>"
"3";"cs: čeština";"NMG: publicistika";"LEI: volnočasová publicistika";"X: neuvedeno";"LIF: životní styl";"Prahy a největší obývaný hrad na světě . </s><s> Sídlo českého";"prezidenta , místo ,";"kde jsou uloženy korunovační klenoty a kudy doslova a do"
"3";"cs: čeština";"NMG: publicistika";"LEI: volnočasová publicistika";"X: neuvedeno";"LIF: životní styl";"slavné klasiky , objevovat nové umělecké talenty a učinit z";"muzea místo ,";"kde budou lidé chtít obojí obdivovat . </s><s> K jejím vedlejším"
"3";"cs: čeština";"NMG: publicistika";"LEI: volnočasová publicistika";"X: neuvedeno";"LIF: životní styl";". 1 , stojí to za to . </s><s> 6 Svět";"techniky : místo ,";"kde jsou JENOM zajímavé věci . </s><s> VÁŠ NÁZOR </s><s> Zaujal vás"
"3";"cs: čeština";"NMG: publicistika";"LEI: volnočasová publicistika";"X: neuvedeno";"LIF: životní styl";"<s> Historie nabídla miliony klobouků a všechny měly na hlavách svých";"nositelů místo .";"</s><s> Dávaly lidem důstojnost , doslova je vyvyšovaly nad ostatní ,"
"3";"cs: čeština";"NMG: publicistika";"LEI: volnočasová publicistika";"X: neuvedeno";"SCT: společenský život";"? </s><s> Je někde zakotvena povinnost uvolnit v prostředcích městské hromadné";"dopravy místo k";"sezení starším lidem , invalidům nebo těhotným ? </s><s> A lze"
"3";"cs: čeština";"NMG: publicistika";"LEI: volnočasová publicistika";"X: neuvedeno";"SCT: společenský život";", hvězda Něžných vln a dcera Stašové a Táborského ze";"seriálu Místo nahoře";"</s><s> Ahoj , jsem Izabel , 18 let 168 / 50"
"3";"cs: čeština";"NMG: publicistika";"LEI: volnočasová publicistika";"X: neuvedeno";"SCT: společenský život";"řádění upírů , ale poskytovali jim , jako způsob jejich";"zneškodnění , místo na";"posvěcené půdě . </s><s> Nejspíš i z tohoto důvodu byl poslední"
"3";"cs: čeština";"NMG: publicistika";"LEI: volnočasová publicistika";"X: neuvedeno";"SCT: společenský život";"totiž věci nevyhazovala , m a když už jí docházelo";"z místo ,";"vyřešila to koupí další skříně , “ svěřila se Rytmu"
"3";"cs: čeština";"NMG: publicistika";"LEI: volnočasová publicistika";"X: neuvedeno";"SPO: sport";"nebudu střílet takové šlupky jako dřív . “ </s><s> BENEFICE FILIPA";"JÍCHY Místo :";"Home Monitoring Arena v Plzni Čas : hlavní zápas od"
"3";"cs: čeština";"NMG: publicistika";"LEI: volnočasová publicistika";"X: neuvedeno";"INT: zajímavosti ze světa";"<s> Právě to , že koleje budou zbytečně protínat půlku peruánské";"Amazonie , místo aby";"si to nejkratší cestou namířily přes Andy k moři ,"
"3";"cs: čeština";"NMG: publicistika";"LEI: volnočasová publicistika";"X: neuvedeno";"INT: zajímavosti ze světa";"tím zamyslet . </s><s> Jestliže sedíš v lavici a koukáš do";"knížky , místo aby";"ses připojila třeba ke skupině spolužáků , kteří o něčem"
"3";"cs: čeština";"NMG: publicistika";"LEI: volnočasová publicistika";"X: neuvedeno";"INT: zajímavosti ze světa";"a jejich kamarádům vytvořit pro ně takovou oázu klidu a";"harmonie , místo k";"setkávání a odpočinku . </s><s> Jsem utopista ( usmívá se )"
"3";"cs: čeština";"NMG: publicistika";"LEI: volnočasová publicistika";"X: neuvedeno";"MIX: společnost";". </s><s> Jen si všimněte , kolik jich přímo vypadává z";"tramvaje , místo aby";"normálně sestoupilo po schodech , “ říká fyzioterapeutka Šárka Hanušová"
"3";"cs: čeština";"NMG: publicistika";"LEI: volnočasová publicistika";"X: neuvedeno";"MIX: společnost";"je , že tradičním firmám Berlín platí za uzavírání uhelných";"elektráren , místo co";"by je „ dusil “ daňovými nástroji , jak původně"
"3";"cs: čeština";"NMG: publicistika";"LEI: volnočasová publicistika";"X: neuvedeno";"MIX: společnost";"stačí třeba to , když žena vrátí zapalovač muži do";"ruky , místo aby";"ho položila na stůl . </s><s> Když se jen tak mimoděk"
"3";"cs: čeština";"NMG: publicistika";"LEI: volnočasová publicistika";"X: neuvedeno";"MIX: společnost";"spřádají nové a nové variace starých příběhů , vaří z";"vody , místo aby";"napsali : „ Komentář se odkládá ad acta pro nedostatek"
"3";"cs: čeština";"NMG: publicistika";"LEI: volnočasová publicistika";"X: neuvedeno";"MIX: společnost";". </s><s> A my za čínskými památkami budeme dál jezdit do";"Číny , místo abychom";"si Velkou zeď postavili někde u Kolína z plynosilikátových tvárnic"
