"1";"en: angličtina";"FIC: beletrie";"NOV: próza";"X: neuvedeno";"X: neuvedeno";"pohotovosti “ , „ vyrovnává se s jednou ranou za";"druhou “ – počínaje „";"nešťastným utopením blízkého spolupracovníka počátkem roku “ . </s><s> Tato záležitost"
"1";"en: angličtina";"NFC: oborová literatura";"MEM: memoáry, autobiografie";"MEM: memoáry, autobiografie";"MEM: memoáry, autobiografie";"také spustil lavinu nejrůznějších pořadů a knih souvisejících se Stopařovým";"průvodcem , počínaje porady";"k uctění jeho památky - na BBC 2 ( Omnibus"
"2";"cs: čeština";"NFC: oborová literatura";"PRO: profesní literatura";"FTS: formální a technické vědy";"TEC: technika";"určitě chybou . </s><s> Proto je i takový zájem všech ,";"domácnostmi počínaje a";"podniky či komunálem konče , o snižování energetické náročnosti ,"
"2";"cs: čeština";"NMG: publicistika";"LEI: volnočasová publicistika";"X: neuvedeno";"MIX: společnost";"lahůdky , které jsem v životě prošvihnul . </s><s> Homérem a";"Vergiliem počínaje a";"kvantovou fyzikou konče . </s><s> Co bych si měl přát víc"
"2";"cs: čeština";"NMG: publicistika";"NEW: tradiční publicistika";"X: neuvedeno";"NTW: celostátní tisk";"konkrétní a odvážný . </s><s> Buď budeme problémy řešit společně ,";"ekonomií počínaje ,";"migrací konče . </s><s> Nebo každý po svém . </s><s> Jenže tyto"
"2";"cs: čeština";"NFC: oborová literatura";"POP: populárně naučná literatura";"HUM: humanitní vědy";"LAN: filologie";". </s><s> Ještě více trpěl jeho strýc Talleyrand , který vídeňským";"pobytem počínaje byl";"stále více přitahován svou půvabnou a inteligentní neteří . </s><s> Hraběnka"
"2";"cs: čeština";"NMG: publicistika";"LEI: volnočasová publicistika";"X: neuvedeno";"LIF: životní styl";". </s><s> Experimentování se stejným pohlavím je v kurzu : Carou";"Delevingne počínaje ,";"Kristen Stewart konče . </s><s> Na padesát žen od dvaceti do"
"2";"cs: čeština";"NMG: publicistika";"LEI: volnočasová publicistika";"X: neuvedeno";"LIF: životní styl";"může být otužování . </s><s> Rozhodně vás ale nenutíme , abyste";"zítřkem počínaje zahajovali";"každý den ledovou sprchou . </s><s> Tak správné otužování nevypadá . </s>"
"2";"cs: čeština";"NMG: publicistika";"NEW: tradiční publicistika";"X: neuvedeno";"NTW: celostátní tisk";"je otevřený všem a všichni z něj také profitují . </s><s>";"Kavárnami počínaje ,";"hotely konče . </s><s> „ Bude to asi složité a možná"
"2";"en: angličtina";"NFC: oborová literatura";"POP: populárně naučná literatura";"NAT: přírodní vědy";"PHY: fyzika";"rád Turner , „ je posledním útočištěm zoufalého kosmologa ,";"Einsteinem počínaje .";"“ </s><s> On sám byl „ z hloubi duše “ přesvědčen"
"2";"cs: čeština";"NMG: publicistika";"NEW: tradiční publicistika";"X: neuvedeno";"NTW: celostátní tisk";"“ , a na využívání různých opisů – autory a";"nakladateli počínaje ,";"distributory a kritikou konče – tak panuje překvapivá shoda . </s>"
"2";"ru: ruština";"FIC: beletrie";"COL: kratší próza";"X: neuvedeno";"X: neuvedeno";"uprdelismus plebsu , za celé naše obludně prožité století ,";"Leninem počínaje a";"dneškem konče . </s><s> Nám v Rusku se zdálo , že"
"2";"en: angličtina";"FIC: beletrie";"COL: kratší próza";"X: neuvedeno";"X: neuvedeno";"jsem neuspěl . </s><s> Zapálil jsem řadu jiných věcí , kuchyňským";"kobercem počínaje a";"kočkou , která se mi motala pod rukama , konče"
"2";"cs: čeština";"NMG: publicistika";"LEI: volnočasová publicistika";"X: neuvedeno";"SCT: společenský život";"co mu sráží body , jsou doplňky . </s><s> Tvrdě bílými";"střevíci počínaje ,";"navzájem se třískajíčími a přebytečnými elementy náhrdelníku , náramku plus"
"2";"en: angličtina";"FIC: beletrie";"NOV: próza";"X: neuvedeno";"X: neuvedeno";"o ústavě , na níž se většina Nigerijců , řadovými";"občany počínaje ,";"vyslovila pro volnou konfederaci se slabou ústřední vládou . </s><s> Druhá"
"2";"cs: čeština";"NFC: oborová literatura";"MEM: memoáry, autobiografie";"MEM: memoáry, autobiografie";"MEM: memoáry, autobiografie";"nic nestálo , a odstranil všechny rušivé prvky , ozdobným";"aranžmá počínaje a";"nesrozumitelnými texty konče . </s><s> A tam , kde si Dylan"
"2";"ru: ruština";"NFC: oborová literatura";"MEM: memoáry, autobiografie";"MEM: memoáry, autobiografie";"MEM: memoáry, autobiografie";"trhovci s jídlem i dalším rozmanitým zbožím : hodinkami a";"zapalovači počínaje a";"součástmi německých vojenských stejnokrojů konce . </s><s> Prodávalo se tu studené"
"2";"cs: čeština";"NMG: publicistika";"LEI: volnočasová publicistika";"X: neuvedeno";"INT: zajímavosti ze světa";"odehrál předchozího večera . </s><s> Tisíce poutníků z celého světa –";"Argentinou počínaje a";"Zimbabwe konče – tiše pozvedly své svíce v modlitbě . </s>"
"2";"cs: čeština";"NFC: oborová literatura";"PRO: profesní literatura";"FTS: formální a technické vědy";"TEC: technika";". </s><s> OŘÍŠKEM BUDOU ROTOROVÉ LISTY </s><s> Největší zátěž , demontáží a";"transportem počínaje ,";"představují v procesu likvidace desítky metrů dlouhé rotorové listy ,"
"2";"cs: čeština";"NMG: publicistika";"LEI: volnočasová publicistika";"X: neuvedeno";"HOU: bydlení, zahrada, hobby";"EXTERIÉRU </s><s> Při výběru exteriérového osvětlení požádejte o radu odborníky ,";"prodejcem počínaje přes";"elektrikáře až po zahradního architekta . </s><s> Zahradní svítidla musí splňovat"
"2";"cs: čeština";"NMG: publicistika";"NEW: tradiční publicistika";"X: neuvedeno";"REG: regionální tisk";", má ve svém portfoliu velká část automobilek . </s><s> Levnou";"Dacií počínaje a";"prémiovým Mercedesem - Benz konče . </s><s> Pokud s nimi někdo"
"2";"sv: švédština";"FIC: beletrie";"NOV: próza";"X: neuvedeno";"X: neuvedeno";". </s><s> Měli tam zrovna sešlost — veškeré příbuzenstvo babičkou a";"dědečkem počínaje a";"bůhvíkým z rodiny konče . </s><s> Že by byl tam ,"
"2";"cs: čeština";"NMG: publicistika";"NEW: tradiční publicistika";"X: neuvedeno";"NTW: celostátní tisk";"toho , jak integrovat znalosti získávané z veřejného prostoru ,";"rodinou počínaje přes";"internet až po sociální sítě . </s><s> Zvláště citlivý je tento"
"2";"cs: čeština";"NMG: publicistika";"LEI: volnočasová publicistika";"X: neuvedeno";"INT: zajímavosti ze světa";"jako dosud stojící soušky skýtají domov obrovskému množství živočichů –";"hmyzem počínaje a";"drobnými obratlovci konče . </s><s> Bobři zakládají a udržují stále vzácnější"
"2";"cs: čeština";"NMG: publicistika";"LEI: volnočasová publicistika";"X: neuvedeno";"LIF: životní styl";"? </s><s> TOUHA PO IDEÁLU </s><s> Mindráky míváme z různých věcí ,";"vzhledem počínaje a";"schopnostmi konče . </s><s> Že ale často vznikají jen na základě"
"2";"de: němčina";"FIC: beletrie";"NOV: próza";"X: neuvedeno";"X: neuvedeno";"tehdy , když se sám vzdá . </s><s> Národ je ,";"vůdcem počínaje a";"posledním mužem , poslední ženou , dokonce posledním dítětem konče"
"2";"cs: čeština";"NMG: publicistika";"NEW: tradiční publicistika";"X: neuvedeno";"NTW: celostátní tisk";"obecenstvo . </s><s> Příkladů je spousta – bývalým italským předsedou vlády";"Berlusconim počínaje a";"konče současným ukrajinským prezidentem , původním povoláním šoumenem . </s><s> Pryč"
"2";"cs: čeština";"NMG: publicistika";"NEW: tradiční publicistika";"X: neuvedeno";"NTW: celostátní tisk";"dodavatel zkušenosti s více oblastmi a produkty , například webovými";"portály počínaje a";"systémy pro správu dokumentů konče . </s><s> Výše uvedená kritéria samozřejmě"
"2";"cs: čeština";"FIC: beletrie";"NOV: próza";"X: neuvedeno";"X: neuvedeno";"a pohlednic z těch nejvzdálenějších míst celé zeměkoule , nejlidnatějšími";"metropolemi počínaje a";"konče těmi nejzastrčenějšími zapadáky někde v Barmě nebo na Bahamách"
"2";"cs: čeština";"NFC: oborová literatura";"POP: populárně naučná literatura";"HUM: humanitní vědy";"ART: umění, architektura";"evropské architektuře dominovaly stavby , vycházející ze starších vzorů ,";"středověkem počínaje a";"renesancí a barokem konče , se náhle na sklonku devatenáctého"
"2";"en: angličtina";"FIC: beletrie";"NOV: próza";"X: neuvedeno";"X: neuvedeno";"stačil otočit , bylo zhola nemožné . </s><s> Všichni – bohatými";"plantážníky počínaje a";"poslední hokynářkou na saintpierrském trhu konče – věděli , že"
"2";"cs: čeština";"NMG: publicistika";"LEI: volnočasová publicistika";"X: neuvedeno";"LIF: životní styl";"probíhal v šesti městech . </s><s> Prezentovali jsme třináct filmů ,";"EROTIKONEM počínaje a";"BÁBOU Z LEDU konče . </s><s> Součástí festivalu byla mimo jiné"
"2";"cs: čeština";"NMG: publicistika";"NEW: tradiční publicistika";"X: neuvedeno";"NTW: celostátní tisk";"v Petlici vyšlo na 370 titulů prozaických i básnických Ivanem";"Klímou počínaje a";"Seifertovým Morovým sloupem konče . </s><s> A samozřejmě nádherné Vaculíkovy fejetony"
"2";"cs: čeština";"NMG: publicistika";"NEW: tradiční publicistika";"X: neuvedeno";"NTW: celostátní tisk";", má plný nárok na projevy posttraumatické stresové poruchy . </s><s>";"Nespavostí počínaje přes";"výše zmíněné úzkosti až po deprese a všechny ty libůstky"
"2";"cs: čeština";"NMG: publicistika";"LEI: volnočasová publicistika";"X: neuvedeno";"MIX: společnost";"otevřená , takže se na mrtvých realizoval kdekdo . </s><s> Ožralými";"vandaly počínaje a";"satanisty konče , “ vypráví čtyřiapadesátiletý Stejskal , který ostatky"
"2";"cs: čeština";"NFC: oborová literatura";"MEM: memoáry, autobiografie";"MEM: memoáry, autobiografie";"MEM: memoáry, autobiografie";"nekoukáme na záda ženicha a nevěsty , většina svatebčanů ,";"rodiči počínaje ,";"snoubencům vidí do tváře . </s><s> Zřetelněji vnímáme , že Bůh"
"2";"cs: čeština";"NFC: oborová literatura";"POP: populárně naučná literatura";"FTS: formální a technické vědy";"TEC: technika";"- 2 nabízí přesný , ale nikoli kontrolou , pevnými";"basy počínaje .";"</s><s> Prostor nahrávek je analyticky „ suchý “ zvuk , který"
"2";"en: angličtina";"FIC: beletrie";"NOV: próza";"X: neuvedeno";"X: neuvedeno";"velmi pasivní , neboť všechno už mají předem zpracované –";"myšlenkami počínaje a";"jídlem konče . </s><s> I ty nehybně stojící krávy na pastvinách"
"2";"pl: polština";"NFC: oborová literatura";"SCI: odborná literatura";"HUM: humanitní vědy";"LAN: filologie";"jazyk symbolických smyslově konkrétních projevů , velkými a komplikovanými masovými";"scénami počínaje a";"jednotlivými karnevalovými posunky a grimasami konče . </s><s> Tento jazyk diferencovaně"
"2";"en: angličtina";"NFC: oborová literatura";"SCI: odborná literatura";"HUM: humanitní vědy";"HIS: historie, biografie";"<s> Dopad německé filozofie na francouzskou je dobře zdokumentován . </s><s> Victorem";"Cousinem počínaje a";"Célestinem Bouglém konče mladí francouzští filozofové zpravidla strávili rok či"
"2";"cs: čeština";"NMG: publicistika";"LEI: volnočasová publicistika";"X: neuvedeno";"HOU: bydlení, zahrada, hobby";", barev , vzorů , fantastická schopnost imitace jakéhokoli materiálu";"dřevem počínaje přes";"kámen až třeba po kov . </s><s> OBLÍBENÝ VINYL </s><s> V náročnějších"
"2";"cs: čeština";"NFC: oborová literatura";"POP: populárně naučná literatura";"SSC: sociální vědy";"PSY: psychologie";"vztahu k jídlu a k odstraňování špatných jídelních návyků hltavým";"přejídáním počínaje ,";"drasticky omezujícími dietami konče . </s><s> „ Jsem zastáncem trvale udržitelného"
"2";"cs: čeština";"NMG: publicistika";"LEI: volnočasová publicistika";"X: neuvedeno";"LIF: životní styl";"změna to byla radikální . </s><s> Mám teď všechno nové ,";"prádlem počínaje ,";"kabáty konče . </s><s> Nejradši ale nosím letní sportovní oblečení ,"
"2";"en: angličtina";"NFC: oborová literatura";"SCI: odborná literatura";"HUM: humanitní vědy";"HIS: historie, biografie";"pramení z nebezpečné a rozkolnické pýchy . </s><s> Levice Saint -";"Simonem počínaje a";"Marxem konče tento názor z velké části opakovala : i"
"2";"cs: čeština";"NMG: publicistika";"LEI: volnočasová publicistika";"X: neuvedeno";"LIF: životní styl";"zkrátka jen z toho , že jsou ženy ( sexuálním";"násilím počínaje a";"platovou nerovností konče ) . </s><s> Zkusme si alespoň poslechnout ,"
"2";"cs: čeština";"NMG: publicistika";"NEW: tradiční publicistika";"X: neuvedeno";"NTW: celostátní tisk";"„ zločinným imperialismem “ , protože většina tehdejších států –";"Čínou počínaje a";"Aztéckou či Inckou říší konče – byla imperiální . </s><s> Vzestup"
"2";"cs: čeština";"NMG: publicistika";"NEW: tradiční publicistika";"X: neuvedeno";"NTW: celostátní tisk";"tam po svém , jak to líčí undergroundová literatura Egonem";"Bondym počínaje .";"</s><s> Spíš by to bylo společenství přísných a drsných lidí ,"
"2";"cs: čeština";"NFC: oborová literatura";"SCI: odborná literatura";"NAT: přírodní vědy";"BIO: biologie";"estetický prvek . </s><s> Teoretická východiska jsou představována několika dílčími obory";"estetikou počínaje ,";"přes botaniku či dendrologii až po syntetizující disciplínu zahradní či"
"2";"cs: čeština";"NMG: publicistika";"NEW: tradiční publicistika";"X: neuvedeno";"NTW: celostátní tisk";"<s> Kouzelné místo Evropy se pro něj stalo trvalou inspirací ,";"vínem počínaje a";"renesančním humanismem konče . </s><s> V jeho obrazech se objevila ona"
"2";"cs: čeština";"NMG: publicistika";"LEI: volnočasová publicistika";"X: neuvedeno";"SCT: společenský život";"<s> Přece jen se na většině klíčových otázek neshodnou , imigrační";"politikou počínaje a";"financováním NATO konče - Trump mimo jiné vyzval EU ,"
"2";"cs: čeština";"NMG: publicistika";"NEW: tradiční publicistika";"X: neuvedeno";"NTW: celostátní tisk";"mikrobů liší u lidí , kteří trpí nejrůznějšími onemocnění . </s><s>";"Depresemi počínaje a";"Alzheimerovou chorobou konče . </s><s> Možná by tím našli původce těchto"
"2";"cs: čeština";"NMG: publicistika";"NEW: tradiční publicistika";"X: neuvedeno";"NTW: celostátní tisk";"příběhem o posedlosti ( respektive o různých posedlostech , těmi";"vztahovými počínaje a";"posedlostí minulostí konče ) a o neschopnosti smířit se se"
"2";"cs: čeština";"NMG: publicistika";"LEI: volnočasová publicistika";"X: neuvedeno";"HOU: bydlení, zahrada, hobby";"<s> Umí regulovat systém vytápění a klimatizaci či stínicí prvky ,";"žaluziemi počínaje a";"markýzou na terase konče . </s><s> Nabízí rovněž možnost řídit třeba"
"2";"cs: čeština";"NMG: publicistika";"NEW: tradiční publicistika";"X: neuvedeno";"NTW: celostátní tisk";"svým rozhodnutím fakticky vyřadili ze hry tradičně respektovaný parlament . </s><s>";"Dneškem počínaje se";"může mnohé vyjasnit . </s><s> Dolní sněmovna začíná projednávat patnáct různých"
"2";"en: angličtina";"FIC: beletrie";"NOV: próza";"X: neuvedeno";"X: neuvedeno";"byli ještě v bezpečí , všechno bylo normální rozhovorem s";"Waverly počínaje a";"vysíláním konče . </s><s> Vysíláním , které skončilo teprve před několika"
"2";"fr: francouzština";"NFC: oborová literatura";"POP: populárně naučná literatura";"HUM: humanitní vědy";"PHI: filozofie, náboženství";"najád . </s><s> Toho si můžeme všimnout u řady autorů Pierrem";"Ronsardem počínaje a";"André Chrénierem konče , máme - li se omezit na"
"2";"cs: čeština";"NMG: publicistika";"NEW: tradiční publicistika";"X: neuvedeno";"NTW: celostátní tisk";"zákazníky viditelnější lákadlo než následné výdaje za služby , pravidelným";"servisem počínaje ,";"velkými opravami konče . </s><s> Ceny v autosalonech tak konkurence na"
"2";"cs: čeština";"NFC: oborová literatura";"POP: populárně naučná literatura";"SSC: sociální vědy";"SOC: sociologie";"těmi hloupými . </s><s> Takto uvažuje hodně lidí , naším současným";"prezidentem počínaje .";"</s><s> Část IV </s><s> Politici a média zklamali aneb Co znamená pomáhat"
"2";"ru: ruština";"FIC: beletrie";"COL: kratší próza";"X: neuvedeno";"X: neuvedeno";"chtěli , nenechavýma ručkama shrabovali , co se dalo –";"ikonami počínaje a";"letadly konče – , a všechno si to vlekli domů"
"2";"ru: ruština";"FIC: beletrie";"COL: kratší próza";"X: neuvedeno";"X: neuvedeno";"spisovatel . “ </s><s> „ Já to všechno nenávidím , církevními";"ceremoniemi počínaje a";"čertovinami konče . “ </s><s> „ Ale u Mississippi se přece"
"2";"en: angličtina";"NFC: oborová literatura";"SCI: odborná literatura";"HUM: humanitní vědy";"HIS: historie, biografie";"Francouzi tyto smíšené emoce v nejvyhrocenější podobě . </s><s> Markýzem de";"Lafayettem počínaje a";"Jeanem - Jacquesem Servan - Schreiberem konče nacházeli v Americe"
"2";"cs: čeština";"NFC: oborová literatura";"POP: populárně naučná literatura";"FTS: formální a technické vědy";"ICT: výpočetní technika";"na virtuální prohlídku až osmnácti různých provozů , malou vodní";"elektrárnou počínaje ,";"elektrárnou jadernou konče . </s><s> JAZYK : čeština </s><s> Podivný „ kruháč"
"2";"cs: čeština";"NMG: publicistika";"LEI: volnočasová publicistika";"X: neuvedeno";"SCT: společenský život";"<s> A přitom se z ní dají udělat překvapivé dobroty ,";"předkrmem počínaje a";"koláčem konče . </s><s> Navíc je v zimě skvělým zdrojem vitaminů"
"2";"cs: čeština";"NFC: oborová literatura";"POP: populárně naučná literatura";"HUM: humanitní vědy";"LAN: filologie";"dosáhla prostituce značeného rozkvětu v orientálních říších ; sumerskými městskými";"státy počínaje .";"</s><s> Prakticky všude byla spojena s chrámy , které z ní"
"2";"cs: čeština";"NFC: oborová literatura";"PRO: profesní literatura";"SSC: sociální vědy";"ECO: ekonomie, obchod, logistika";"konkrétní vůz měl i celou řadu příplatkových prvků , metalickým";"lakem počínaje (";"10 500 Kč ) , takže cena atakovala hodnotu 300"
"2";"cs: čeština";"NMG: publicistika";"LEI: volnočasová publicistika";"X: neuvedeno";"SCT: společenský život";"Humpolecku na své farmě chová asi 1500 kusů živočichů ,";"slepicemi počínaje a";"lvy konče . </s><s> Objíždí zoo a snaží se i přestárlá"
"2";"cs: čeština";"NMG: publicistika";"NEW: tradiční publicistika";"X: neuvedeno";"NTW: celostátní tisk";"nás těší , že aktivity Dr . Max – vzdělávacím";"systémem počínaje a";"klientskými programy konče – přinášejí tyto výsledky , “ komentuje"
"2";"cs: čeština";"NFC: oborová literatura";"POP: populárně naučná literatura";"FTS: formální a technické vědy";"ICT: výpočetní technika";"určitě nezaujme , neboť postrádá všechny možné výstřelky , různobarevným";"podsvícením počínaje a";"množstvím speciálních kláves konče , avšak konzervativní uživatel ocení standardní"
"2";"fr: francouzština";"FIC: beletrie";"NOV: próza";"X: neuvedeno";"X: neuvedeno";"které přišlo tolikrát na přetřes , Chomejním , matkou a";"tetami počínaje a";"kamarádkami konče . </s><s> Louÿsova erotická literatura mě neproměnila ve zvrhlou"
"2";"cs: čeština";"NFC: oborová literatura";"PRO: profesní literatura";"NAT: přírodní vědy";"MED: lékařství";"možnými únikovými východy v případě jakéhokoliv nebezpečí , zemětřesením nebo";"požárem počínaje a";"rozzuřeným pacientem konče . </s><s> Že tu nikdy nebude zemětřesení ? </s>"
"2";"cs: čeština";"NMG: publicistika";"LEI: volnočasová publicistika";"X: neuvedeno";"LIF: životní styl";"čtyřnozí miláčci měli život jaksepatří na obláčku . </s><s> Hračkami a";"pamlsky počínaje a";"stylovými doplňky konče . </s><s> Sklenice , Next , 240 Kč"
"2";"ru: ruština";"FIC: beletrie";"NOV: próza";"X: neuvedeno";"X: neuvedeno";"mechanismu , který lze připojit na jakoukoli vnější projekci –";"Manitouem počínaje a";"kvasolou konče … “ </s><s> S jistými obtížemi jsem si vybavil"
"2";"en: angličtina";"NFC: oborová literatura";"SCI: odborná literatura";"HUM: humanitní vědy";"HIS: historie, biografie";"že čitatelé z řad dělníků upřednostňují krásnou literaturu – německými";"klasiky počínaje a";"masově vytvářenými braky konče . </s><s> Práce týkající se dějin ,"
"2";"cs: čeština";"NFC: oborová literatura";"POP: populárně naučná literatura";"SSC: sociální vědy";"SOC: sociologie";"angličtinu jako vyučovací jazyk do všech typů škol , těmi";"mateřskými počínaje .";"</s><s> Pro přechodnou dobu , řekněme deseti let , by bylo"
"2";"en: angličtina";"NFC: oborová literatura";"MEM: memoáry, autobiografie";"MEM: memoáry, autobiografie";"MEM: memoáry, autobiografie";"převáděl je přes frontovou linii , anebo k partyzánům . </s><s>";"Plukovníkem počínaje začalo";"v táboře řízené organizování útěků s pomocí falešných průkazek . </s>"
"2";"cs: čeština";"NMG: publicistika";"LEI: volnočasová publicistika";"X: neuvedeno";"INT: zajímavosti ze světa";"pomáhají lépe pochopit jejich evoluci i příbuzenské vazby – drobnými";"kolibříky počínaje a";"mohutnými pštrosy konče . </s><s> VODNÍ PŘEDCHŮDCI </s><s> Někteří z nejstarších příbuzných"
"2";"cs: čeština";"NFC: oborová literatura";"PRO: profesní literatura";"SSC: sociální vědy";"ECO: ekonomie, obchod, logistika";". </s><s> Odpouštět platby bude celá řada chorvatských institucí – berními";"úřady počínaje ,";"bankami a městy konče . </s><s> Lidem se má dohromady ulehčit"
"2";"cs: čeština";"NMG: publicistika";"LEI: volnočasová publicistika";"X: neuvedeno";"INT: zajímavosti ze světa";"statistiky </s><s> Pro řešení některých z nejnaléhavějších problémů naší planety ,";"chudobou počínaje až";"po šíření viru HIV , je klíčové zajistit vzdělání ,"
"2";"cs: čeština";"NMG: publicistika";"LEI: volnočasová publicistika";"X: neuvedeno";"LIF: životní styl";"pevné citové pouto jako se psem . </s><s> Všichni psi ,";"čivavou počínaje a";"buldokem konče , jsou potomky vlků , které si ochočil"
"2";"cs: čeština";"NFC: oborová literatura";"POP: populárně naučná literatura";"FTS: formální a technické vědy";"ICT: výpočetní technika";"ale zároveň nemilosrdně odkrývají všechny nedostatky komprimované hudby , chybějícími";"detaily počínaje a";"všudypřítomným šumem konče . </s><s> Doporučeníhodným minimem je alespoň dobrý FLAC"
"2";"en: angličtina";"FIC: beletrie";"NOV: próza";"X: neuvedeno";"X: neuvedeno";"krve bude to štěstí sdílet s jejich dcerou , touto";"chvílí počínaje .";"</s><s> Dvacátá třetí kapitola </s><s> Kurs grilování </s><s> V pondělí za úsvitu spustil"
"2";"cs: čeština";"NMG: publicistika";"NEW: tradiční publicistika";"X: neuvedeno";"NTW: celostátní tisk";"mobilním telefonem monitorovat na dálku třeba stav pacientů – kardiovaskulárním";"onemocněním počínaje a";"nemocnými s duševními chorobami konče . </s><s> „ Zatím je ale"
"2";"en: angličtina";"FIC: beletrie";"NOV: próza";"X: neuvedeno";"X: neuvedeno";"zažil již všechny druhy a fáze jeho hněvu , těžkým";"sarkasmem počínaje a";"neartikulovaným řvaním konče , ale teprve nyní zřejmě dosáhl naprostého"
"2";"cs: čeština";"NMG: publicistika";"LEI: volnočasová publicistika";"X: neuvedeno";"HOU: bydlení, zahrada, hobby";"i různé druhy obkladů , klasickým dřevem , cihlami či";"kamenem počínaje přes";"vláknocementové desky , kov , sklo až po moderní kompozitní"
"2";"sv: švédština";"FIC: beletrie";"NOV: próza";"X: neuvedeno";"X: neuvedeno";"a bylo znát , že všechny ženy , Åsou a";"Ylvou počínaje a";"nejmladší děvečkou konče , mají o něho starost a pokaždé"
"2";"en: angličtina";"NFC: oborová literatura";"POP: populárně naučná literatura";"SSC: sociální vědy";"POL: politika, vojenství";"jejich porušení vyvolá nejrůznější projevy nesouhlasu , kroucením hlavou a";"výsměchem počínaje a";"veřejnou kritikou a otevřenou ostrakizací konče . </s><s> Politici , kteří"
"2";"cs: čeština";"NMG: publicistika";"NEW: tradiční publicistika";"X: neuvedeno";"NTW: celostátní tisk";"těm , jež urazil , pomluvil a lživě obvinil ,";"Peroutkou počínaje ,";"Schwarzenbergem ( ne ) konče . </s><s> JAROSLAV PEŘINA CHOCEŇ </s><s> ! </s>"
"2";"cs: čeština";"NMG: publicistika";"LEI: volnočasová publicistika";"X: neuvedeno";"SCT: společenský život";"totiž jako by jeho exmanželce z oka vypadla ! </s><s> Plavými";"vlasy počínaje ,";"přes dokonalou postavu , po symetrické rysy v obličeji . </s>"
"2";"cs: čeština";"NMG: publicistika";"LEI: volnočasová publicistika";"X: neuvedeno";"LIF: životní styl";"když se vrhnete do jakékoli aerobní aktivity , během či";"běžkováním počínaje a";"veslováním konče . </s><s> Jde - li vám o dobití baterek"
"2";"pl: polština";"FIC: beletrie";"NOV: próza";"X: neuvedeno";"X: neuvedeno";"rozplývala . </s><s> To všechno však Fah přišlo nechutné , jejich";"schůzkami počínaje ,";"přišlo jí odporné , že ta tasemnice byť jen uvažuje"
"2";"en: angličtina";"FIC: beletrie";"NOV: próza";"X: neuvedeno";"X: neuvedeno";"příchozí a odchozí hovory z domácí linky Simmonsových týden před";"vraždou počínaje a";"Derekovým zatčením konče . </s><s> Seznam jsem si okopíroval a dal"
"2";"cs: čeština";"NFC: oborová literatura";"PRO: profesní literatura";"FTS: formální a technické vědy";"TEC: technika";"jednotka je použitelná pro vícero technologií , plazmovým a laserovým";"řezáním počínaje a";"řezání vysokotlakým vodním paprskem konče . </s><s> Důležitou součástí technologií je"
"2";"cs: čeština";"NFC: oborová literatura";"POP: populárně naučná literatura";"ITD: interdisciplinární";"ITD: interdisciplinární";"který má průkazné stimulační účinky na lidský organismus , oběhovým";"systémem počínaje a";"mozkem konče . </s><s> Proč je vylepšení tělesných funkcí kofeinem legální"
"2";"cs: čeština";"NMG: publicistika";"NEW: tradiční publicistika";"X: neuvedeno";"NTW: celostátní tisk";"že otevře zdejší základky i školákům s nejrůznějšími handicapy –";"chudobou počínaje ,";"autismem konče . </s><s> Kdo doufal , že tu konečně nastane"
"2";"cs: čeština";"NFC: oborová literatura";"MEM: memoáry, autobiografie";"MEM: memoáry, autobiografie";"MEM: memoáry, autobiografie";"neudávím , za večer vypiju i několik drinků – sofistikovaným";"mojitem počínaje a";"obyčejným rumem s kolou konče . </s><s> U ohně neodolám buřtu"
"2";"cs: čeština";"NMG: publicistika";"NEW: tradiční publicistika";"X: neuvedeno";"NTW: celostátní tisk";"americkém trhu jsem se měla co učit . </s><s> Jinou obchodní";"terminologií počínaje a";"výslovností konče . </s><s> Na začátku mě tipovali na „ odněkud"
"2";"en: angličtina";"FIC: beletrie";"NOV: próza";"X: neuvedeno";"X: neuvedeno";"díků za jeho návštěvu , podepsaný dvaačtyřiceti hudebníky , Artiem";"Shawem počínaje a";"Brunem Walterem konče . </s><s> A to bylo všechno . </s><s> Pár"
"2";"cs: čeština";"NMG: publicistika";"NEW: tradiční publicistika";"X: neuvedeno";"NTW: celostátní tisk";"tzn . hlavně zabezpečením fungující a spolehlivé infrastruktury , tou";"dopravní počínaje a";"vysokorychlostním internetem konče . </s><s> Už v dobách monarchie jsme byli"
"2";"en: angličtina";"NFC: oborová literatura";"POP: populárně naučná literatura";"SSC: sociální vědy";"POL: politika, vojenství";"“ 11 </s><s> Ruské rodiny se z různých důvodů , malými";"byty počínaje a";"absencí státní podpory konče , do adopcí nijak nehrnuly :"
"2";"cs: čeština";"NFC: oborová literatura";"POP: populárně naučná literatura";"SSC: sociální vědy";"PSY: psychologie";"děje . </s><s> Dostane od nich celou paletu diagnóz – sexuální";"perverzí počínaje a";"schizofrenií konče . </s><s> Na omluvu lékařské vědy je nutné říci"
"2";"en: angličtina";"FIC: beletrie";"NOV: próza";"X: neuvedeno";"X: neuvedeno";"všemožných podivných úkazů a obrázků UFO i tajemných tvorů ,";"yettim počínaje ,";"přes jezerní příšery až po malé zelené mužíčky . </s><s> Dokonce"
"2";"sv: švédština";"FIC: beletrie";"NOV: próza";"X: neuvedeno";"X: neuvedeno";"! </s><s> Jaké ulehčení by to znamenalo pro celé město ,";"starostou počínaje a";"rodiči konče . </s><s> „ A jaká je špatná zpráva ?"
"2";"cs: čeština";"NFC: oborová literatura";"POP: populárně naučná literatura";"SSC: sociální vědy";"EDU: pedagogika";"všechny vícedenní školní výjezdy , školami v přírodě a lyžařskými";"kurzy počínaje a";"zahraničními pobyty konče . </s><s> „ Lepku nesmím pozřít ani drobeček"
"2";"cs: čeština";"NFC: oborová literatura";"POP: populárně naučná literatura";"SSC: sociální vědy";"PSY: psychologie";"rad , jak si uspořádat prostředí kolem sebe , pracovním";"stolem počínaje ,";"zahradou kolem domu konče . </s><s> Podle feng-šuej je třeba zbavit"
"2";"en: angličtina";"NFC: oborová literatura";"SCI: odborná literatura";"HUM: humanitní vědy";"HIS: historie, biografie";"skoro přesný ekvivalent v dění v Itálii , neúplnými poválečnými";"čistkami počínaje a";"nedávnou diskusí kolem rozsahu a charakteru odboje při osvobozování Itálie"
"2";"cs: čeština";"NMG: publicistika";"LEI: volnočasová publicistika";"X: neuvedeno";"LIF: životní styl";"době , kdy nám čas ukazuje skoro každá elektronika ,";"mobilem počínaje a";"mikrovlnkou konče , se nošení hodinek kolem zápěstí může jevit"
"2";"cs: čeština";"NMG: publicistika";"NEW: tradiční publicistika";"X: neuvedeno";"NTW: celostátní tisk";"stín zvolna sunout – přes 14 států americké unie ,";"Oregonem počínaje a";"Jižní Karolínou konče – , jsou už všechny pokoje v"
"2";"cs: čeština";"NMG: publicistika";"LEI: volnočasová publicistika";"X: neuvedeno";"HOU: bydlení, zahrada, hobby";". </s><s> K pravidlům patří nošení bezpečnostních pomůcek , brýlemi a";"rukavicemi počínaje a";"ochranným oděvem spolu s botami s kovovou špičkou konče . </s>"
"2";"en: angličtina";"NFC: oborová literatura";"POP: populárně naučná literatura";"NAT: přírodní vědy";"BIO: biologie";"a nemocničním projektům , při utváření mikrobiomu celých měst ,";"Chicagem počínaje .";"</s><s> Leung pro něj představuje ideálního partnera . </s><s> V několika svých"
"2";"en: angličtina";"FIC: beletrie";"NOV: próza";"X: neuvedeno";"X: neuvedeno";"Aimee nezajímala . </s><s> Aimee na Lux vadilo úplně všechno ,";"jménem počínaje .";"</s><s> [ mezera ] </s><s> Lux Hepchick Fitzpatricková se měla původně jmenovat"
"2";"cs: čeština";"NFC: oborová literatura";"MEM: memoáry, autobiografie";"MEM: memoáry, autobiografie";"MEM: memoáry, autobiografie";"asijské rodiny vyžadující plnou podřízenost jednotlivce vyšší organizační jednotce ,";"otcem počínaje .";"</s><s> Asie je zřejmě zvyklá na bolest , strádání a utrpení"
"2";"en: angličtina";"FIC: beletrie";"NOV: próza";"X: neuvedeno";"X: neuvedeno";"měl udělat už před pěti lety . </s><s> Zničím ho . </s><s>";"Dneškem počínaje chci";", aby se Sinco účastnilo všech konkurzů , do kterých"
"2";"en: angličtina";"NFC: oborová literatura";"POP: populárně naučná literatura";"HUM: humanitní vědy";"INF: knihovnictví, informatika";"roce 1970 : „ Díky univerzálnosti svých genetických struktur –";"kódem počínaje –";"vypadá biosféra jako výsledek nějaké jedinečné události . </s><s> Původně vesmír"
"2";"en: angličtina";"NFC: oborová literatura";"SCI: odborná literatura";"HUM: humanitní vědy";"HIS: historie, biografie";"pokud jde o stabilitu a poválečné vyrovnání . </s><s> Mnozí ,";"Rooseveltem počínaje ,";"přisuzovali Stalinovi jen nacionalistické motivy omezeného dosahu , případně si"
"2";"en: angličtina";"FIC: beletrie";"NOV: próza";"X: neuvedeno";"X: neuvedeno";"což při poslední návštěvě rodného kraje naznačovaly uzardělé tváře dívek";"služkami počínaje a";"dcerami perpignanských občanů konče . </s><s> Nicméně královský mušketýr , jak"
"2";"cs: čeština";"NMG: publicistika";"LEI: volnočasová publicistika";"X: neuvedeno";"HOU: bydlení, zahrada, hobby";". </s><s> Při výběru exteriérového osvětlení požádejte o radu odborníky ,";"prodejcem počínaje přes";"elektrikáře až po zahradního architekta . </s><s> Osvětlení využívající LED zdroje"
"2";"cs: čeština";"NFC: oborová literatura";"SCI: odborná literatura";"HUM: humanitní vědy";"ANT: antropologie, etnografie";"armáda srbských speciálních jednotek nezmasakrovala . </s><s> Všech 58 , sedmiletými";"dětmi počínaje a";"čtyřiaosmdesátiletými prarodiči konče . </s><s> Jen dvě děti přežily – zavaleny"
"2";"cs: čeština";"NMG: publicistika";"NEW: tradiční publicistika";"X: neuvedeno";"NTW: celostátní tisk";"své ničemy tvrdě pyká , ČSSD přežila ty své –";"Grossem počínaje a";"Rathem konče – bez úhony . </s><s> Až bude po Rathovi"
"2";"cs: čeština";"NFC: oborová literatura";"POP: populárně naučná literatura";"SSC: sociální vědy";"EDU: pedagogika";"naopak její ukončení ) až po personální obsazení školy ,";"družinářkou počínaje a";"ředitelem konče . </s><s> To má řadu důsledků . </s><s> Mezi jinými"
"2";"cs: čeština";"NFC: oborová literatura";"POP: populárně naučná literatura";"NAT: přírodní vědy";"BIO: biologie";"a pošlapaná iracionalita se pak vrací nejrůznějšími postranními kanály . </s><s>";"Osvícenstvím počínaje je";"evropské myšlení vedeno ideou , že vše správné by mělo"
"2";"cs: čeština";"NMG: publicistika";"NEW: tradiční publicistika";"X: neuvedeno";"NTW: celostátní tisk";"českých filmových pohádkách až příliš často chybějí královny . </s><s> Pyšnou";"princeznou počínaje přes";"Byl jednou jeden král až po Nejkrásnější hádanku . </s><s> Jak"
"2";"en: angličtina";"NFC: oborová literatura";"MEM: memoáry, autobiografie";"MEM: memoáry, autobiografie";"MEM: memoáry, autobiografie";"s pohlavíma je , jenže zkušenost s ženským odmítnutím ,";"matkou počínaje ,";"mě naplňovala obavama , který mi nedovolily víc , než"
"2";"cs: čeština";"NMG: publicistika";"LEI: volnočasová publicistika";"X: neuvedeno";"LIF: životní styl";"tomu se setkal s největšími osobnostmi své éry – americkým";"prezidentem počínaje a";"Rasputinem či sirem Arthurem Conanem Doylem konče . </s><s> Ten posledně"
"2";"cs: čeština";"NFC: oborová literatura";"SCI: odborná literatura";"HUM: humanitní vědy";"ANT: antropologie, etnografie";", že bych těžko našel mnoho lidí , samotnými čelnými";"nacionalisty počínaje ,";"kteří by si zaprvé dovedli představit a zadruhé chtěli ,"
"2";"cs: čeština";"NMG: publicistika";"LEI: volnočasová publicistika";"X: neuvedeno";"HOU: bydlení, zahrada, hobby";"technologií skvěle využijete využii praktické domácí pomocníky , pračkou a";"myčkou počínaje a";"kávovarem konče . </s><s> Předpokladem jsou přístroje se zabudovaným modulem se"
"2";"cs: čeština";"NFC: oborová literatura";"PRO: profesní literatura";"NAT: přírodní vědy";"MED: lékařství";"podrobněji seznámit s činností komory , s problémy lékařů ,";"mediky počínaje a";"důchodci konče . </s><s> Poslední sjezd ČLK se konal v mimořádně"
"2";"cs: čeština";"NMG: publicistika";"NEW: tradiční publicistika";"X: neuvedeno";"NTW: celostátní tisk";"následuje sedm stran s reálnými šancemi na vstup do parlamentu";"komunisty počínaje (";"14,5 procenta ) a Piráty konče ( 4 procenta )"
"2";"cs: čeština";"NFC: oborová literatura";"SCI: odborná literatura";"HUM: humanitní vědy";"LAN: filologie";"na tísňové linky o uložení výbušniny do různých institucí ,";"školami počínaje a";"vládními úřady konče . </s><s> Poměrně časté bylo oznámení o uložení"
"2";"es: španělština";"FIC: beletrie";"NOV: próza";"X: neuvedeno";"X: neuvedeno";"a ušima v městském podsvětí a jejich vykonavatelskou rukou . </s><s>";"Jím počínaje byli";"mí předkové piráti , zloději , pašeráci , ba i"
"2";"es: španělština";"FIC: beletrie";"COL: kratší próza";"X: neuvedeno";"X: neuvedeno";"lidmi obecně . </s><s> Má k nim výhrady různého typu ,";"hlukem počínaje a";"pachy konče . </s><s> Její problém s pachem zatuchliny nebo tělesné"
"2";"cs: čeština";"NFC: oborová literatura";"POP: populárně naučná literatura";"ITD: interdisciplinární";"ITD: interdisciplinární";"nástup do školy , do zaměstnání , schválení kdečeho řidičským";"průkazem počínaje a";"vycestováním do určité země konče . </s><s> Nevím , jak bychom"
"2";"cs: čeština";"NMG: publicistika";"LEI: volnočasová publicistika";"X: neuvedeno";"MIX: společnost";"… ech . </s><s> Je to snad nějaká ženská obsese . </s><s>";"Babičkami počínaje ,";"přes tety z třetího kolene , matky , dokonce bývalé"
"2";"cs: čeština";"NFC: oborová literatura";"PRO: profesní literatura";"NAT: přírodní vědy";"AGR: zemědělství, chovatelství";"40 strojů reprezentujících průřez nabízeným sortimentem , komunálními nosiči a";"traktory počínaje a";"nejrůznějšími pracovními adaptéry konče . </s><s> A na své si přijdou"
"2";"cs: čeština";"NFC: oborová literatura";"POP: populárně naučná literatura";"NAT: přírodní vědy";"MED: lékařství";"je vždy zcela zásadní celkový režim životosprávy , pohybem a";"stravou počínaje a";"psychickou pohodou konče , “ připomíná Tereza Hodycová . </s><s> Jak"
"2";"en: angličtina";"FIC: beletrie";"COL: kratší próza";"X: neuvedeno";"X: neuvedeno";"šňupacímu tabáku se dalo přidat téměř jakékoli aroma , pomerančovou";"esencí počínaje a";"rozemletými dětskými hovínky konče tedy alespoň některé tak působily ,"
"2";"cs: čeština";"NMG: publicistika";"LEI: volnočasová publicistika";"X: neuvedeno";"MIX: společnost";"hod . hopsarium . cz </s><s> Modely a hračky v Olomouci </s><s>";"Dneškem počínaje budou";"do neděle ( 9 - 18 hod . , ne"
"2";"cs: čeština";"NMG: publicistika";"NEW: tradiční publicistika";"X: neuvedeno";"NTW: celostátní tisk";"a silně jsme cítil , že jsem zkrátka jiný ,";"oblečením počínaje a";"způsobem , jak jsme třeba bydleli , konče : my"
"2";"en: angličtina";"FIC: beletrie";"NOV: próza";"X: neuvedeno";"X: neuvedeno";"pracoval přímo ďábelským tempem a proháněl každého , nejvyššími vedoucími";"pracovníky počínaje a";"poslíčky konče . </s><s> Všichni se horečně snažili , aby s"
"2";"cs: čeština";"NFC: oborová literatura";"POP: populárně naučná literatura";"FTS: formální a technické vědy";"TEC: technika";"audiokorekcí nabízejí televizory také možnost propojení s externími zařízeními ,";"sluchátky počínaje a";"mnohakanálovými audiosystémy konče . </s><s> Dálka Smart Control komunikuje s televizory"
"2";"cs: čeština";"NMG: publicistika";"NEW: tradiční publicistika";"X: neuvedeno";"NTW: celostátní tisk";"celou řadu poboček v turisticky nejatraktivnějších částech Prahy , Václavským";"náměstím počínaje a";"Příkopy či Karlovou ulicí konče . </s><s> Šest set tisíc korun"
"2";"cs: čeština";"NMG: publicistika";"LEI: volnočasová publicistika";"X: neuvedeno";"INT: zajímavosti ze světa";"již vyzvala obyvatele , aby drasticky snížili spotřebu – krátkými";"sprchami počínaje ,";"zákazem umývání automobilů konče . </s><s> Pokud tak většina lidí neučiní"
"2";"en: angličtina";"FIC: beletrie";"NOV: próza";"X: neuvedeno";"X: neuvedeno";"svačiny ve větru . </s><s> Každou sobotu do Vánoc , příštím";"týdnem počínaje ,";"bude Abe nabízet horký cidre . </s><s> Ve Vlněném zboží budou"
"2";"cs: čeština";"NMG: publicistika";"NEW: tradiční publicistika";"X: neuvedeno";"NTW: celostátní tisk";"pověsit jim na nos všelijaké bulíky , mluvícími zvířátky a";"pohádkami počínaje a";"Mikulášem , čertem a Ježíškem konče . </s><s> Toto období nejenže"
"2";"es: španělština";"FIC: beletrie";"NOV: próza";"X: neuvedeno";"X: neuvedeno";"mýtem . </s><s> Pro ně je všechno pravda . </s><s> Nejzkušenější politici";"Indírou počínaje vždycky";"uměli využít tuto jemnou hranici mezi lidmi a bohy ve"
"2";"cs: čeština";"NFC: oborová literatura";"POP: populárně naučná literatura";"NAT: přírodní vědy";"BIO: biologie";", které zcela bez zábran hnízdí na všech památkách ,";"Belvederem počínaje a";"Schönbrunnem konče ( ve Vídni žije na volné noze i"
"2";"ja: japonština";"FIC: beletrie";"NOV: próza";"X: neuvedeno";"X: neuvedeno";"o letních prázdninách ve druhém ročníku na vysoké . </s><s> Tím";"létem počínaje už";"život Cukuru Tazakiho neměl být nikdy jako dřív . </s><s> Připomínalo"
"2";"fr: francouzština";"FIC: beletrie";"NOV: próza";"X: neuvedeno";"X: neuvedeno";"zatracená věc , si tady o tebe dělají všichni ,";"mnou počínaje ,";"starosti . </s><s> A neříkám to snad proto , že jsi"
"2";"cs: čeština";"NFC: oborová literatura";"PRO: profesní literatura";"FTS: formální a technické vědy";"TEC: technika";"“ , v létě přijde „ okurková sezóna “ a";"říjnem počínaje a";"prosincem konče obalovny balí a finišery pokládají i o sobotách"
"2";"cs: čeština";"NMG: publicistika";"LEI: volnočasová publicistika";"X: neuvedeno";"HOU: bydlení, zahrada, hobby";". </s><s> Koncept Wienerberger e4 samozřejmě počítá i s tím ,";"instalacemi počínaje a";"vybavením konče . </s><s> Ale nás zajímal tentokrát nikoli technický ,"
"2";"en: angličtina";"NFC: oborová literatura";"POP: populárně naučná literatura";"SSC: sociální vědy";"POL: politika, vojenství";"způsobů , jimiž prý úřady falšovaly minulé volby – vícenásobným";"hlasováním počínaje a";"prostým přepsáním volebního výsledku ve volební místnosti konče . </s><s> Třicátník"
"2";"pl: polština";"FIC: beletrie";"COL: kratší próza";"X: neuvedeno";"X: neuvedeno";"spontánní konkurenci ze strany amatérek ze všech společenských vrstev ,";"kněžnami počínaje .";"“ </s><s> Prostituce byla nejen legální , ale také systematizovaná a"
"2";"cs: čeština";"NFC: oborová literatura";"PRO: profesní literatura";"NAT: přírodní vědy";"AGR: zemědělství, chovatelství";"továrny Frey čítá na 2 400 různých výrobků , tabulkovou";"čokoládou počínaje ,";"pralinkami a čokoládovými figurkami konče . </s><s> Kultovní figurkou je čokoládový"
"2";"cs: čeština";"NMG: publicistika";"NEW: tradiční publicistika";"X: neuvedeno";"NTW: celostátní tisk";"to už dlouho žádná kosmická událost nedokázala . </s><s> Průkopnické počiny";"Sputnikem počínaje a";"výpravou astronautů na Měsíc konče lidstvo fascinovaly asi ještě intenzivněji"
"2";"cs: čeština";"NFC: oborová literatura";"POP: populárně naučná literatura";"SSC: sociální vědy";"SOC: sociologie";"<s> My jsme ale mnohem více v kontaktu s exekutivou ,";"ministry počínaje ,";"obecním úřadem konče , než s politickými sekretariáty . </s><s> V"
"2";"cs: čeština";"NMG: publicistika";"LEI: volnočasová publicistika";"X: neuvedeno";"LIF: životní styl";". </s><s> Ty pak v ústech působí řadu problémů - nepříjemným";"zápachem počínaje a";"nejrůznějšími infekcemi konče . </s><s> Co dělat , když ... </s><s> ZUBNÍ"
"2";"cs: čeština";"NFC: oborová literatura";"POP: populárně naučná literatura";"SSC: sociální vědy";"SOC: sociologie";"románských bazilik , fresek a miniatur či církevní hudby gregoriánským";"chorálem počínaje :";"patrné je to i v jiných regionech než v západní"
"2";"cs: čeština";"NMG: publicistika";"LEI: volnočasová publicistika";"X: neuvedeno";"LIF: životní styl";"příčinou bývají různé patologické stavy ve stěně močového měchýře ,";"zánětem počínaje a";"nádorovým postižením konče . </s><s> Podle toho se také dají lépe"
"2";"en: angličtina";"FIC: beletrie";"NOV: próza";"X: neuvedeno";"X: neuvedeno";"zvuky v hlavě začaly postupně slábnout , bzučením a Eileeniným";"jekotem počínaje a";"tím temným žuchnutím , které současně slyšel i cítil v"
"2";"cs: čeština";"NFC: oborová literatura";"PRO: profesní literatura";"FTS: formální a technické vědy";"TEC: technika";"těchto dokumentů , které jsou závazné pro všechny zúčastněné ,";"logistikou počínaje ,";"pokračujíc ve výrobě a expedicí konče se teprve produkt zařadí"
"2";"cs: čeština";"NFC: oborová literatura";"POP: populárně naučná literatura";"FTS: formální a technické vědy";"ICT: výpočetní technika";"světě počítačů , problém se týká veškeré spotřební elektroniky ,";"televizory počínaje ,";"pračkami zdaleka nekonče . </s><s> Zařízení , která by bez problémů"
"2";"cs: čeština";"NFC: oborová literatura";"SCI: odborná literatura";"HUM: humanitní vědy";"PHI: filozofie, náboženství";"předislámské zvyky , kterými byly zatíženy islámské rituální úkony —";"modlitbou počínaje a";"příliš profánními oslavami Prorokových narozenin ( mawlid ) konče . </s>"
"2";"ru: ruština";"NFC: oborová literatura";"MEM: memoáry, autobiografie";"MEM: memoáry, autobiografie";"MEM: memoáry, autobiografie";". </s><s> Zato bobulovin a lesních plodů tu bylo plno –";"jahodami počínaje a";"divokým vínem konče . </s><s> Otec i děda uměli plést košíky"
"2";"cs: čeština";"NMG: publicistika";"NEW: tradiční publicistika";"X: neuvedeno";"NTW: celostátní tisk";". století si bez něj vůbec nelze představit , Máchovou";"lyrikou počínaje ,";"Alšovými lunetami pokračujíc a slavnostními tóny Smetanovy Libuše nekonče . </s>"
"2";"zh: čínština";"FIC: beletrie";"NOV: próza";"X: neuvedeno";"X: neuvedeno";"patře se suší prádlo , plenami , podprsenkami , záplatovanými";"trenkami počínaje a";"potištěnými prostěradly konče , jako by stovky vlajek nejrůznějších států"
"2";"cs: čeština";"NMG: publicistika";"LEI: volnočasová publicistika";"X: neuvedeno";"SCT: společenský život";". </s><s> Zde je ale vkusu odporujících momentů víc . </s><s> Barevnými";"střevíci počínaje ,";"šíleným korálkovým závěsem a k outfitu nevhodnou kabelou konče . </s>"
"2";"cs: čeština";"NFC: oborová literatura";"SCI: odborná literatura";"HUM: humanitní vědy";"LAN: filologie";"po roce 1969 přerušena , rozptýlena různými směry emigrací a";"disentem počínaje ,";"přes utlumenou veřejnou aktivitu a trpěnou neprovokativní práci či přizpůsobení"
"2";"de: němčina";"FIC: beletrie";"NOV: próza";"X: neuvedeno";"X: neuvedeno";"<s> Schinkel zaplácal svými stavbami celý Berlín , celé Prusko ,";"zámkem počínaje a";"naprosto nedůležitým proviantním úřadem konče , podobně jako Eiffel se"
