"1";"en: angličtina";"FIC: beletrie";"NOV: próza";"X: neuvedeno";"X: neuvedeno";"se vydal ke dveřím . </s><s> 21 : 12 - Celou";"cestu přes doširoka";"roztažený Hermosillo a ještě dál sem zápasil s dopisem matce"
"1";"en: angličtina";"FIC: beletrie";"NOV: próza";"X: neuvedeno";"X: neuvedeno";"vytáhl z něj svůj kaštanově hnědý společenský hábit a přehodil";"ho přes Papušíkovu";"klec , aby nebylo slyšet , že pořád houká . </s>"
"1";"ru: ruština";"FIC: beletrie";"NOV: próza";"X: neuvedeno";"X: neuvedeno";"vody uprostřed . </s><s> Naskýtal se odtud pohled hluboko dolů na";"most přes žabincem";"potaženou zátočinu a silnici do Voskresenska . </s><s> Bylo to jejich"
"1";"ru: ruština";"FIC: beletrie";"NOV: próza";"X: neuvedeno";"X: neuvedeno";"stíny prodávané po deseti markách za kus a bůhvíkde teď";"běhající přes zářivě";"bílé plátno . </s><s> Napadlo ho , že Podťagin přece jen"
"1";"cs: čeština";"FIC: beletrie";"NOV: próza";"X: neuvedeno";"X: neuvedeno";", zvláště nyní , když se nám naskytla příležitost dozvědět";"se přes Lulínka";"něco o divukrásné zemi Kanadě . </s><s> Navíc je nám známo"
"1";"en: angličtina";"FIC: beletrie";"NOV: próza";"X: neuvedeno";"X: neuvedeno";"pokoj byl béžový , měkce osvětlený stolními lampami a měl";"vyhlídku přes Grand";"Central Parkway k La Guardia a neproniknutelné černi East River"
"1";"en: angličtina";"FIC: beletrie";"NOV: próza";"X: neuvedeno";"X: neuvedeno";"jeho rostoucí organismus tolik potřeboval . </s><s> „ Dejte mi jen";"něco přes …";"pod břicho , “ požádal Case bezvýrazně . </s><s> Neřekla ani"
"1";"cs: čeština";"FIC: beletrie";"NOV: próza";"X: neuvedeno";"X: neuvedeno";". </s><s> Tak já vám sdělím důvěrnou zprávu , a vy";"ji přes kdoví";"koho pustíte dál . </s><s> Není divu , že jsem přišla"
"1";"cs: čeština";"FIC: beletrie";"NOV: próza";"X: neuvedeno";"X: neuvedeno";"lodi . </s><s> Ondra po chvíli plavby sundal tričko a přehodil";"ho přes chladným";"větrem roztřesenou Valentýnu . </s><s> Napadlo ji , že se Ondra"
"1";"sv: švédština";"FIC: beletrie";"NOV: próza";"X: neuvedeno";"X: neuvedeno";"Hudiksvallu . </s><s> Řídil jeho kolega Leif Ytterström . </s><s> „ Vezmeme";"to přes Hesjövallen";", “ řekl zničehonic Huddén . </s><s> „ Proč ? </s><s> Máme"
"1";"sv: švédština";"FIC: beletrie";"NOV: próza";"X: neuvedeno";"X: neuvedeno";", jestli nemá nazpátek jet jinudy . </s><s> Možná víc na";"západ , přes värmlandské";"lesy ? </s><s> Najednou ji někdo oslovil . </s><s> Osamělý muž sedící"
"1";"cs: čeština";"FIC: beletrie";"NOV: próza";"X: neuvedeno";"X: neuvedeno";"BMW si nás prohlížely dvě malé děti . </s><s> Přešli jsme";"most přes Osterbach";". </s><s> Silnice ostře zatáčela a stoupala do prudkého svahu . </s>"
"1";"en: angličtina";"FIC: beletrie";"NOV: próza";"X: neuvedeno";"X: neuvedeno";"na vrchol . </s><s> „ Dělejte , “ vyhrkla , rozběhla";"se přes posledních";"deset metrů pevné půdy a skočila do chladného horského jezera"
"1";"en: angličtina";"FIC: beletrie";"NOV: próza";"X: neuvedeno";"X: neuvedeno";"volný široký plášť “ , který měla modelka „ elegantně";"přehozený přes úhlopříčně";"řasené béžové šaty z poloprůsvitného krepu , béžová je také"
"1";"es: španělština";"FIC: beletrie";"NOV: próza";"X: neuvedeno";"X: neuvedeno";"na Sorayu a sevřel se mu žaludek . </s><s> Dojeli na";"most přes Ariari";"a on celý zpocený spatřil podnik El Rey de la"
"1";"de: němčina";"FIC: beletrie";"NOV: próza";"X: neuvedeno";"X: neuvedeno";"prázdná . </s><s> Marcova šéfová si zapsala jejich objednávku . </s><s> Galvano";"ji přes Laurentiho";"protesty požádal o další lahev vína . </s><s> „ Musím si"
"1";"en: angličtina";"FIC: beletrie";"NOV: próza";"X: neuvedeno";"X: neuvedeno";", „ budeme platit těch patnáct procent . “ </s><s> Zadíval";"se přes Sonnyho";"hlavu předním oknem ven . </s><s> „ A mezitím , “"
"1";"sv: švédština";"FIC: beletrie";"NOV: próza";"X: neuvedeno";"X: neuvedeno";"začali s útokem na Veru , vypnul to a zadíval";"se přes Katarinavägen";". </s><s> Jsou to ale zbabělí čuráci , pomyslel si ,"
"1";"sv: švédština";"FIC: beletrie";"NOV: próza";"X: neuvedeno";"X: neuvedeno";". </s><s> Pořádně si lokl , zapálil si doutníček a zadíval";"se přes Sveavägen";". </s><s> Na hřbitov Adolfa Fredrika . </s><s> Přemýšlel o vlastní smrti"
"1";"sv: švédština";"FIC: beletrie";"NOV: próza";"X: neuvedeno";"X: neuvedeno";"Nils Wendt . </s><s> Druhé dvě byly povolány opravdu na poslední";"chvíli , přes K";". Sedovice . </s><s> Muže , kterého Bertil kontaktoval vždycky ,"
"1";"sv: švédština";"FIC: beletrie";"NOV: próza";"X: neuvedeno";"X: neuvedeno";"si to krásné auto filmovali , jak se válí na";"štorc přes Sturegatan";". </s><s> Lesklé a určitě odporně drahé brzdové destičky se pořádně"
"1";"sv: švédština";"FIC: beletrie";"NOV: próza";"X: neuvedeno";"X: neuvedeno";"stanovený čas . </s><s> Západní část kruhového objezdu na Lindhagensplanu ,";"most přes Drottningholmsvägen";", přesně podle instrukcí . </s><s> Dokonce dostal v příloze mapu"
"1";"sv: švédština";"FIC: beletrie";"NOV: próza";"X: neuvedeno";"X: neuvedeno";"jste na mopedu na Lindhagensplan , stoupl jste si na";"most přes Drottningholmsvägen";", tam jste ze sportovní tašky čitelně označené vaším jménem"
"1";"en: angličtina";"FIC: beletrie";"NOV: próza";"X: neuvedeno";"X: neuvedeno";"kraby ve skalních tůňkách pod jejich domem . </s><s> „ Vezmu";"to přes mealanaiskou";"farmu , “ sdělil jsem mu . </s><s> „ Je to"
"1";"en: angličtina";"FIC: beletrie";"NOV: próza";"X: neuvedeno";"X: neuvedeno";"splést s nikým jiným . </s><s> Měl na sobě rudočerný tartan";"ovinutý přes šafránově";"žlutou košili . </s><s> Přidržoval jej opasek se sponou v podobě"
"1";"fr: francouzština";"FIC: beletrie";"NOV: próza";"X: neuvedeno";"X: neuvedeno";"že kdyby bylo na vás , hodil byste celou tu";"hrůzu přes La";"Manche . “ </s><s> „ Ano , tak nějak . </s><s> Dennison"
"1";"sv: švédština";"FIC: beletrie";"NOV: próza";"X: neuvedeno";"X: neuvedeno";"na procházce nenápadně přichomýtl k Balderovi a ukradl mu elektronické";"informace přes NFC";". “ </s><s> „ Přes co ? “ </s><s> „ Near Field"
"1";"de: němčina";"FIC: beletrie";"NOV: próza";"X: neuvedeno";"X: neuvedeno";"cesta . </s><s> Nebo to bylo naopak a Kevin sehnal její";"číslo přes Sackbauerovou";"a Jana ? </s><s> Spolupracují ve skutečnosti všichni tři ? </s><s> To"
"1";"ja: japonština";"FIC: beletrie";"NOV: próza";"X: neuvedeno";"X: neuvedeno";"<s> Od skupinových výcviků ve stylu Boot Camp pro nově přijaté";"zaměstnance přes summer";"sessions pro pracovníky uprostřed kariéry , pořádaná v luxusních hotelích"
"1";"en: angličtina";"FIC: beletrie";"NOV: próza";"X: neuvedeno";"X: neuvedeno";"Declana na nábřeží , kde měly autobusy konečnou a vzala";"to přes O’Connellův";"most a pak doleva směrem k Smithfieldu . </s><s> Když dojela"
"1";"en: angličtina";"FIC: beletrie";"NOV: próza";"X: neuvedeno";"X: neuvedeno";"<s> Snažila jsem se vzpomenout , kdy naposled jsem si přetahovala";"přikrývku přes docela";"bezvládná stehna , a pak jsem usnula . </s><s> Jaký Asher"
"1";"cs: čeština";"FIC: beletrie";"NOV: próza";"X: neuvedeno";"X: neuvedeno";"ale široká a udržovaná . </s><s> Dnes poskakuju z kamene na";"kámen přes dávno";"vyschlá koryta potoků , které se během let rozlily do"
"1";"cs: čeština";"FIC: beletrie";"NOV: próza";"X: neuvedeno";"X: neuvedeno";"ke svému cíli , musím to celé obejít a vzít";"to přes St";". Anne’s Court . </s><s> To mě pěkně naštvalo . </s><s> V"
"1";"en: angličtina";"FIC: beletrie";"NOV: próza";"X: neuvedeno";"X: neuvedeno";", prostřílené tělo svého otce v podpaží a vlekl jsem";"ho přes křídou";"zakreslený obrys , přes žlutě očíslovaná místa dopadu nábojnic ,"
"1";"en: angličtina";"FIC: beletrie";"NOV: próza";"X: neuvedeno";"X: neuvedeno";"<s> Kupujeme si aplikace a hudbu u Applu . </s><s> Objednáváme si";"řidiče přes Uber";"a pronajímáme si byty přes Airbnb . </s><s> Společnosti v HR"
"1";"en: angličtina";"FIC: beletrie";"NOV: próza";"X: neuvedeno";"X: neuvedeno";"narovná a jediným bleskovým nedělitelným pohybem zdvihne oštěp a zabodne";"ho přes lehce";"ušlapaný sníh do těla tuleně , který se právě připlul"
"1";"en: angličtina";"FIC: beletrie";"NOV: próza";"X: neuvedeno";"X: neuvedeno";"“ </s><s> Zničehonic držel Izák v ruce křišťálový meč . </s><s> Podíval";"se přes Saveriana";"na Melissan , která se držela několik stop za generálem"
"1";"nl: nizozemština";"FIC: beletrie";"NOV: próza";"X: neuvedeno";"X: neuvedeno";", Verversrui , do Schipperstraat , a pak dál na";"sever , přes Brouwersvliet";"do Spanjaardstraat na nábřeží u Bonapartedok . </s><s> Není to šik"
"1";"cs: čeština";"FIC: beletrie";"NOV: próza";"X: neuvedeno";"X: neuvedeno";". </s><s> Že by se měla účastnit bojové strategie ? </s><s> Dostat";"se přes Uroboros";"až k Radě ? </s><s> Nepřipadá v úvahu . </s><s> Ziva měla"
"1";"en: angličtina";"FIC: beletrie";"COL: kratší próza";"X: neuvedeno";"X: neuvedeno";"oběma : "" A pak odjedeme do Londýna . </s><s> Přeplavíme";"se přes La";"Manche a navštívíme bohatého a váženého otce tmavovlasé Leonory . </s>"
"1";"cs: čeština";"FIC: beletrie";"COL: kratší próza";"X: neuvedeno";"X: neuvedeno";"odstěhoval úplně . </s><s> Chodí do práce , dostává za to";"něco přes 300";"eur a nadává na svoje sousedy , kteří nedělají nic"
"1";"cs: čeština";"FIC: beletrie";"COL: kratší próza";"X: neuvedeno";"X: neuvedeno";"Eda Nováková si prostředníčkem posunula brýle na nose , zvedla";"límec přes krátce";"střižené vlasy a schovala ruku do kapsy . </s><s> V druhé"
"1";"en: angličtina";"FIC: beletrie";"COL: kratší próza";"X: neuvedeno";"X: neuvedeno";"ústí Temže a odtud do moře . </s><s> Bazalgette vymyslel gigantický";"projekt – přes 700";"kilometrů hlavní kanalizace , přes 20 000 kilometrů přípojek a"
"1";"ru: ruština";"FIC: beletrie";"COL: kratší próza";"X: neuvedeno";"X: neuvedeno";"provinilo záporožský vojsko ? </s><s> Snad tím , že převedlo tvou";"armádu přes Perekop";"a pomohlo tvejm vlastním jenerálům porubat krymskýho chána … ?"
"1";"cs: čeština";"FIC: beletrie";"COL: kratší próza";"X: neuvedeno";"X: neuvedeno";"<s> Jo , kilometry ? </s><s> To přesně neví , ale odhadem";"něco přes 250";". </s><s> To už Jendovi nedá a zkouší totéž na Calvinovi"
"1";"cs: čeština";"FIC: beletrie";"COL: kratší próza";"X: neuvedeno";"X: neuvedeno";"zpět k autu a vrátit se do Calgary . </s><s> Plánujeme";"to přes prvního";"srpna , kdy je v Kanadě státní svátek a Christine"
"1";"cs: čeština";"FIC: beletrie";"COL: kratší próza";"X: neuvedeno";"X: neuvedeno";"<s> Jedeme nakoupit nějaké potraviny , lahvinku Baileys , a vracíme";"se přes Deer";"Lake . </s><s> Tam odbočujeme na silničku směr na Národní park"
"1";"cs: čeština";"FIC: beletrie";"COL: kratší próza";"X: neuvedeno";"X: neuvedeno";"ke střetu mezi Švédy a císařskou armádou , majícímu za";"oběť přes 1000";"vojáků ? </s><s> Smrt tady však nesázela do úrodné půdy jen"
"1";"cs: čeština";"FIC: beletrie";"COL: kratší próza";"X: neuvedeno";"X: neuvedeno";"pokud šlo o první splátku , dlužil ještě včetně úroků";"něco přes 15";"000 Kč . </s><s> Na první splátku si Maier půjčil opět"
"1";"cs: čeština";"FIC: beletrie";"COL: kratší próza";"X: neuvedeno";"X: neuvedeno";"obrátil s diskrétním problémem : nemohl by Rousek převést nějaké";"lidi přes „";"zelenou “ hranici do západního Německa ? </s><s> Jednalo by se"
"1";"cs: čeština";"FIC: beletrie";"COL: kratší próza";"X: neuvedeno";"X: neuvedeno";"večer , vyvezl z poloviny plnou konev na skládku vzdálenou";"něco přes půldruhého";"kilometru . </s><s> Tam založil velký oheň a všechny kuličky s"
"1";"cs: čeština";"FIC: beletrie";"VER: poezie";"X: neuvedeno";"X: neuvedeno";"není budoucnosti až </s><s> tomu sami uvěřili </s><s> a teď pláčou jenom";"to přes";"</s><s> zlaté masky není vidět ještě </s><s> opakují stará zaklínadla </s><s> ještě vyvěšují"
"1";"de: němčina";"FIC: beletrie";"SCR: drama";"X: neuvedeno";"X: neuvedeno";": Vážně ? </s><s> STEFAN : Vím , že jdu přes";"propast , přes níž";"není most – leč už se nebojím ! </s><s> PETER :"
"1";"sv: švédština";"FIC: beletrie";"SCR: drama";"X: neuvedeno";"X: neuvedeno";"<s> Neslyšel ani auta , takže se jednoho dne vyřítil na";"červenou přes Mechelinovu";"ulici a … </s><s> Předtím volně pobíhal po hřbitovu a já"
"1";"sv: švédština";"NFC: oborová literatura";"SCI: odborná literatura";"HUM: humanitní vědy";"HIS: historie, biografie";"původ v nacistickém rabování . </s><s> V Nizozemsku úřady zveřejnily seznam";"čítající přes 4";"000 takových děl , vystavených ve státních nizozemských muzeích . </s>"
"1";"sv: švédština";"NFC: oborová literatura";"SCI: odborná literatura";"HUM: humanitní vědy";"HIS: historie, biografie";"<s> Kancelář pro městskou výstavbu vypočítala , že musí vzít za";"své přes 50";"000 bytů . </s><s> Stará budova Říšského sněmu , která v"
"1";"en: angličtina";"NFC: oborová literatura";"POP: populárně naučná literatura";"HUM: humanitní vědy";"HIS: historie, biografie";"<s> Proč námořníci opustili lodě a vydali se na sebevražedný pochod";"dlouhý přes 1200";"km přes vodopády a peřeje ? </s><s> Proč naložili do improvizovaných"
"1";"en: angličtina";"NFC: oborová literatura";"POP: populárně naučná literatura";"HUM: humanitní vědy";"HIS: historie, biografie";"„ nezávislosti “ Náhorního Karabachu , oblasti , která měla";"něco přes 100";"000 obyvatel , byl původně kouzelnický trik , který Arménii"
"1";"cs: čeština";"NFC: oborová literatura";"SCI: odborná literatura";"HUM: humanitní vědy";"LAN: filologie";"nebo měřítky lexikálně omezenými ( jako u tvarů na -";"ismus , přes aj";". ) . </s><s> U obtíží z hlediska píšícího je třeba"
"1";"cs: čeština";"NFC: oborová literatura";"SCI: odborná literatura";"HUM: humanitní vědy";"LAN: filologie";"komponent vedly k podobně vysoké korelaci – v obou případech";"něco přes 0,7";". </s><s> V budoucnu je třeba zjistit , zda se informace"
"1";"cs: čeština";"NFC: oborová literatura";"POP: populárně naučná literatura";"HUM: humanitní vědy";"LAN: filologie";"a proto mu navrhl , že mu zajistí emigraci na";"západ přes NDR";", aby mu tak zachránil život . </s><s> Pro doručení dopisu"
"1";"cs: čeština";"NFC: oborová literatura";"SCI: odborná literatura";"HUM: humanitní vědy";"ART: umění, architektura";"Nabukadnezarovy doby , vyplývá , že opevněné jádro města mělo";"rozlohu přes 400";"hektarů a počet jeho obyvatel se odhaduje na 75 tisíc"
"1";"cs: čeština";"NFC: oborová literatura";"SCI: odborná literatura";"HUM: humanitní vědy";"ART: umění, architektura";"zasypán jako mohyla , mající rozlohu asi 25 hektarů a";"výšku přes 110";"metrů . </s><s> Do této mohyly zatím archeologové prozíravě nezasáhli a"
"1";"cs: čeština";"NFC: oborová literatura";"SCI: odborná literatura";"HUM: humanitní vědy";"ART: umění, architektura";"jeho centrální areál s téměř třemi tisíci stavebními soubory měl";"rozlohu přes 30";"km2 . </s><s> Počet obyvatel Teotihuacánu se odhaduje na čtvrt miliónu"
"1";"cs: čeština";"NFC: oborová literatura";"SCI: odborná literatura";"HUM: humanitní vědy";"ART: umění, architektura";"1 . tisíciletí n . l . , kdy mělo";"rozlohu přes 60";"km2 a počet jeho obyvatel překročil padesát tisíc . </s><s> Jen"
"1";"cs: čeština";"NFC: oborová literatura";"SCI: odborná literatura";"HUM: humanitní vědy";"ART: umění, architektura";"z nepálených cihel opevněná část „ šachristan “ o rozloze";"něco přes 3";"hektary se nazývala Ičan - Kala . </s><s> Ve městě ,"
"1";"cs: čeština";"NFC: oborová literatura";"POP: populárně naučná literatura";"HUM: humanitní vědy";"ART: umění, architektura";"Petrohradě otevřený roku 1785 s více než 100 obchody měl";"rozlohu přes 53";"000 m2 . </s><s> Křišťálový palác v Londýně postavený roku 1851"
"1";"cs: čeština";"NFC: oborová literatura";"SCI: odborná literatura";"SSC: sociální vědy";"ECO: ekonomie, obchod, logistika";"dosahovat průměru EU - 27 . </s><s> Naopak nejvyšší PP obdrží";"Řecko ( přes 500";"eur / ha ) , Malta , Holandsko a Belgie"
"1";"cs: čeština";"NFC: oborová literatura";"PRO: profesní literatura";"SSC: sociální vědy";"ECO: ekonomie, obchod, logistika";"platby umožnit všem plátcům a příjemcům provádět a přijímat mobilní";"platby přes SEPA";"a tím vytvářet bezpečné prostředí pro mnoho zúčastněných stran působících"
"1";"cs: čeština";"NFC: oborová literatura";"PRO: profesní literatura";"SSC: sociální vědy";"ECO: ekonomie, obchod, logistika";"skladu * 23 000 položek se v DC otočilo za";"rok * Přes 10";"000 aktivních zákazníků * 2000 – 4000 objednávek denně podle"
"1";"cs: čeština";"NFC: oborová literatura";"PRO: profesní literatura";"SSC: sociální vědy";"ECO: ekonomie, obchod, logistika";". </s><s> Zatímco jeho účet @ SlavekSobotka měl ke konci července";"něco přes 3,5";"tisíce sledujících , nejvlivnější osobnosti se pohybují ve zcela jiných"
"1";"cs: čeština";"NFC: oborová literatura";"PRO: profesní literatura";"SSC: sociální vědy";"ECO: ekonomie, obchod, logistika";"nízkou spotřebu paliva a naprosté pohodlí při řízení . </s><s> Vynikající";"výkon přes 360";"kW podává i motorová brzda . </s><s> Díky třístupňovému ovládání je"
"1";"cs: čeština";"NFC: oborová literatura";"PRO: profesní literatura";"SSC: sociální vědy";"ECO: ekonomie, obchod, logistika";"Starém Městě , kde po rekonstrukci mají vzniknout byty za";"cenu přes 400";"tisíc korun za metr . </s><s> Pro srovnání , za tuto"
"1";"cs: čeština";"NFC: oborová literatura";"PRO: profesní literatura";"SSC: sociální vědy";"ECO: ekonomie, obchod, logistika";"km / h za 3,5 sekundy a dojezd na jedno";"nabití přes 500";"kilometrů . </s><s> Specialitou auta bude také rychlé dobíjení , díky"
"1";"cs: čeština";"NFC: oborová literatura";"PRO: profesní literatura";"SSC: sociální vědy";"ECO: ekonomie, obchod, logistika";"novém centrálním hubu společnosti Geis v Modleticích u Prahy hlídá";"balíky přes 200";"kamer . </s><s> Monitorovací systém , který je propojený s automatickým"
"1";"cs: čeština";"NFC: oborová literatura";"PRO: profesní literatura";"SSC: sociální vědy";"ECO: ekonomie, obchod, logistika";"vážící šest a půl tuny a Macík z něj dostal";"rychlost přes 60";"km / h . </s><s> Pro tento model se rozhodl ,"
"1";"cs: čeština";"NFC: oborová literatura";"PRO: profesní literatura";"SSC: sociální vědy";"ECO: ekonomie, obchod, logistika";"– podobně jako v Praze – o 50 procent na";"něco přes 3000";"objednávek za den . </s><s> V celé České republice se tak"
"1";"en: angličtina";"NFC: oborová literatura";"POP: populárně naučná literatura";"SSC: sociální vědy";"POL: politika, vojenství";"Kremlem a ve správní radě má ministra energetiky , zajišťovala";"přepravu přes 90";"% ruské ropy . </s><s> Nikdo nemohl Navalnému předhazovat , že"
"1";"cs: čeština";"NFC: oborová literatura";"SCI: odborná literatura";"SSC: sociální vědy";"LAW: právo";"– řečeno hovorovou češtinou dnešních dní – potížistou . </s><s> Nepřenesl";"se přes –";"možná domnělou , možná skutečnou – křivdu a údery oplácel"
"1";"cs: čeština";"NFC: oborová literatura";"POP: populárně naučná literatura";"SSC: sociální vědy";"SOC: sociologie";"roku 1997 byly relativně malé objemem pomoci , vybrali jsme";"něco přes 20";"milionů . </s><s> Soustředili jsme se především na dobrovolníky , které"
"1";"cs: čeština";"NFC: oborová literatura";"POP: populárně naučná literatura";"SSC: sociální vědy";"REC: sport, rekreace, hobby";"dobrý ; po necelém 1 km pozor na málo značený";"přejezd přes málo";"frekventovanou silnici . 1,4 km 2 </s><s> 2 Pískovna Písák –"
"1";"cs: čeština";"NFC: oborová literatura";"SCI: odborná literatura";"NAT: přírodní vědy";"BIO: biologie";"<s> V potravě netopýra ušatého ( Plecotus auritus ) představují největší";"podíl ( přes 40";"druhů ) imaga i housenky můrovitých ( Noctuidae ) ,"
"1";"cs: čeština";"NFC: oborová literatura";"SCI: odborná literatura";"NAT: přírodní vědy";"BIO: biologie";"České republiky . </s><s> Prvních deset nejběžnějších typů současné krajiny zaujímá";"rozlohu přes 40";". 000 km2 , tedy více než 50 % státního"
"1";"cs: čeština";"NFC: oborová literatura";"POP: populárně naučná literatura";"NAT: přírodní vědy";"BIO: biologie";"obnovující přestárlé bukové kmenoviny , kde mají nejstarší živé stromy";"věk přes 200";"let . </s><s> Dalším příkladem může být těsně za západní hranicí"
"1";"en: angličtina";"NFC: oborová literatura";"POP: populárně naučná literatura";"NAT: přírodní vědy";"PHY: fyzika";"dnešních oceánů a navíc by ohřálo celý povrch Země na";"teplotu přes 1";"300 kelvinů . </s><s> A trvalo by více než 1 000"
"1";"en: angličtina";"NFC: oborová literatura";"POP: populárně naučná literatura";"NAT: přírodní vědy";"PHY: fyzika";"měření stáří vzorků lávy z této oblasti ukazují na hodnoty";"něco přes 4";"miliardy let . </s><s> Samotná existence těchto hornin na dnešním povrchu"
"1";"en: angličtina";"NFC: oborová literatura";"POP: populárně naučná literatura";"NAT: přírodní vědy";"PHY: fyzika";"ovladač . 7 K rameni vozíku má Stephen připevněnu malou";"obrazovku , přes níž";"víceméně neustále blikají série elektronických slov a písmen . </s><s> Stephen"
"1";"en: angličtina";"NFC: oborová literatura";"POP: populárně naučná literatura";"NAT: přírodní vědy";"PHY: fyzika";"jen asi 6 procent , dnešní solární články však vykazují";"účinnost přes 40";"procent . </s><s> Určitě jste už viděli solární panely na střechách"
"1";"de: němčina";"NFC: oborová literatura";"POP: populárně naučná literatura";"NAT: přírodní vědy";"GEO: geografie, geologie";"Leedesovi , se podařilo z Goy uprchnout . </s><s> Pozemní cestou";"se přes Bidžapur";"a Gólkondu jako první Evropané dostali ke dvoru velkého mughala"
"1";"de: němčina";"NFC: oborová literatura";"POP: populárně naučná literatura";"NAT: přírodní vědy";"GEO: geografie, geologie";". </s><s> V lednu 1588 Fitch pokračoval do Malakky , odtud";"se přes Martaban";"( dnešní Mottama ) vrátil do Pegu a Bengálska a"
"1";"cs: čeština";"NFC: oborová literatura";"SCI: odborná literatura";"NAT: přírodní vědy";"MED: lékařství";"spojovány s výsledkem terapie zahrnují stadium při stanovení diagnózy ,";"věk přes 40";"let , velikost tumoru , prasknutí tumoru , histologický obraz"
"1";"cs: čeština";"NFC: oborová literatura";"SCI: odborná literatura";"NAT: přírodní vědy";"MED: lékařství";"a dále do perilymfy . </s><s> Tekutina je nestlačitelná , proto";"se přes helikotremu";"vlna šíří dál až k okrouhlému okénku . </s><s> Změnou tlaku"
"1";"cs: čeština";"NFC: oborová literatura";"PRO: profesní literatura";"NAT: přírodní vědy";"MED: lékařství";"dosahuje 77 % , přičemž odborníci považují za optimální hod";"notu přes 95";"% . </s><s> Tento trend přičítá MUDr . Herber nástupu antivakcinačních"
"1";"cs: čeština";"NFC: oborová literatura";"PRO: profesní literatura";"NAT: přírodní vědy";"AGR: zemědělství, chovatelství";"milionů korun v nových lokalitách . </s><s> Celkem tak cílí na";"obrat přes 1,2";"miliardy korun . </s><s> V expanzi má supermarketu pomoci také lednových"
"1";"cs: čeština";"NFC: oborová literatura";"PRO: profesní literatura";"NAT: přírodní vědy";"AGR: zemědělství, chovatelství";"s nejvyšší bonitou se tak v extrémních případech obchodovaly za";"ceny přes 30";"Kč / m2 . </s><s> Pokud jde o velikost pozemků ,"
"1";"cs: čeština";"NFC: oborová literatura";"PRO: profesní literatura";"NAT: přírodní vědy";"AGR: zemědělství, chovatelství";"z ekonomických výsledků od 421 podniků – členů svazu obhospodařujících";"výměru přes 660";"tisíc hektarů zemědělské půdy . </s><s> Příčiny poklesu </s><s> Hlavními příčinami výrazného"
"1";"cs: čeština";"NFC: oborová literatura";"PRO: profesní literatura";"NAT: přírodní vědy";"AGR: zemědělství, chovatelství";"20 evropských států , uskutečnila celkem 312 zastávek a navštívilo";"ji přes 51";"000 návštěvníků . </s><s> „ Zetor Tractor Show je jedinečnou akcí"
"1";"cs: čeština";"NFC: oborová literatura";"PRO: profesní literatura";"NAT: přírodní vědy";"AGR: zemědělství, chovatelství";"20 evropských států , uskutečnila celkem 312 zastávek a navštívilo";"ji přes 51";"000 návštěvníků Foto archiv </s><s> Během Zetor Tractor Show se mohou"
"1";"cs: čeština";"NFC: oborová literatura";"PRO: profesní literatura";"NAT: přírodní vědy";"AGR: zemědělství, chovatelství";"ekofarem s chovem drůbeže , počet chovaných zvířat ale činí";"něco přes 40";"000 kusů . </s><s> „ V rámci chovu drůbeže pokračovala růstová"
"1";"cs: čeština";"NFC: oborová literatura";"PRO: profesní literatura";"NAT: přírodní vědy";"AGR: zemědělství, chovatelství";"<s> „ Můj názor je ten , že kdo bude mít";"pole přes 30";"hektarů , neměl by na tu plochu brát dotace ,"
"1";"en: angličtina";"NFC: oborová literatura";"POP: populárně naučná literatura";"FTS: formální a technické vědy";"MAT: matematika";"to Look at Networking “ . </s><s> zpět </s><s> zavedla pakety přepínající";"síť přes „";"ptačí posly “ </s><s> zpět </s><s> „ Řekni to znova , něco"
"1";"cs: čeština";"NFC: oborová literatura";"PRO: profesní literatura";"FTS: formální a technické vědy";"TEC: technika";". Sokanským na poli žárovek – a vůbec , když";"se přes doc";". Stýskalu ohlásil doc . Kvarčák , že potřebuje „"
"1";"cs: čeština";"NFC: oborová literatura";"PRO: profesní literatura";"FTS: formální a technické vědy";"TEC: technika";"Zákaznických centrech se teď lidé mohou zdarma připojit na rychlý";"internet přes wi";"- f , “ uvedl Pavel Cyrani , ředitel divize"
"1";"cs: čeština";"NFC: oborová literatura";"PRO: profesní literatura";"FTS: formální a technické vědy";"TEC: technika";"klasické žebřinové konstrukci nabízí při celkové hmotnosti 3,5 tuny užitečné";"zatížení přes 1,6";"tuny , takže se hodí pro lehčí nástavby . </s><s> Rám"
"1";"cs: čeština";"NFC: oborová literatura";"PRO: profesní literatura";"FTS: formální a technické vědy";"TEC: technika";"a signalizační přístroje být také připojeny s minimalizovanými požadavky na";"propojení přes AS";"- Interface , IO - Link nebo Profinet . </s><s> V"
"1";"cs: čeština";"NFC: oborová literatura";"PRO: profesní literatura";"FTS: formální a technické vědy";"TEC: technika";"skladba z hlediska kvalifikace ? </s><s> Cofely v České republice má";"něco přes 400";"zaměstnanců . </s><s> Skladba profesí kopíruje projektový cyklus , takže tu"
"1";"cs: čeština";"NFC: oborová literatura";"PRO: profesní literatura";"FTS: formální a technické vědy";"TEC: technika";"Michaelu Vítovi tříletá podmínka . </s><s> Během ní musí zaplatit ministerstvu";"škodu přes 1,7";"milionu korun ) . </s><s> Bohužel , jak jsme tomu byli"
"1";"cs: čeština";"NFC: oborová literatura";"PRO: profesní literatura";"FTS: formální a technické vědy";"TEC: technika";"<s> PŘI POTÍŽÍCH VYJÍŽDĚJÍ TRAKTORY </s><s> Silničáři mají v Pardubickém kraji na";"starosti přes 3";"tisíce kilometrů silnic . </s><s> Jakmile je zima náročná , přechází"
"1";"cs: čeština";"NFC: oborová literatura";"PRO: profesní literatura";"FTS: formální a technické vědy";"TEC: technika";"m n . m . Nejvyšší nadloží horniny nad tunelem";"je přes 2300";"m . </s><s> Příčné propojky mezi tunely jsou v maximální vzdálenosti"
"1";"cs: čeština";"NFC: oborová literatura";"PRO: profesní literatura";"FTS: formální a technické vědy";"TEC: technika";". ) </s><s> Širokospektrální laserový zdroj generuje optické záření , které";"se přes cirkulátor";"šíří pomocí optických vláken přes Braggovy mřížky ( FBG )"
"1";"cs: čeština";"NFC: oborová literatura";"PRO: profesní literatura";"FTS: formální a technické vědy";"TEC: technika";"zvyšování produktivity a snižování spotřeby energií . </s><s> Dnešní předpěňovadla mají";"výkony přes 3000";"kg / hod . , blokové formy objem nad 6"
"1";"cs: čeština";"NFC: oborová literatura";"PRO: profesní literatura";"FTS: formální a technické vědy";"TEC: technika";"lidí ze 160 zemí . </s><s> A pro ně připravilo své";"expozice přes 2500";"vystavovatelů z 55 zemí . </s><s> To jsou opravdu velká čísla"
"1";"cs: čeština";"NFC: oborová literatura";"PRO: profesní literatura";"FTS: formální a technické vědy";"TEC: technika";"sítí propojujících na jednotné platformě vše od komponent I /";"O přes PLC";"a HMI / SCADA až po systémy MES , problematikou"
"1";"cs: čeština";"NFC: oborová literatura";"PRO: profesní literatura";"FTS: formální a technické vědy";"TEC: technika";"současný generální ředitel Madety . </s><s> Zdaníme výrazně platy , i";"ty přes 40";"tis . Kč . </s><s> Tím budeme dále demotivovat podnikavost a"
"1";"cs: čeština";"NFC: oborová literatura";"PRO: profesní literatura";"FTS: formální a technické vědy";"TEC: technika";"možné vidět produkty více než 1 800 vystavovatelů . </s><s> Navštívilo";"jej přes 434";"tisíc lidí z více než 180 zemí světa . </s><s> To"
"1";"cs: čeština";"NFC: oborová literatura";"POP: populárně naučná literatura";"FTS: formální a technické vědy";"TEC: technika";"000 Kč a vrták na 3 hodiny vás vyjde na";"něco přes 500";"Kč , na 1 – 3 dny 520 Kč za"
"1";"cs: čeština";"NFC: oborová literatura";"POP: populárně naučná literatura";"FTS: formální a technické vědy";"TEC: technika";"urychlit , ale také nabíjet současně dva přístroje najednou ,";"jeden přes USB";"a druhý bezdrátově . </s><s> V nabídce najdeme v současné době"
"1";"cs: čeština";"NFC: oborová literatura";"POP: populárně naučná literatura";"FTS: formální a technické vědy";"TEC: technika";"21 : 04 ’ 48 ” , což znamená průměrnou";"rychlost přes 77";"km / h . </s><s> Závod se postupně rozvíjel a lákal"
"1";"cs: čeština";"NFC: oborová literatura";"POP: populárně naučná literatura";"FTS: formální a technické vědy";"TEC: technika";"dlouho bojoval . </s><s> Ani zesílená verze od roku 2002 nevydrží";"moc přes 200";"000 km , kompletní oprava stojí do 20 000 Kč"
"1";"cs: čeština";"NFC: oborová literatura";"POP: populárně naučná literatura";"FTS: formální a technické vědy";"TEC: technika";"zaplatit za ni musíte minimálně 295 000 USD , tedy";"něco přes 7,41";"milionu korun . </s><s> Za tuto sumu dostanete krásně tvarovaný stroj"
"1";"cs: čeština";"NFC: oborová literatura";"POP: populárně naučná literatura";"FTS: formální a technické vědy";"TEC: technika";"údaje výrobce ) zaručuje při vcelku nízké spotřebě paliva jízdní";"dosah přes 360";"km . </s><s> Zajímavé bylo zjištění , že po přepnutí palivového"
"1";"cs: čeština";"NFC: oborová literatura";"POP: populárně naučná literatura";"FTS: formální a technické vědy";"TEC: technika";"? </s><s> V současné době probíhá rozsáhlé testování , během něhož";"se přes 60";"dobrovolníků snaží tyto boty všemožně namáhat , odhalovat nedokonalosti a"
"1";"cs: čeština";"NFC: oborová literatura";"POP: populárně naučná literatura";"FTS: formální a technické vědy";"TEC: technika";"za stovky tisíc korun nebo jednoduchou infrakameru s pohybovým čidlem";"spojenou přes wi-fis";"chytrým telefonem nebo tabletem v ceně několika málo tisíc korun"
"1";"de: němčina";"NFC: oborová literatura";"PRO: profesní literatura";"FTS: formální a technické vědy";"ICT: výpočetní technika";"volání funkce : ACALL jako 2 bytovou instrukci ( relativní";"volání přes 2";"Kbyty ) a LCALL jako 3 bytovou instrukci ( absolutní"
"1";"de: němčina";"NFC: oborová literatura";"PRO: profesní literatura";"FTS: formální a technické vědy";"ICT: výpočetní technika";"Kbyty ) a LCALL jako 3 bytovou instrukci ( absolutní";"volání přes 64";"Kbytů ) . </s><s> Pro statické funkce kompilátor použije ACALL ,"
"1";"cs: čeština";"NFC: oborová literatura";"PRO: profesní literatura";"FTS: formální a technické vědy";"ICT: výpočetní technika";"v Novém Jičíně téměř na 216 m2 prodejní a skladovací";"plochy přes 13";"tisíc položek , od žárovek přes kabely , topná tělesa"
"1";"cs: čeština";"NFC: oborová literatura";"PRO: profesní literatura";"FTS: formální a technické vědy";"ICT: výpočetní technika";"Tilelook se rozhodli všechny potřebné knihovny umístit na síťové úložiště";"přístupné přes .";"</s><s> Dále je na síťovém úložišti knihovna materiálů . </s><s> Všechny tyto"
"1";"cs: čeština";"NFC: oborová literatura";"PRO: profesní literatura";"FTS: formální a technické vědy";"ICT: výpočetní technika";"dvojím způsobem . </s><s> Pro stroje s PLC automaty jde o";"připojení přes OPC";"server . </s><s> Zejména starší typy strojů jsou připojeny přes I"
"1";"cs: čeština";"NFC: oborová literatura";"POP: populárně naučná literatura";"FTS: formální a technické vědy";"ICT: výpočetní technika";"640 XL DS . </s><s> Baterie má v případě XXL smartphonů";"kapacitu přes 2";"600 mAh . </s><s> Největší má Honor 6 Plus - 3"
"1";"cs: čeština";"NFC: oborová literatura";"POP: populárně naučná literatura";"FTS: formální a technické vědy";"ICT: výpočetní technika";"klíče - i kdyby se totiž někomu podařilo zachytit pakety";"odeslané přes VPN";", ty budou nesrozumitelné pro každého , kdo nemá k"
"1";"cs: čeština";"NFC: oborová literatura";"POP: populárně naučná literatura";"FTS: formální a technické vědy";"ICT: výpočetní technika";", požádejte o pomoc podporu , rádi pomohou . </s><s> Připojte";"se přes FTP";"</s><s> Po registraci a platbě získáte přístup do administrace hostingu ,"
"1";"cs: čeština";"NFC: oborová literatura";"POP: populárně naučná literatura";"FTS: formální a technické vědy";"ICT: výpočetní technika";"SQ5 </s><s> Společnost Delphi vyslala vůz Audi SQ5 na autonomní jízdu";"dlouhou přes 5";"300 km ze San Franciska do New Yorku . </s><s> Cesta"
"1";"cs: čeština";"NFC: oborová literatura";"POP: populárně naučná literatura";"FTS: formální a technické vědy";"ICT: výpočetní technika";"portů HDMI ( ač zatížené licenčními poplatky ) nenabídne i";"připojení přes DisplayPort";", který je v mnoha ohledech vhodnější . </s><s> Podíval jsem"
"1";"cs: čeština";"NFC: oborová literatura";"POP: populárně naučná literatura";"FTS: formální a technické vědy";"ICT: výpočetní technika";", podpora titulků , teletextu či záznam vysílání na externí";"úložiště přes USB";"obvykle nechybí . </s><s> Dražší varianty už si s multimédii poradí"
"1";"cs: čeština";"NFC: oborová literatura";"POP: populárně naučná literatura";"FTS: formální a technické vědy";"ICT: výpočetní technika";"této legendy pod názvem Leisure Suit Larry Reloaded . </s><s> Vybralo";"se přes 655";"000 dolarů </s><s> Leisure Suit Larry to dotáhl až do sedmé"
"1";"cs: čeština";"NFC: oborová literatura";"POP: populárně naučná literatura";"FTS: formální a technické vědy";"ICT: výpočetní technika";"upgradem informováni . </s><s> Kromě snadného přechodu na Windows 10 nabízí";"upgrade přes GWX";"ještě jednu důležitou výhodu : pokud se vám nový operační"
"1";"cs: čeština";"NFC: oborová literatura";"POP: populárně naučná literatura";"FTS: formální a technické vědy";"ICT: výpočetní technika";"postihují často uživatele , kteří pro přístup na internet používají";"připojení přes VPN";". </s><s> Pokud je to i váš případ , deaktivujte software"
"1";"cs: čeština";"NFC: oborová literatura";"POP: populárně naučná literatura";"FTS: formální a technické vědy";"ICT: výpočetní technika";"ukládání záloh - ať už instalovaný přímo v počítači ,";"připojený přes USB";", nebo v podobě síťového úložiště ( NAS serveru )"
"1";"cs: čeština";"NFC: oborová literatura";"POP: populárně naučná literatura";"FTS: formální a technické vědy";"ICT: výpočetní technika";"nejlepších PCIe / M . 2 SSD disků očekávat přenosové";"rychlosti přes 2";"500 MB / s . Vítězný disk Intel SSD 750"
"1";"cs: čeština";"NFC: oborová literatura";"POP: populárně naučná literatura";"FTS: formální a technické vědy";"ICT: výpočetní technika";"vše vyladit s cílem širší kompatibility . </s><s> VoLTE v praxi </s><s>";"Volání přes LTE";"u nás prozatím spustili jen dva operátoři , jako první"
"1";"cs: čeština";"NFC: oborová literatura";"POP: populárně naučná literatura";"FTS: formální a technické vědy";"ICT: výpočetní technika";"s , nejnižší rychlost pak bude 150 kb / s";"dosažená přes 1";"MHz kanál . </s><s> Aby se dalo využít oněch 18 Mb"
"1";"cs: čeština";"NFC: oborová literatura";"POP: populárně naučná literatura";"FTS: formální a technické vědy";"ICT: výpočetní technika";"obejdete . </s><s> Tím spíš , když většina modelů dnes podporuje";"nabíjení přes USB";"( a tedy dobít přístroj v autě není problém )"
"1";"cs: čeština";"NFC: oborová literatura";"POP: populárně naučná literatura";"FTS: formální a technické vědy";"ICT: výpočetní technika";". </s><s> Princip je jednoduchý , čtečka má integrovanou baterii ,";"napájenou přes USB";"port , a Wi-Fi adaptér 802 . 11 n ,"
"1";"cs: čeština";"NFC: oborová literatura";"POP: populárně naučná literatura";"FTS: formální a technické vědy";"ICT: výpočetní technika";", které používáte i na mobilním telefonu , však nechte";"autorizaci přes 2";"FA povolenu , protože byste se k nim jinak nepřihlásili"
"1";"cs: čeština";"NFC: oborová literatura";"POP: populárně naučná literatura";"FTS: formální a technické vědy";"ICT: výpočetní technika";". </s><s> Ochrana U2F stále není dost rozšířená Dodnes bezpečnou dvoufaktorovou";"autorizaci přes USB";"klíč většina služeb nepodporuje . </s><s> Kromě průkopníků , ke kterým"
"1";"cs: čeština";"NFC: oborová literatura";"POP: populárně naučná literatura";"FTS: formální a technické vědy";"ICT: výpočetní technika";"zabezpečíte také svůj domácí Wi-Fi router , popřípadě použijete šifrované";"připojení přes VPN";", můžete se celkem s klidem zapojit do současného trendu"
"1";"cs: čeština";"NFC: oborová literatura";"POP: populárně naučná literatura";"FTS: formální a technické vědy";"ICT: výpočetní technika";". </s><s> Proč to taxikářům vadí , je jasné : vozit";"lidi přes Uber";"může každý , zatímco běžný taxikář musí projít nelehkými zkouškami"
"1";"cs: čeština";"NFC: oborová literatura";"POP: populárně naučná literatura";"FTS: formální a technické vědy";"ICT: výpočetní technika";". </s><s> Je možné jej použít jako NAS server , přidat";"připojení přes LTE";"nebo tuner DVB - T nebo třeba vyměnit Wi-Fi kartu"
"1";"cs: čeština";"NFC: oborová literatura";"POP: populárně naučná literatura";"FTS: formální a technické vědy";"ICT: výpočetní technika";"15,6 “ IPS displej s Full HD rozlišením a připojuje";"se přes USB";"- C port pro přenos signálu i pro napájení . </s>"
"1";"cs: čeština";"NFC: oborová literatura";"POP: populárně naučná literatura";"FTS: formální a technické vědy";"ICT: výpočetní technika";"název ( » SSID « ) , zakázat potenciálně zranitelné";"připojování přes WPS";"a začít filtrovat připojovaná zařízení podle unikátní MAC adresy jejich"
"1";"cs: čeština";"NFC: oborová literatura";"POP: populárně naučná literatura";"FTS: formální a technické vědy";"ICT: výpočetní technika";"budete potřebovat záznamovou kartu , která umí zachytit libovolný obraz";"přenášený přes HDMI";". </s><s> To znamená , že k ní bude připojen obrazový"
"1";"cs: čeština";"NFC: oborová literatura";"POP: populárně naučná literatura";"FTS: formální a technické vědy";"ICT: výpočetní technika";"celé roky , až si v papírových bankovkách přišel na";"částku přes 7";"milionů čínských juanů , což po přepočtu činí 23,5 milionů"
"1";"de: němčina";"NFC: oborová literatura";"POP: populárně naučná literatura";"ITD: interdisciplinární";"ITD: interdisciplinární";"338 000 říšských marek , obdrželi ovšem od Hitlera bezúročnou";"půjčku přes 200";"000 marek , která byla posléze zaúčtována jako honorář za"
"1";"cs: čeština";"NFC: oborová literatura";"POP: populárně naučná literatura";"ITD: interdisciplinární";"ITD: interdisciplinární";"městských aglomeracích v 70 . letech v Dánsku a odtud";"se přes USA";"rozšířil po celém světě . </s><s> Lidé cítili potřebu se sdružovat"
"1";"cs: čeština";"NFC: oborová literatura";"POP: populárně naučná literatura";"ITD: interdisciplinární";"ITD: interdisciplinární";"sekvoj vždyzelená ( Sequoia sempervirens ) , která dokáže atakovat";"výšku přes 100";"metrů . </s><s> Podobně je na tom douglaska tisolistá ( Pseudotsuga"
"1";"cs: čeština";"NFC: oborová literatura";"MEM: memoáry, autobiografie";"MEM: memoáry, autobiografie";"MEM: memoáry, autobiografie";"- a museli jsme si narychlo zvyknout na příšerně obrovské";"divadlo ( přes 3000";"duší ! ) - a tak nám dva z místních"
"1";"en: angličtina";"NFC: oborová literatura";"MEM: memoáry, autobiografie";"MEM: memoáry, autobiografie";"MEM: memoáry, autobiografie";"George Luz v roce 1998 zemřel , přišlo na jeho";"pohřeb přes 1600";"lidí - svědčilo to o jeho úžasné povaze a zapojení"
"1";"en: angličtina";"NFC: oborová literatura";"MEM: memoáry, autobiografie";"MEM: memoáry, autobiografie";"MEM: memoáry, autobiografie";"hodnota její sbírky do roku 2008 nepochybně stoupla , má";"cenu přes 100";"milionů dolarů . </s><s> Madonna mě v mém ateliéru ještě nikdy"
"1";"en: angličtina";"NFC: oborová literatura";"MEM: memoáry, autobiografie";"MEM: memoáry, autobiografie";"MEM: memoáry, autobiografie";"byl v uspořádání kabiny . </s><s> Chtělo to naučit se sledovat";"zem přes sféricky";"zakřivené skleněné plochy kabiny navigátora , který seděl před pilotem"
"1";"cs: čeština";"NFC: oborová literatura";"MEM: memoáry, autobiografie";"MEM: memoáry, autobiografie";"MEM: memoáry, autobiografie";"kuchyňské soli . </s><s> Krusta mocná 20 až 90 cm pokrývá";"plochu přes 200";"km2 . </s><s> Jen na povrchu je 90 milionů tun zásob"
"1";"cs: čeština";"NFC: oborová literatura";"MEM: memoáry, autobiografie";"MEM: memoáry, autobiografie";"MEM: memoáry, autobiografie";"<s> Jeli jsme známou cestou přes národní park Mikumi a vyšplhali";"se přes escarpment";", kterým si proráží cestu řeka Great Ruaha , na"
"1";"de: němčina";"NFC: oborová literatura";"MEM: memoáry, autobiografie";"MEM: memoáry, autobiografie";"MEM: memoáry, autobiografie";"proto byla 30 . září přesunuta dopředu a vynutila si";"přechod přes Vop";"a další řeky ve Smolenské oblasti . </s><s> Útok začal 2"
"1";"cs: čeština";"NFC: oborová literatura";"MEM: memoáry, autobiografie";"MEM: memoáry, autobiografie";"MEM: memoáry, autobiografie";"budovu . </s><s> Vlastnická práva získal Slovnaft , když uplatnil záložní";"právo přes ČSOB";". </s><s> Soud později tento převod potvrdil . </s><s> Bezútěšnou kondici Petrimexu"
"1";"en: angličtina";"NFC: oborová literatura";"MEM: memoáry, autobiografie";"MEM: memoáry, autobiografie";"MEM: memoáry, autobiografie";"se dostalo slovo „ whatsappen “ , což znamená poslat";"zprávu přes WhatsApp";". </s><s> Brazilští profesionální fotbalisté si pomocí aplikace domlouvali organizaci stávek"
"1";"cs: čeština";"NFC: oborová literatura";"MEM: memoáry, autobiografie";"MEM: memoáry, autobiografie";"MEM: memoáry, autobiografie";"spustila , jako bych patnáct let neviděla jídlo . </s><s> Tenhle";"týden přes 40";"kilometrů . </s><s> Září , zdá se , bude zase po"
"1";"cs: čeština";"NFC: oborová literatura";"MEM: memoáry, autobiografie";"MEM: memoáry, autobiografie";"MEM: memoáry, autobiografie";"jasné , kam až dojdeme . </s><s> Chtěli bychom udělat zase";"něco přes 20";"km . </s><s> Bude míň kopců , tak to snad půjde"
"1";"cs: čeština";"NFC: oborová literatura";"ADM: administrativa";"ADM: administrativa";"ADM: administrativa";"ČP akceptuje objednatelem řádně vyplněnou a potvrzenou elektronickou objednávku ,";"odeslanou přes .";"</s><s> b ) neregistrovaného uživatele : okamžikem , kdy je ČP"
"1";"cs: čeština";"NMG: publicistika";"NEW: tradiční publicistika";"X: neuvedeno";"NTW: celostátní tisk";"Červeného kříže uvádí , že v Sýrii potřebuje naléhavou humanitární";"pomoc přes 12";"milionů obyvatel . </s><s> Téměř polovinu tvoří děti . </s><s> Doufejme ,"
"1";"cs: čeština";"NMG: publicistika";"NEW: tradiční publicistika";"X: neuvedeno";"NTW: celostátní tisk";"do současné doby do modernizace parku svých vozidel pro regionální";"dopravu přes 14";"miliard korun , ve všech krajích jezdí nová i výrazně"
"1";"cs: čeština";"NMG: publicistika";"NEW: tradiční publicistika";"X: neuvedeno";"NTW: celostátní tisk";"takto umírá předčasně více než 75 lidí , tedy za";"rok přes 27";"000 zemřelých . </s><s> Ministerstvo zdravotnictví nevidělo , neslyšelo , ač"
"1";"cs: čeština";"NMG: publicistika";"NEW: tradiční publicistika";"X: neuvedeno";"NTW: celostátní tisk";"o azyl směřuje do SRN , loni jich tam podalo";"žádost přes 202";"000 . </s><s> Následuje Švédsko ( 13 % ) , Itálie"
"1";"cs: čeština";"NMG: publicistika";"NEW: tradiční publicistika";"X: neuvedeno";"NTW: celostátní tisk";", v Česku téměř nezměnil . </s><s> Stínovou ekonomiku pokládá za";"hrozbu přes 60";"procent českých firem . </s><s> Nejvíc vadí daňové úniky </s><s> Podnikatelské prostředí"
"1";"cs: čeština";"NMG: publicistika";"NEW: tradiční publicistika";"X: neuvedeno";"NTW: celostátní tisk";"mohutné nerezové nádrže , tanky , z nichž každá má";"objem přes 2000";"hektolitrů . </s><s> Bernard je potřebuje kvůli stoupající výrobě loni zavedené"
"1";"cs: čeština";"NMG: publicistika";"NEW: tradiční publicistika";"X: neuvedeno";"NTW: celostátní tisk";"Číně ročně změní majitele šest milionů ojetých vozů a prodá";"se přes 20";"milionů nových . </s><s> V Evropě nebo USA je tento podíl"
"1";"cs: čeština";"NMG: publicistika";"NEW: tradiční publicistika";"X: neuvedeno";"NTW: celostátní tisk";"dubna výpovědi . </s><s> Na druhé pololetí by měl spolek získat";"dotaci přes 6,5";"milionu korun . </s><s> Tento týden ji projedná rada města a"
"1";"cs: čeština";"NMG: publicistika";"NEW: tradiční publicistika";"X: neuvedeno";"NTW: celostátní tisk";"Pitr či Libor Procházka z IPB . </s><s> Zkušený právník zná";"Máchovou přes 30";"let . </s><s> Jsou kamarádi a Máchová mu byla i na"
"1";"cs: čeština";"NMG: publicistika";"NEW: tradiční publicistika";"X: neuvedeno";"NTW: celostátní tisk";"prostoru bývalého stadionu za Lužánkami . </s><s> Mobilní tribuny budou mít";"kapacitu přes 20";"000 diváků . </s><s> Cena vstupenky na jedno extraligové utkání bude"
"1";"cs: čeština";"NMG: publicistika";"NEW: tradiční publicistika";"X: neuvedeno";"NTW: celostátní tisk";"Filozofické fakulty Univerzity Karlovy mají ze všech humanitních fakult nejvyšší";"mzdy : přes 30";"tisíc korun a zároveň nejvyšší zaměstnanost 96 procent . </s><s> „"
"1";"cs: čeština";"NMG: publicistika";"NEW: tradiční publicistika";"X: neuvedeno";"NTW: celostátní tisk";") osvobozenému v kauze údajných machinací s pozemky přiznal stát";"odškodnění přes 203";"tisíc korun . </s><s> Kittner požadoval zhruba 214 tisíc korun ,"
"1";"cs: čeština";"NMG: publicistika";"NEW: tradiční publicistika";"X: neuvedeno";"NTW: celostátní tisk";"přitom takových kotlů více než 5000 . </s><s> Kraj získal na";"projekt přes 140";"milionů korun , na kotle z toho půjde zhruba 135"
"1";"cs: čeština";"NMG: publicistika";"NEW: tradiční publicistika";"X: neuvedeno";"NTW: celostátní tisk";"<s> Kromě toho provádíme kontroly , kterých bylo jen za loňský";"rok přes 400";". </s><s> Uložili jsme 262 pokut a nákladů řízení za více"
"1";"cs: čeština";"NMG: publicistika";"NEW: tradiční publicistika";"X: neuvedeno";"NTW: celostátní tisk";"Svazu maďarských nákupních center . </s><s> Obří nákupní středisko má přitom";"plochu přes 66";"tisíc metrů čtverečních a je tu 200 obchodů . </s><s> V"
"1";"cs: čeština";"NMG: publicistika";"NEW: tradiční publicistika";"X: neuvedeno";"NTW: celostátní tisk";"za měsíc . </s><s> Víc než 17 procent pražských středoškoláků má";"kapesné přes 1000";"Kč měsíčně . </s><s> Průměrná výše kapesného v hlavním městě je"
"1";"cs: čeština";"NMG: publicistika";"NEW: tradiční publicistika";"X: neuvedeno";"NTW: celostátní tisk";"nebylo rozhodnuto , “ dodal . </s><s> PPF nyní vlastní v";"Cetinu přes 90";"procent akcií a v O2 má téměř 85procentní podíl . </s>"
"1";"cs: čeština";"NMG: publicistika";"NEW: tradiční publicistika";"X: neuvedeno";"NTW: celostátní tisk";"půda </s><s> ostatní </s><s> trvalé travní porosty </s><s> České ekologické zemědělství každoročně spolkne";"dotace přes 1,2";"miliardy korun , ale drtivou většinu bio půdy tvoří louky"
"1";"cs: čeština";"NMG: publicistika";"NEW: tradiční publicistika";"X: neuvedeno";"NTW: celostátní tisk";". </s><s> Velmi dobrým představitelem střední třídy je TomTom Multisport za";"něco přes 5000";"Kč , špičku pak tvoří třeba Garmin Forerunner 910 s"
"1";"cs: čeština";"NMG: publicistika";"NEW: tradiční publicistika";"X: neuvedeno";"NTW: celostátní tisk";"obyvatelstva . </s><s> Tomu napomohly výsledky tehdejšího cenzu , v němž";"se přes 60";"procent lidí označilo za indiány , což však bylo dáno"
"1";"cs: čeština";"NMG: publicistika";"NEW: tradiční publicistika";"X: neuvedeno";"NTW: celostátní tisk";"kvůli pití slazených nápojů . </s><s> Podle průzkumů vypije Mexičan za";"rok přes 700";"plechovek coly , což je osmkrát více než světový průměr"
"1";"cs: čeština";"NMG: publicistika";"NEW: tradiční publicistika";"X: neuvedeno";"NTW: celostátní tisk";"loňském roce meziročně stouply o 19 procent na dosud nejvyšší";"úroveň přes 9,55";"miliardy eur ( zhruba 258 miliard Kč ) . </s><s> Nejvíce"
"1";"cs: čeština";"NMG: publicistika";"NEW: tradiční publicistika";"X: neuvedeno";"NTW: celostátní tisk";"vydělali 25 tisíc , jejich kolegové z kamionů pak jen";"něco přes 19";"tisíc korun . </s><s> U obou skupin také platy rostly pomaleji"
"1";"cs: čeština";"NMG: publicistika";"NEW: tradiční publicistika";"X: neuvedeno";"NTW: celostátní tisk";"roce 2012 dostal Úřad práce částku na investiční pobídky pro";"zaměstnavatele přes 590";"milionů korun . </s><s> Využil jich jen kolem 250 milionů . </s>"
"1";"cs: čeština";"NMG: publicistika";"NEW: tradiční publicistika";"X: neuvedeno";"NTW: celostátní tisk";"podle potřeby . </s><s> Některé žárovky se ovládají přes Bluetooth ,";"jiné přes wi-fia";"k některým lze nastavit i vzdálený přístup . </s><s> Rozsvítit si"
"1";"cs: čeština";"NMG: publicistika";"NEW: tradiční publicistika";"X: neuvedeno";"NTW: celostátní tisk";"týká turecké elektrárny Adularya . </s><s> Jak psaly HN již na";"podzim , přes 100";"milionů korun z projektu dluží ČKD Praha DIZ společnost Vítkovice"
"1";"cs: čeština";"NMG: publicistika";"NEW: tradiční publicistika";"X: neuvedeno";"NTW: celostátní tisk";"výhodné . </s><s> Společnost o dvou zaměstnancích měla v roce 2014";"příjmy přes 41,7";"milionu korun a zisk před zdaněním zhruba sedm milionů . </s>"
"1";"cs: čeština";"NMG: publicistika";"NEW: tradiční publicistika";"X: neuvedeno";"NTW: celostátní tisk";"tuzemská soukromá zařízení kapacitu kolem 1500 lůžek , veřejné školy";"něco přes 61";"tisíc . </s><s> Měsíční cena za lůžko v soukromé studentské rezidenci"
"1";"cs: čeština";"NMG: publicistika";"NEW: tradiční publicistika";"X: neuvedeno";"NTW: celostátní tisk";"tak zatímco z čistého zisku za loňský rok šlo na";"dividendy přes 90";"procent , za rok 2016 to bude podle návrhu představenstva"
"1";"cs: čeština";"NMG: publicistika";"NEW: tradiční publicistika";"X: neuvedeno";"NTW: celostátní tisk";"tisíc . </s><s> Druhým nejčastějším jazykem je němčina - učí se";"ji přes 163";"tisíc dětí . </s><s> Ministerstvo školství neeviduje , kolik je v"
"1";"cs: čeština";"NMG: publicistika";"NEW: tradiční publicistika";"X: neuvedeno";"NTW: celostátní tisk";"střední meetingy od 50 do 150 účastníků . </s><s> Ty tvoří";"něco přes 36";"procent všech akcí . </s><s> Nejčastěji kongresy a konference probíhají od"
"1";"cs: čeština";"NMG: publicistika";"NEW: tradiční publicistika";"X: neuvedeno";"NTW: celostátní tisk";"byl loni nepravomocně odsouzený ke 13 letům vězení za daňové";"úniky přes 6";"miliard korun . </s><s> Dopustil se jich tak , že před"
"1";"cs: čeština";"NMG: publicistika";"NEW: tradiční publicistika";"X: neuvedeno";"NTW: celostátní tisk";"oblíbených šmoulích hitů . </s><s> Během loňského turné na Slovensku navštívilo";"show přes 30";"tisíc diváků . </s><s> Představení si užijí nejmenší děti , stejně"
"1";"cs: čeština";"NMG: publicistika";"NEW: tradiční publicistika";"X: neuvedeno";"NTW: celostátní tisk";"Když jsou na startu tři koně , kteří mají průběžný";"handicap přes 80";"kg , není to dostih třetí kategorie , ale první"
"1";"cs: čeština";"NMG: publicistika";"NEW: tradiční publicistika";"X: neuvedeno";"NTW: celostátní tisk";"poslední zprávy o finančních výsledcích vydělal jen za letošní první";"čtvrtletí přes 2,5";"miliardy korun před zdaněním a odpisy . </s><s> Politici jako hosté"
"1";"cs: čeština";"NMG: publicistika";"NEW: tradiční publicistika";"X: neuvedeno";"NTW: celostátní tisk";"herní simulace . </s><s> Například předloni měl trh s romantickými hrami";"hodnotu přes 130";"milionů dolarů ( 3,3 miliardy Kč ) . </s><s> „ Skoro"
"1";"cs: čeština";"NMG: publicistika";"NEW: tradiční publicistika";"X: neuvedeno";"NTW: celostátní tisk";"odcizených platebních karet se jim z bankomatů pak podařilo vytáhnout";"něco přes 400";"tisíc . </s><s> Gangu hrozí až osmileté vězení a je ve"
"1";"cs: čeština";"NMG: publicistika";"NEW: tradiční publicistika";"X: neuvedeno";"NTW: celostátní tisk";", že za zhruba dva roky v Iráku přišlo o";"život přes 18";"tisíc civilistů . </s><s> IS se podle zprávy dopouští zločinů . </s>"
"1";"cs: čeština";"NMG: publicistika";"NEW: tradiční publicistika";"X: neuvedeno";"NTW: celostátní tisk";"Cachová . </s><s> Po pěti letech plných různých zranění Cachová poskládala";"sedmiboj přes 6000";"bodů , výkon 6285 při domácím šampionátu jí zajistil start"
"1";"cs: čeština";"NMG: publicistika";"NEW: tradiční publicistika";"X: neuvedeno";"NTW: celostátní tisk";"ze státního , například zjistilo , že 400 ukrajinských poslanců";"vlastní přes 12";"miliard hřiven ( asi stejně v korunách ) . </s><s> Neobtěžují"
"1";"cs: čeština";"NMG: publicistika";"NEW: tradiční publicistika";"X: neuvedeno";"NTW: celostátní tisk";"průběhu roku , “ dodal . </s><s> Job Air Technic zaměstnává";"něco přes 200";"lidí . </s><s> Kvůli navýšení kapacity ale vedení firmy počítá s"
"1";"cs: čeština";"NMG: publicistika";"NEW: tradiční publicistika";"X: neuvedeno";"NTW: celostátní tisk";"tanec , je to řeč , jejíž pulsující rytmus žene";"čtenáře přes výše";"vyjmenované otázky do světa románu a pak zase zpátky do"
"1";"cs: čeština";"NMG: publicistika";"NEW: tradiční publicistika";"X: neuvedeno";"NTW: celostátní tisk";"<s> Letos přesáhly patnáct miliard korun z celkových nákladů na zdravotní";"péči přes 260";"miliard korun . </s><s> Nápad by se mohl ujmout . </s><s> „"
"1";"cs: čeština";"NMG: publicistika";"NEW: tradiční publicistika";"X: neuvedeno";"NTW: celostátní tisk";", šéf hotelové sítě EuroAgentur , která v Česku provozuje";"přes přes 40";"hotelů . </s><s> Podle něj těžily hotely hlavně z nového přílivu"
"1";"cs: čeština";"NMG: publicistika";"NEW: tradiční publicistika";"X: neuvedeno";"NTW: celostátní tisk";"regionu , jímž je dlouhodobě Chile s průměrným příjmem na";"hlavu přes 25";"tisíc dolarů . </s><s> V případě Peru je to zatím pouze"
"1";"cs: čeština";"NMG: publicistika";"NEW: tradiční publicistika";"X: neuvedeno";"NTW: celostátní tisk";"vykázal zisk 6,4 miliardy dolarů . </s><s> Naproti tomu Amazon měl";"obrat přes 135";"miliard dolarů , ovšem zisk jen 2,4 miliardy dolarů . </s>"
"1";"cs: čeština";"NMG: publicistika";"NEW: tradiční publicistika";"X: neuvedeno";"NTW: celostátní tisk";". </s><s> Včelka nyní nabízí přes stovku různých cvičení a používá";"ji přes 400";"škol a 25 odborných pracovišť , kde se dětem s"
"1";"cs: čeština";"NMG: publicistika";"NEW: tradiční publicistika";"X: neuvedeno";"NTW: celostátní tisk";"a bannery na internetu . </s><s> Celkem si za to řekla";"něco přes 3,5";"milionu korun . </s><s> Další dvě firmy , které se do"
"1";"cs: čeština";"NMG: publicistika";"NEW: tradiční publicistika";"X: neuvedeno";"NTW: celostátní tisk";"mu na stavbu za celkovou cenu 53 milionů korun získat";"dotaci přes 21";"milionů . </s><s> Jenže radnice se překvapivě rozhodla celé řízení zrušit"
"1";"cs: čeština";"NMG: publicistika";"NEW: tradiční publicistika";"X: neuvedeno";"NTW: celostátní tisk";"a v zimě stopy ve sněhu . </s><s> Když narazí na";"stopy , přes GPS";"je zaznamenají do mapy , změří , vyfotí , případně"
"1";"cs: čeština";"NMG: publicistika";"NEW: tradiční publicistika";"X: neuvedeno";"NTW: celostátní tisk";"v Česku používá kolem 16 tisíc lidí . </s><s> Stáhlo si";"ji přes 35";"tisíc lidí . </s><s> Peníze na další aktualizaci systému získalo Čisté"
"1";"cs: čeština";"NMG: publicistika";"NEW: tradiční publicistika";"X: neuvedeno";"NTW: celostátní tisk";". </s><s> „ Nacházelo se tady velké ležení bezdomovců . </s><s> Odvezlo";"se přes 100";"tun odpadu , to množství nás během celé renovace jednoznačně"
"1";"cs: čeština";"NMG: publicistika";"NEW: tradiční publicistika";"X: neuvedeno";"NTW: celostátní tisk";", krajů či obcí . </s><s> Někteří z nich mají celkovou";"odměnu přes 200";"000 Kč měsíčně na osobu , což se jeví jako"
"1";"cs: čeština";"NMG: publicistika";"NEW: tradiční publicistika";"X: neuvedeno";"NTW: celostátní tisk";"byla loni v našem městě kostnice v Sedleci . </s><s> Navštívilo";"ji přes 431";"000 lidí ( dle statistiky Středočeského kraje ) . </s><s> Komu"
"1";"cs: čeština";"NMG: publicistika";"NEW: tradiční publicistika";"X: neuvedeno";"NTW: celostátní tisk";"Brno má 110 tisíc metrů pronajímatelných ploch a Galerie Vaňkovka";"něco přes 37";"tisíc . </s><s> První část nákupního centra Aupark v Brně měla"
"1";"cs: čeština";"NMG: publicistika";"NEW: tradiční publicistika";"X: neuvedeno";"NTW: celostátní tisk";"milionů korun a 120 zaměstnanců . </s><s> Pražská plynárenská – má";"obrat přes 12";"miliard korun a 360 zaměstnanců . </s><s> Loni vydělala 1,6 miliardy"
"1";"cs: čeština";"NMG: publicistika";"NEW: tradiční publicistika";"X: neuvedeno";"NTW: celostátní tisk";"potvrdil Štěch . </s><s> Díky výsledku v referendu , kde bylo";"pro přes 58";"procent členů , probíhají jednání o menšinové vládě strany s"
"1";"cs: čeština";"NMG: publicistika";"NEW: tradiční publicistika";"X: neuvedeno";"NTW: celostátní tisk";"žalující v něm upozorňuje , že televize loni utratila za";"dopravu přes 68";"milionů korun , na tyto služby však nevypsala souhrnné výběrové"
"1";"cs: čeština";"NMG: publicistika";"NEW: tradiční publicistika";"X: neuvedeno";"NTW: celostátní tisk";", pomocí níž si mohou klienti spořitelny mezi sebou posílat";"peníze přes SMS";". </s><s> Bance se tento systém řízení osvědčil , a tak"
"1";"cs: čeština";"NMG: publicistika";"NEW: tradiční publicistika";"X: neuvedeno";"NTW: celostátní tisk";"se měl Wilson zúčastnit přehlídky jednotek československých legií , které";"se přes USA";"vracely domů ze sibiřské anabáze . </s><s> Kvůli silnému dešti nakonec"
"1";"cs: čeština";"NMG: publicistika";"NEW: tradiční publicistika";"X: neuvedeno";"NTW: celostátní tisk";"2,99 procenta . </s><s> „ Všechny banky již nyní budou mít";"sazby přes nebo";"na hranici tří procent . </s><s> Nižší budou spíše výjimkou ,"
"1";"cs: čeština";"NMG: publicistika";"NEW: tradiční publicistika";"X: neuvedeno";"NTW: celostátní tisk";"Československa a 25 let od založení České republiky . </s><s> Vidělo";"je přes 32";"tisíc lidí . </s><s> Do komory je uzamklo sedm klíčníků –"
"1";"cs: čeština";"NMG: publicistika";"NEW: tradiční publicistika";"X: neuvedeno";"NTW: celostátní tisk";"elektrické energie . </s><s> Čtyřicetitunové oběžné kolo s vyšší účinností má";"průměr přes 4,5";"metru a roztáčí jednu ze dvou turbín Dlouhých strání . </s>"
"1";"cs: čeština";"NMG: publicistika";"NEW: tradiční publicistika";"X: neuvedeno";"NTW: celostátní tisk";"jen potřeba vložit fotku , případně napsat komentář a zadat";"polohu přes GPS";"v mobilu , nebo ji ručně vyhledat na mapě . </s>"
"1";"cs: čeština";"NMG: publicistika";"NEW: tradiční publicistika";"X: neuvedeno";"NTW: celostátní tisk";"<s> Dostat do Přibyslavi letištní cisternu širokou téměř tři metry ,";"dlouhou přes 20";"metrů a vážící 51 tun , která musí být na"
"1";"cs: čeština";"NMG: publicistika";"NEW: tradiční publicistika";"X: neuvedeno";"NTW: celostátní tisk";"sídlištích . </s><s> Potřebovali tam kolem 30 procent a dostali jen";"něco přes 20";"procent . </s><s> Osobně mi připadá , že ani Petr Stuchlík"
"1";"cs: čeština";"NMG: publicistika";"NEW: tradiční publicistika";"X: neuvedeno";"NTW: celostátní tisk";"také v Jinonicích , Košířích a Radlicích . </s><s> Za průměrné";"ceny přes 12";"milionů korun byly rodinné domy obchodovány ve Velké Chuchli ,"
"1";"cs: čeština";"NMG: publicistika";"NEW: tradiční publicistika";"X: neuvedeno";"NTW: celostátní tisk";"provozuje čtyři menší vodní elektrárny . </s><s> O rumunské firmy projevilo";"zájem přes 30";"uchazečů . </s><s> V Polsku vlastní ČEZ například uhelné zdroje . </s>"
"1";"cs: čeština";"NMG: publicistika";"NEW: tradiční publicistika";"X: neuvedeno";"NTW: celostátní tisk";"loňský obrat družstva Detecha . </s><s> O rok dříve mělo družstvo";"obrat přes 111";"milionů korun . </s><s> Simona Janíková , </s><s> Pokud se zařízení v"
"1";"cs: čeština";"NMG: publicistika";"NEW: tradiční publicistika";"X: neuvedeno";"NTW: celostátní tisk";"ve prospěch charitativních organizací . </s><s> Od té doby dal na";"dobročinnost přes 34,5";"miliardy dolarů ( zhruba 773 miliard korun ) . </s><s> VATIKÁN </s>"
"1";"cs: čeština";"NMG: publicistika";"NEW: tradiční publicistika";"X: neuvedeno";"NTW: celostátní tisk";"v roce 2013 dostalo do červených čísel , byť měla";"tržby přes 13";"miliard korun . </s><s> Tank Ono čelilo také obviněním , že"
"1";"cs: čeština";"NMG: publicistika";"NEW: tradiční publicistika";"X: neuvedeno";"NTW: celostátní tisk";", kontakty , aplikace , wi-fisítě , sdílené disky ,";"připojení přes VPN";"atd . </s><s> A pokud se telefon rozbije , kurýr do"
"1";"cs: čeština";"NMG: publicistika";"NEW: tradiční publicistika";"X: neuvedeno";"NTW: celostátní tisk";"víc konzervativní . </s><s> LN Kolik klientů , kteří dnes pronajímají";"byt přes Flatio";", ho dřív pronajímalo krátkodobě ? </s><s> Asi 80 procent majitelů"
"1";"cs: čeština";"NMG: publicistika";"NEW: tradiční publicistika";"X: neuvedeno";"NTW: celostátní tisk";"českém prostředí poměrně úspěšný . </s><s> Otec Martin odehrál za pražskou";"Spartu přes 200";"zápasů , ke čtrnácti utkáním dokonce nastoupil i v reprezentaci"
"1";"cs: čeština";"NMG: publicistika";"NEW: tradiční publicistika";"X: neuvedeno";"NTW: celostátní tisk";"mezi lety 2012 až 2014 , kdy průměrná cena dosahovala";"částky přes 36";"korun a místy si pumpy účtovaly bezmála 40 korun . </s>"
"1";"cs: čeština";"NMG: publicistika";"NEW: tradiční publicistika";"X: neuvedeno";"NTW: celostátní tisk";"činil přínos do rozpočtu díky první a druhé vlně EET";"sumu přes 12";"miliard korun . </s><s> Dalších šest miliard ročně má do státní"
"1";"cs: čeština";"NMG: publicistika";"NEW: tradiční publicistika";"X: neuvedeno";"NTW: celostátní tisk";"jejich hospodaření za loňský rok . </s><s> Například sociální demokracie má";"ztrátu přes 33";"milionů korun . </s><s> V roce 2017 měla ČSSD ztrátu téměř"
"1";"cs: čeština";"NMG: publicistika";"NEW: tradiční publicistika";"X: neuvedeno";"NTW: celostátní tisk";". </s><s> Proto u nich také alespoň někdy nakupuje volně prodejný";"sortiment přes 90";"procent lidí mezi 15 a 59 lety . </s><s> A podle"
"1";"cs: čeština";"NMG: publicistika";"NEW: tradiční publicistika";"X: neuvedeno";"NTW: celostátní tisk";"Iliaš . </s><s> Tank utáhne i 30 tun </s><s> Zmíněný tank má";"váhu přes 45";"tun a jeho naviják zvládne pracovat s břemenem o váze"
"1";"cs: čeština";"NMG: publicistika";"NEW: tradiční publicistika";"X: neuvedeno";"NTW: celostátní tisk";"stylu neorenesančního dekorativismu znázorňující alegorické scény i mytologické výjevy a";"obsahující přes 250";"postav , navíc zasazené do ornamentálních rámů a doplněné dekorativní"
"1";"cs: čeština";"NMG: publicistika";"NEW: tradiční publicistika";"X: neuvedeno";"NTW: celostátní tisk";"skvěle našlápnuto . </s><s> V noci na pátek už může slavit";"postup přes Hurricanes";", v jejichž brance nahradil v úterý Petra Mrázka Curtis"
"1";"cs: čeština";"NMG: publicistika";"NEW: tradiční publicistika";"X: neuvedeno";"NTW: celostátní tisk";"<s> Možná měl na mysli Agrofert pobírající miliardy na dotacích a";"dlužící přes 35";"miliard korun ( údaj za rok 2017 ) . </s><s> Doleva"
"1";"cs: čeština";"NMG: publicistika";"NEW: tradiční publicistika";"X: neuvedeno";"REG: regionální tisk";"v jídelně ukradený přístroj . </s><s> Nezvaný host po sobě nechal";"škodu přes 6";". 000 korun . </s><s> Skončil v příkopu ŽĎÁRSKO – Péči"
"1";"cs: čeština";"NMG: publicistika";"NEW: tradiční publicistika";"X: neuvedeno";"REG: regionální tisk";"což se nakonec podařilo . </s><s> Sice jsem si musel klestit";"cestu přes celkově";"druhého Marka Sukupa , ale podařilo se . </s><s> Letošní sezona"
"1";"cs: čeština";"NMG: publicistika";"NEW: tradiční publicistika";"X: neuvedeno";"REG: regionální tisk";"jako platební kartou , “ popisuje technologii Michal Kozub . </s><s>";"Platbu přes NFC";"ale zatím podporuje jen málo bank . </s><s> 3 ) Apple"
"1";"cs: čeština";"NMG: publicistika";"NEW: tradiční publicistika";"X: neuvedeno";"REG: regionální tisk";"na svých mobilních zařízeních . </s><s> Přes 35 % respondentů poslouchá";"audioknihy přes audioknižní";"mobilní aplikace a 21 % lidí volí k poslechu jinou"
"1";"cs: čeština";"NMG: publicistika";"NEW: tradiční publicistika";"X: neuvedeno";"REG: regionální tisk";". </s><s> Během 9 dnů a 40 letových hodin absolvovala Electra";"přelet přes USA";", Kanadu , Grónsko , Island , Anglii , Holandsko"
"1";"cs: čeština";"NMG: publicistika";"NEW: tradiční publicistika";"X: neuvedeno";"REG: regionální tisk";"lovosický trenér Milan Berka . </s><s> Kouč zná recept , jak";"se přes 1";". kolo vyřazovací části dostat . </s><s> „ K vítězství nás"
"1";"cs: čeština";"NMG: publicistika";"NEW: tradiční publicistika";"X: neuvedeno";"REG: regionální tisk";"vyléčit , “ potvrzuje Václav Liška . </s><s> Plzeňští vědci zkoumají";"játra přes 13";"let . </s><s> „ V minulosti jsme na prasatech simulovali situaci"
"1";"cs: čeština";"NMG: publicistika";"NEW: tradiční publicistika";"X: neuvedeno";"REG: regionální tisk";"celkové plochy území 13 tisíc metrů čtverečních navrhovaná zástavba zabírá";"něco přes 7";"tisíc metrů . </s><s> Celá proměna je vyčíslena na tři čtvrtě"
"1";"cs: čeština";"NMG: publicistika";"NEW: tradiční publicistika";"X: neuvedeno";"REG: regionální tisk";"roku 2021 . </s><s> Na jeho obnovu získal Národní památkový ústav";"dotaci přes 110";"milionů korun , která promění vzhled areálu Horního zámku . </s>"
"1";"cs: čeština";"NMG: publicistika";"NEW: tradiční publicistika";"X: neuvedeno";"REG: regionální tisk";"etapou byl projekt Lesopark Borecké rybníky , který si vyžádal";"náklady přes 13";"milionů korun . </s><s> Soustavu rybníků tvoří Velký Borek , Horní"
"1";"cs: čeština";"NMG: publicistika";"NEW: tradiční publicistika";"X: neuvedeno";"REG: regionální tisk";"nejrůznější konektivita ( například Spotify Connect ) , potěší i";"připojení přes USB";". </s><s> V sestavě je zabudovaný subwoofer a zesilovač s výkonem"
"1";"cs: čeština";"NMG: publicistika";"NEW: tradiční publicistika";"X: neuvedeno";"REG: regionální tisk";"Oulehla . </s><s> Jeho tým tak ve druhé lize čeká na";"branku přes 350";"minut . </s><s> „ Hrajeme prakticky bez klasické devítky . </s><s> Teď"
"1";"cs: čeština";"NMG: publicistika";"NEW: tradiční publicistika";"X: neuvedeno";"REG: regionální tisk";"dramatický nárůst . </s><s> Letiště Václava Havla odbavilo v roce 2014";"něco přes 11";"milionů pasažérů . </s><s> Letos jich bylo už jen za prvních"
"1";"cs: čeština";"NMG: publicistika";"NEW: tradiční publicistika";"X: neuvedeno";"REG: regionální tisk";"kraji evidováno u individuálních držitelů na zbrojní průkaz či zbrojní";"licenci přes 50";"000 kusů střelných zbraní . </s><s> Na konci loňského roku to"
"1";"cs: čeština";"NMG: publicistika";"NEW: tradiční publicistika";"X: neuvedeno";"REG: regionální tisk";"Wurst . </s><s> Ustřižené kořeny </s><s> Kdysi jsme si na Osoblažsku zkrátili";"cestu přes nově";"založený sad . </s><s> V rohu jsme míjeli vrstvu ustřižených kořínků"
"1";"cs: čeština";"NMG: publicistika";"LEI: volnočasová publicistika";"X: neuvedeno";"HOU: bydlení, zahrada, hobby";"– dílce mají nadstandardní velikost ( například u dřevěných dekorů";"délku přes 1,5";"m , šířku přes 25 cm ) . </s><s> Tyto velké"
"1";"cs: čeština";"NMG: publicistika";"LEI: volnočasová publicistika";"X: neuvedeno";"HOU: bydlení, zahrada, hobby";"( například u dřevěných dekorů délku přes 1,5 m ,";"šířku přes 25";"cm ) . </s><s> Tyto velké formáty , ve spojení s"
"1";"cs: čeština";"NMG: publicistika";"LEI: volnočasová publicistika";"X: neuvedeno";"HOU: bydlení, zahrada, hobby";"sehnat bílá vejce ? </s><s> Máme pro vás tip : zkuste";"to přes interne";". . </s><s> 3 . Chystáte sváteční tabuli pro větší společnost"
"1";"cs: čeština";"NMG: publicistika";"LEI: volnočasová publicistika";"X: neuvedeno";"HOU: bydlení, zahrada, hobby";"vikýřů či štítu ) . </s><s> Střecha jako celek pak má";"životnost přes 100";"let . </s><s> DŘEVĚNÉ ŠINDELE </s><s> Šindel je určený převážně na střechy"
"1";"cs: čeština";"NMG: publicistika";"LEI: volnočasová publicistika";"X: neuvedeno";"HOU: bydlení, zahrada, hobby";"byť jen lístek na květině pohne , přístroj vám zašle";"oznámení přes SMS";"nebo e-mail . </s><s> Ale může se ozvat i prostřednictvím videosekvence"
"1";"cs: čeština";"NMG: publicistika";"LEI: volnočasová publicistika";"X: neuvedeno";"HOU: bydlení, zahrada, hobby";"EasyFlame Mini . </s><s> Nejen táborník pak ocení kompaktní rozměr i";"nabíjení přes USB";"kabel , ten je součástí balení . </s><s> Pureflame . cz"
"1";"cs: čeština";"NMG: publicistika";"LEI: volnočasová publicistika";"X: neuvedeno";"LIF: životní styl";". </s><s> KDYŽ SI VYBERETE Z NAŠICH TIPŮ A OBJEDNÁTE SI";"JE PŘES WWW";". </s><s> VLASTA . </s><s> CZ / CTENARSKYKLUB , ZÍSKÁTE SLEVU 10"
"1";"cs: čeština";"NMG: publicistika";"LEI: volnočasová publicistika";"X: neuvedeno";"LIF: životní styl";"<s> „ Naprosto boží aplikace . </s><s> Přijdeš někam , uděláš tam";"check-in přes Swarm";", a ostatní hned vědí , kde jsi . "" </s>"
"1";"cs: čeština";"NMG: publicistika";"LEI: volnočasová publicistika";"X: neuvedeno";"LIF: životní styl";"jemnou květinou </s><s> GIGI HADID nosí svou květinovou pěšinku ve vlasech";"čelenku přes";"</s><s> sladila čelenku s uzly s uzlem EMMA STONE na halence </s>"
"1";"cs: čeština";"NMG: publicistika";"LEI: volnočasová publicistika";"X: neuvedeno";"LIF: životní styl";"ze 14 . století . </s><s> Dnes si můžete prohlédnout trasu";"vedoucí přes 1";". až 5 . nádvoří . </s><s> Navštívit můžete takzvaný Horní"
"1";"cs: čeština";"NMG: publicistika";"LEI: volnočasová publicistika";"X: neuvedeno";"LIF: životní styl";"NAŠLI MIMO JINÉ 600 000 DOLARŮ NACPANÝCH V PYTLÍCH NA";"ODPADKY , PŘES 800";"PILULEK EXTÁZE A 78 KILOGRAMŮ KOKAINU . </s><s> PSAL SE ROK"
"1";"cs: čeština";"NMG: publicistika";"LEI: volnočasová publicistika";"X: neuvedeno";"LIF: životní styl";"tvoří pozadí tohoto mimořádného dobrodružství na horském kole . </s><s> Jede";"se přes Grießenkareck";"a pak </s><s> skrz bikepark do Wagrainu . </s><s> Ten nabízí 9"
"1";"cs: čeština";"NMG: publicistika";"LEI: volnočasová publicistika";"X: neuvedeno";"SCT: společenský život";"šaty roku 2015 koupil Čech Tomáš Petrů . </s><s> Vysolil za";"ně přes 100";"tisíc korun ! </s><s> Příběh šatů , které se staly největším"
"1";"cs: čeština";"NMG: publicistika";"LEI: volnočasová publicistika";"X: neuvedeno";"SCT: společenský život";"<s> Speciálně pro film bylo vytvořeno 30 nových dekorací a použilo";"se přes 300";"kostýmů . </s><s> 1 dabérka </s><s> Vicu Kerekes kvůli jejímu přízvuku nadabovala"
"1";"cs: čeština";"NMG: publicistika";"LEI: volnočasová publicistika";"X: neuvedeno";"SCT: společenský život";"dvou chat v rekreační oblasti poblíž Sychotína . </s><s> Chatařům způsobil";"škodu přes 30";"tisíc . </s><s> Po své ex chtěl sex </s><s> HODONÍNSKO - Poslední"
"1";"cs: čeština";"NMG: publicistika";"LEI: volnočasová publicistika";"X: neuvedeno";"SCT: společenský život";"osobní bankrot . </s><s> V hlavním turnaji se bude hrát o";"balík přes 200";"milionů 0 milion . </s><s> korun . </s><s> „ Vítěz téměř si"
"1";"cs: čeština";"NMG: publicistika";"LEI: volnočasová publicistika";"X: neuvedeno";"SCT: společenský život";"nad Jizerou Co je to krampus ? </s><s> Jde o tradici";"starou přes 500";"let , která vznikla v rakouských Alpách a odtud se"
"1";"cs: čeština";"NMG: publicistika";"LEI: volnočasová publicistika";"X: neuvedeno";"SCT: společenský život";"po </s><s> Když mám vlastní pojistku a dům je pojištěn n";"ji přes SVJ";", dostanu dvě odškodnění ? </s><s> „ Nedostanete . </s><s> „ V"
"1";"cs: čeština";"NMG: publicistika";"LEI: volnočasová publicistika";"X: neuvedeno";"SPO: sport";"závody v Novém Městě na Moravě sledovalo na programu ČT";"sport přes 2,5";"milionu diváků . </s><s> Co je to ale proti olympiádě v"
"1";"cs: čeština";"NMG: publicistika";"LEI: volnočasová publicistika";"X: neuvedeno";"INT: zajímavosti ze světa";"že budete mít internet v telefonu rychlejší než třeba domácí";"připojení přes ADSL";". </s><s> Dokonce už i odezvy , takzvané pingy , jsou"
"1";"cs: čeština";"NMG: publicistika";"LEI: volnočasová publicistika";"X: neuvedeno";"INT: zajímavosti ze světa";"o rok později 4,7 miliard . </s><s> Poslední statistiky dokonce hlásají";"útraty přes 7";"miliard ročně . </s><s> Počet srdečně-cévních chorob ale neubývá , nádorových"
"1";"cs: čeština";"NMG: publicistika";"LEI: volnočasová publicistika";"X: neuvedeno";"INT: zajímavosti ze světa";"<s> Je také nejlepším potápěčem mezi ploutvonožci , zaznamenaný rekordní ponor";"je přes 2000";"m . V těchto hloubkách loví ryby a hlavonožce . </s>"
"1";"cs: čeština";"NMG: publicistika";"LEI: volnočasová publicistika";"X: neuvedeno";"INT: zajímavosti ze světa";", kdy musí podle dohody s Gazpromem překročit nejrušnější silnici";"vedoucí přes Bovaněnkovo";". </s><s> Po dvou dnech putování industriálním bludištěm se konečně dostáváme"
"1";"cs: čeština";"NMG: publicistika";"LEI: volnočasová publicistika";"X: neuvedeno";"INT: zajímavosti ze světa";"vyšší hodnotou než průměrný plat většiny Evropanů . </s><s> Každou noc";"se přes krupiérské";"stoly protočí miliony dolarů a mnozí hazardéři tam již přišli"
"1";"cs: čeština";"NMG: publicistika";"LEI: volnočasová publicistika";"X: neuvedeno";"INT: zajímavosti ze světa";"„ příkop "" OE široký až 100 kilometrů . </s><s> Táhne";"se přes 6000";"kilometrů velké území , od severní Sýrie po centrální Mosambik"
"1";"cs: čeština";"NMG: publicistika";"LEI: volnočasová publicistika";"X: neuvedeno";"INT: zajímavosti ze světa";"vyráběl už ve 13 . století . </s><s> Velbloud dokáže vyvinout";"rychlost přes 60";"km / h , což je méně než u dostihových"
"1";"cs: čeština";"NMG: publicistika";"LEI: volnočasová publicistika";"X: neuvedeno";"INT: zajímavosti ze světa";". </s><s> Programovat můžete ve čtyřech různých úrovních : Od jednoduchého";"Javascript , přes microPython";"až po C + + . </s><s> Software pro ovládání najdete"
"1";"cs: čeština";"NMG: publicistika";"LEI: volnočasová publicistika";"X: neuvedeno";"INT: zajímavosti ze světa";"800 zlatých prutů , očíslovaných puncovní značkou . </s><s> Poklad měl";"hodnotu přes 26";"milionů liber , ekvivalent dnešních 87 milionů , v přepočtu"
"1";"cs: čeština";"NMG: publicistika";"LEI: volnočasová publicistika";"X: neuvedeno";"INT: zajímavosti ze světa";"Čech stráví u médií 9,6 hodiny denně , z toho";"se přes 1,2";"hodiny zabývá více než dvěma zdroji naráz . </s><s> Češi ve"
"1";"cs: čeština";"NMG: publicistika";"LEI: volnočasová publicistika";"X: neuvedeno";"MIX: společnost";"onkologické onemocnění . </s><s> Každý rok zemře v České republice na";"rakovinu přes 27";"000 lidí , což znamená , že každý den této"
"1";"cs: čeština";"NMG: publicistika";"LEI: volnočasová publicistika";"X: neuvedeno";"MIX: společnost";"odpovědnost jsou samozřejmě mnohem větší . </s><s> Jaký máte obrat ? </s><s>";"Něco přes 100";"milionů korun . </s><s> Máte vysokou vyprodanost . </s><s> Jste v zisku"
"1";"cs: čeština";"NMG: publicistika";"LEI: volnočasová publicistika";"X: neuvedeno";"MIX: společnost";". 7 . 1954 ) . </s><s> Za svůj život namalovala";"na přes 200";"olejomaleb , 20 akvarelů a kreseb , převážně autoportrétů . </s>"
"1";"cs: čeština";"NMG: publicistika";"LEI: volnočasová publicistika";"X: neuvedeno";"MIX: společnost";"apod . ) . </s><s> Že už teď se dá za";"částku přes 40";"tisíc korun koupit nová verze brýlí Google Glass s wi-fi"
"1";"cs: čeština";"NMG: publicistika";"LEI: volnočasová publicistika";"X: neuvedeno";"MIX: společnost";"se na oblečení sponou , hraje přes Bluetooth , dobíjí";"se přes USB";"a díky vestavěnému mikrofonu zvládne i služby hands-free . </s><s> HRAJEŠ"
"1";"cs: čeština";"NMG: publicistika";"LEI: volnočasová publicistika";"X: neuvedeno";"MIX: společnost";"mohl dosáhnout času 9,27 s , což by znamenalo nejvyšší";"rychlost přes 46";"km / h . </s><s> A co ženy ? </s><s> Také svět"
"3";"cs: čeština";"NMG: publicistika";"LEI: volnočasová publicistika";"X: neuvedeno";"HOU: bydlení, zahrada, hobby";"Přidejte 80 g kokosového P krému , 2 zmražené h";"banány ( přes zamražením";"je oloupejte ) a 1 / 3 hrnku čerstvých borůvek"
