"3";"en: angličtina";"NFC: oborová literatura";"POP: populárně naučná literatura";"NAT: přírodní vědy";"PHY: fyzika";"se ptát , jaký tvar dráhy planety mají . </s><s> Umístění";"Slunce doprostřed tedy";"prohlubuje harmonii světa . </s><s> Jakmile bylo jasné , že dráhy"
"3";"cs: čeština";"NMG: publicistika";"NEW: tradiční publicistika";"X: neuvedeno";"NTW: celostátní tisk";"dálky zkoušel neúspěšně také Advíncula , Guerrero mířil z přímého";"kopu doprostřed ...";"</s><s> Peruánci ve druhém poločase častěji drželi míč , více stříleli"
"3";"cs: čeština";"NMG: publicistika";"LEI: volnočasová publicistika";"X: neuvedeno";"HOU: bydlení, zahrada, hobby";"<s> Bedýnku zpevníte pomocí zadní stěny vyrobené z překližky . </s><s> Kromě";"toho doprostřed doplníte";"přihrádku . </s><s> Bedýnku změřte a podle toho uřízněte překližku . </s>"
"3";"cs: čeština";"NMG: publicistika";"LEI: volnočasová publicistika";"X: neuvedeno";"SPO: sport";"návrat Ladislava Krejčího na levý kraj zálohy a posunutí Martina";"Frýdka doprostřed .";"</s><s> „ Michal je ale jiný typ hráče , “ připustil"
"3";"cs: čeština";"NMG: publicistika";"LEI: volnočasová publicistika";"X: neuvedeno";"SCT: společenský život";"od zavařeniny nebo jinou vyšší širokou sklenici obalte kusem starých";"novin , doprostřed vystřihněte";"otvor ve tvaru srdce , a netradiční svícínek je na"
"3";"cs: čeština";"NMG: publicistika";"LEI: volnočasová publicistika";"X: neuvedeno";"SPO: sport";"favorita přinesla 77 . minuta . </s><s> Marcelo se prosmýkl z";"křídla doprostřed ,";"prostrčil míč Balemu , který béčkovou nohou , tedy pravačkou"
"3";"cs: čeština";"NMG: publicistika";"LEI: volnočasová publicistika";"X: neuvedeno";"LIF: životní styl";"vznikl malý otvor . </s><s> Kávové oválky ozdobte čokoládou vytlačenou ze";"sáčku , doprostřed položte";"čokoládové zrnko a nechte zatuhnout . </s><s> Cukroví s kávovou příchutí"
"3";"tr: turečtina";"FIC: beletrie";"NOV: próza";"X: neuvedeno";"X: neuvedeno";"cigarety , odešel . </s><s> Asseo a Siegfried se posadili vedle";"sebe , doprostřed položili";"Marcelovy vrhcáby a pustili se do hry . </s><s> Selva čekala"
"3";"cs: čeština";"NFC: oborová literatura";"POP: populárně naučná literatura";"FTS: formální a technické vědy";"TEC: technika";"vínku jednu zásadní inovaci . </s><s> Motor se přestěhoval z přední";"části doprostřed ,";"takže nyní se o corvettě můžeme bavit jako o plnohodnotném"
"3";"cs: čeština";"NFC: oborová literatura";"MEM: memoáry, autobiografie";"MEM: memoáry, autobiografie";"MEM: memoáry, autobiografie";". </s><s> Koncerty dělají tak , že na začátek dají něco";"atraktivního , doprostřed pak";"moderní muziku , kterou nikdo nechce poslouchat , a po"
"3";"cs: čeština";"NFC: oborová literatura";"POP: populárně naučná literatura";"SSC: sociální vědy";"REC: sport, rekreace, hobby";"ji dovnitř . </s><s> 3 . Dvě třetiny těsta rozdělte do";"formiček , doprostřed dejte";"lžičkou okapaný ananas a přikryjte zbytkem těsta . </s><s> Potřete šťávou"
"3";"cs: čeština";"NFC: oborová literatura";"POP: populárně naučná literatura";"FTS: formální a technické vědy";"ICT: výpočetní technika";". </s><s> Na druhou stranu však umožnil ideální umístění senzoru otisků";"prstů doprostřed mezi";"tlačítka , nemusíte se tedy bát , že byste o"
"3";"en: angličtina";"NFC: oborová literatura";"MEM: memoáry, autobiografie";"MEM: memoáry, autobiografie";"MEM: memoáry, autobiografie";"pokývají hlavami a sborově pomlaskávají . </s><s> Kobrá odsune svou hromádku";"hrachu doprostřed a";"rozhlédne se po ostatních . </s><s> Natáhne se ke mně a"
"3";"cs: čeština";"NFC: oborová literatura";"SCI: odborná literatura";"SSC: sociální vědy";"PSY: psychologie";", co hráč promluví , kartu odloží , například do";"balíku doprostřed nebo";"ji na lavici jen otočí . </s><s> Nelze použít dvě karty"
"3";"en: angličtina";"FIC: beletrie";"NOV: próza";"X: neuvedeno";"X: neuvedeno";"uculovali se jako studentíci . </s><s> „ Posaďte se do čtvrté";"řady doprostřed ,";"“ doporučila jim . </s><s> „ To mi vyhovuje , “"
"3";"cs: čeština";"NMG: publicistika";"LEI: volnočasová publicistika";"X: neuvedeno";"LIF: životní styl";"kouskem změklého másla . </s><s> Na alobal navršte asi dvoucentimetrovou vrstvu";"paštiky , doprostřed naskládejte";"oloupané a odblaněné dílky mandarinky a pomocí alobalu vše zabalte"
"3";"en: angličtina";"NFC: oborová literatura";"POP: populárně naučná literatura";"FTS: formální a technické vědy";"MAT: matematika";"× 7 ) , ale když vložíme posloupnost devítek a";"nul doprostřed ,";"vzniklá čísla jsou střídavě prvočísla a čísla složená : </s><s> Příběh"
