"2";"cs: čeština";"NMG: publicistika";"LEI: volnočasová publicistika";"X: neuvedeno";"MIX: společnost";"jiná než v Praze ? </s><s> Jsou místa , která jdou";"divadlu vstříc –";"a pak taková , kde jsou chladnější . </s><s> Takže boříte"
"2";"cs: čeština";"NFC: oborová literatura";"PRO: profesní literatura";"SSC: sociální vědy";"EDU: pedagogika";"při výběru . </s><s> Školky samy se pochopitelně snaží vyjít těmto";"požadavkům vstříc a";"samy nabízejí kroužky angličtiny pro nejmenší . </s><s> Je - li"
"2";"sv: švédština";"FIC: beletrie";"NOV: próza";"X: neuvedeno";"X: neuvedeno";"host vstoupil do kuchyně a Klingsor rychle vstal a vyšel";"mu vstříc .";"</s><s> Oba muži se objali . </s><s> To bylo poněkud překvapivé ,"
"2";"cs: čeština";"NFC: oborová literatura";"POP: populárně naučná literatura";"FTS: formální a technické vědy";"TEC: technika";"ve tvaru L v přízemí , “ říkají manželé . </s><s>";"Slunci vstříc";"</s><s> První úskalí při stavbě domu se mnohdy nečekaně skrývá v"
"2";"cs: čeština";"FIC: beletrie";"NOV: próza";"X: neuvedeno";"X: neuvedeno";"! “ Ivana si poprvé všimla přicházejícího synovce a vyšla";"mu vstříc .";"</s><s> „ Andrejko ! “ </s><s> Svůj rodný jazyk nepoužívala už řadu"
"2";"cs: čeština";"NMG: publicistika";"NEW: tradiční publicistika";"X: neuvedeno";"NTW: celostátní tisk";"čeká , co na spor řekne Brusel . </s><s> Pokud nevyjde";"vnitru vstříc ,";"tak se síťové pokrytí bude řídit z odboru Mládkova úřadu"
"2";"cs: čeština";"FIC: beletrie";"NOV: próza";"X: neuvedeno";"X: neuvedeno";". </s><s> Tak moc se těší . </s><s> KAPITOLA 24 </s><s> Jděte dobrému";"roku vstříc !";"přejí si navzájem Japonci . </s><s> Zoa se vynasnaží . </s><s> Do"
"2";"en: angličtina";"FIC: beletrie";"NOV: próza";"X: neuvedeno";"X: neuvedeno";"své zatvrzelosti . </s><s> Neboť já jsem usiloval vyjíti s láskou";"tobě vstříc ,";"naléhal jsem , abys mi zjevil své jméno , u"
"2";"cs: čeština";"NMG: publicistika";"LEI: volnočasová publicistika";"X: neuvedeno";"LIF: životní styl";"<s> Při společných aktivitách jste nuceni vnímat potřeby druhého , vyjít";"mu vstříc ,";"komunikovat a společně prožívat – to je v partnerství k"
"2";"de: němčina";"NFC: oborová literatura";"POP: populárně naučná literatura";"HUM: humanitní vědy";"PHI: filozofie, náboženství";"těšící se na podívanou se modlí nebo zpívají a jdou";"jeptiškám vstříc .";"</s><s> Hildegarda přináší požehnání , vážnost pro město a práci pro"
"2";"cs: čeština";"NMG: publicistika";"NEW: tradiční publicistika";"X: neuvedeno";"REG: regionální tisk";"poptávka tu je a po dohodě se společností SKS vycházíme";"občanům vstříc ,";"“ vysvětlila Barbora Šnytrová z oddělení správy veřejné zeleně . </s>"
"2";"en: angličtina";"FIC: beletrie";"NOV: próza";"X: neuvedeno";"X: neuvedeno";", co se nechají rozhodit každou bolístkou . </s><s> Vyšel jsem";"mu vstříc ,";"přikrčil se , vrazil mu ramenem do kolen a poslal"
"2";"en: angličtina";"FIC: beletrie";"NOV: próza";"X: neuvedeno";"X: neuvedeno";"přitažlivost . </s><s> Nebyla ale sexuální … </s><s> Byla magická ! </s><s> Vyšel";"jí vstříc a";"strhl z ní oděv , který měl ukrýt zranění ,"
"2";"cs: čeština";"FIC: beletrie";"COL: kratší próza";"X: neuvedeno";"X: neuvedeno";"do útrob velryby , a pak jsme letěli s Ikarem";"Slunci vstříc .";"</s><s> Někde u Marsu se začala jeho křídla chvět , vosk"
"2";"cs: čeština";"NMG: publicistika";"NEW: tradiční publicistika";"X: neuvedeno";"REG: regionální tisk";"postoj zaměstnavatelů , kteří by se měli snažit vycházet svým";"podřízeným vstříc ,";"formou zkrácených úvazků , zajištěním svozu do zaměstnání nebo takzvanými"
"2";"cs: čeština";"FIC: beletrie";"VER: poezie";"X: neuvedeno";"X: neuvedeno";", říkej si to jako přikázání , krátký život letí";"smrti vstříc a";"jen vzácně štěstí se k nám sklání . </s><s> Říkej si"
"2";"de: němčina";"NFC: oborová literatura";"POP: populárně naučná literatura";"HUM: humanitní vědy";"PHI: filozofie, náboženství";"všichni lidé skloňte svá kolena před svým Otcem , dychtěte";"mu vstříc ,";"aby k vám vztáhl svou ruku . “ </s><s> Sklonit kolena"
"2";"cs: čeština";"NFC: oborová literatura";"SCI: odborná literatura";"HUM: humanitní vědy";"THE: divadlo, film, tanec";"otcové města k ředitelům divadla právě spravedlivě nezachovali – dobrým";"ředitelům vstříc nevycházeli";"a těm , jejichž výkony byly špatné , pak neoprávněně"
"2";"cs: čeština";"NFC: oborová literatura";"SCI: odborná literatura";"HUM: humanitní vědy";"ANT: antropologie, etnografie";"řád . </s><s> Zvláštní pozornost věnovali stárci přespolní chase . </s><s> Vyšli";"jí vstříc ,";"zavdávali si s příchozími stárky vínem a přivedli jim své"
"2";"cs: čeština";"FIC: beletrie";"NOV: próza";"X: neuvedeno";"X: neuvedeno";"řekne sekretářka . </s><s> Od stolu vstane drobný čtyřicátník a jde";"Petrovi vstříc :";"</s><s> „ Čest práci , “ pozdraví ho a potřese rukou"
"2";"cs: čeština";"NMG: publicistika";"LEI: volnočasová publicistika";"X: neuvedeno";"LIF: životní styl";"prosinci téměř na dosah , stačí , když vyjdete svému";"štěstí vstříc .";"</s><s> NESTRESUJTE SE </s><s> Až půjde o city a emoce , budete"
"2";"tr: turečtina";"FIC: beletrie";"NOV: próza";"X: neuvedeno";"X: neuvedeno";"také státní úředníci , paní Barkınová , “ vyšel jsem";"jí vstříc .";"</s><s> A hned jsem pokračoval , abych jí nedal příležitost k"
"2";"cs: čeština";"NMG: publicistika";"LEI: volnočasová publicistika";"X: neuvedeno";"SCT: společenský život";"exotických dálav . </s><s> Přívětivost a pohostinnost místních a ochota vyjít";"návštěvníkům vstříc však";"zboří i tu nejpekelnější jazykovou bariéru . </s><s> Kde nepochodíte s"
"2";"cs: čeština";"FIC: beletrie";"VER: poezie";"X: neuvedeno";"X: neuvedeno";", Ódu Za Živa </s><s> Zpívanou Na Pochodu Vstříc Smrti ,";"Smrti Vstříc už";"u Sedmého Schodu </s><s> Hebdomad : </s><s> Živote Můj , Měl Jsem"
"2";"en: angličtina";"FIC: beletrie";"NOV: próza";"X: neuvedeno";"X: neuvedeno";"<s> Zavřel oči . </s><s> Díval jsem se na jeho tvář zakloněnou";"slunci vstříc .";"</s><s> V jeho rysech bylo cosi něžného , takže někdy vypadal"
"2";"cs: čeština";"NMG: publicistika";"NEW: tradiční publicistika";"X: neuvedeno";"NTW: celostátní tisk";"vždy o totožné lidi , kteří mohli mít zájem vyjít";"politikovi vstříc .";"</s><s> Rektor školy to odmítl s tím , že jde o"
"2";"cs: čeština";"NFC: oborová literatura";"POP: populárně naučná literatura";"FTS: formální a technické vědy";"ICT: výpočetní technika";"ocenění Dobrá koupě . </s><s> Praktické doplňky i zbytečnosti </s><s> Výrobci vycházejí";"hráčům vstříc :";"do monitorů integrují profily , které změní charakteristiku obrazu tak"
"2";"cs: čeština";"NFC: oborová literatura";"PRO: profesní literatura";"SSC: sociální vědy";"ECO: ekonomie, obchod, logistika";"v úvahu , aby se vměšoval do práce kormidelníka . </s><s>";"Mlze vstříc";"</s><s> Dostatek poučení bychom nakonec našli i v průběhu velkých námořních"
"2";"cs: čeština";"NMG: publicistika";"NEW: tradiční publicistika";"X: neuvedeno";"NTW: celostátní tisk";"takového stalo . </s><s> Nemocnice měla pověst zařízení , které vychází";"rodičkám vstříc ,";"pro mě to byl ale velký šok , “ vysvětluje"
"2";"cs: čeština";"NMG: publicistika";"NEW: tradiční publicistika";"X: neuvedeno";"NTW: celostátní tisk";"ligy světa pětkrát po sobě součástí olympijského turnaje a vycházel";"tomu vstříc i";"kalendář NHL . </s><s> Teď dochází k návratu o čtvrtstoletí zpátky"
"2";"cs: čeština";"NMG: publicistika";"NEW: tradiční publicistika";"X: neuvedeno";"REG: regionální tisk";", ale to není nic proti tomu , že vyjdeme";"řidičům vstříc ,";""" dodal starosta Kučera . </s><s> Čerpadla zajistí ohřev vody </s><s> Při"
"2";"cs: čeština";"NMG: publicistika";"NEW: tradiční publicistika";"X: neuvedeno";"NTW: celostátní tisk";"vlajková loď , « zdůrazňuje . </s><s> Podle něj nevychází Volkswagen";"Škodě vstříc a";"nejmodernější technika se do škodovek dostává až se zpožděním nebo"
"2";"zh: čínština";"FIC: beletrie";"COL: kratší próza";"X: neuvedeno";"X: neuvedeno";"jí hned padl do oka , proto neotálela a vyšla";"mu vstříc .";"</s><s> Jako když magnet přitáhne špendlík , vpila se do něho"
"2";"cs: čeština";"FIC: beletrie";"VER: poezie";"X: neuvedeno";"X: neuvedeno";"<s> do odpadních trubek … </s><s> To je jak smrt </s><s> Poletíme tunelem";"světlu vstříc";"</s><s> Pojď </s><s> a třeba potkáš </s><s> jak smrt </s><s> svou minulost … </s><s> Život"
"2";"cs: čeština";"FIC: beletrie";"COL: kratší próza";"X: neuvedeno";"X: neuvedeno";"to už od jednoho stolku vstal mladý muž a vyšel";"mu vstříc .";"</s><s> „ Jsem pověřenec ministerstva války , “ začal , ale"
"2";"cs: čeština";"FIC: beletrie";"NOV: próza";"X: neuvedeno";"X: neuvedeno";"<s> Teď jsem na řadě já . </s><s> Opouštím skrýš a vyrážím";"mu vstříc .";"</s><s> Všechny mé kulky si našly jeho hlavu . </s><s> Bohužel byly"
"2";"en: angličtina";"NFC: oborová literatura";"MEM: memoáry, autobiografie";"MEM: memoáry, autobiografie";"MEM: memoáry, autobiografie";"na snahu přimět ji , aby to pochopila a vyšla";"mi vstříc .";"</s><s> NA KONCI ČERVNA odjíždím na návštěvu do Traverse City ,"
"2";"cs: čeština";"NMG: publicistika";"NEW: tradiční publicistika";"X: neuvedeno";"NTW: celostátní tisk";"i jako jízdenka do MHD , “ podotkl Náhlík . </s><s>";"Světlům vstříc";"</s><s> Dopravní podnik má od 1 . července 2017 převzít i"
"2";"cs: čeština";"FIC: beletrie";"NOV: próza";"X: neuvedeno";"X: neuvedeno";"<s> Můj vlak už není pro víc , </s><s> O půlnoci vyraz";"mu vstříc ,";"</s><s> Můj vlak už není pro víc , můj vlak ... </s>"
"2";"cs: čeština";"NMG: publicistika";"NEW: tradiční publicistika";"X: neuvedeno";"REG: regionální tisk";"příbuzní mohli dostat za svými novopečenými obránci vlasti , vyšel";"jim vstříc podnik";"ČSAD . </s><s> „ Rodičům vojáků kteří narukovali v říjnu 1989"
"2";"cs: čeština";"NFC: oborová literatura";"SCI: odborná literatura";"HUM: humanitní vědy";"THE: divadlo, film, tanec";"rada ve snaze urychlit proces uzavření divadelního kontraktu , vyšla";"řediteli vstříc ,";"neboť v jiném případě hrozil pozdější začátek sezony . </s><s> Divadelní"
"2";"en: angličtina";"FIC: beletrie";"NOV: próza";"X: neuvedeno";"X: neuvedeno";"takhle to dělejte . “ </s><s> Viděla , že klisna vychází";"hřebci vstříc ,";"a když se k Hawkovi přitiskla hýžděmi , jeho prsty"
"2";"cs: čeština";"NMG: publicistika";"LEI: volnočasová publicistika";"X: neuvedeno";"MIX: společnost";"<s> Hindenburg však dal ve vší tichosti po vedlejších železnicích přisunout";"Rusům vstříc tři";"sbory , a zatímco jeden z nich v ústupových bojích"
"2";"en: angličtina";"NFC: oborová literatura";"MEM: memoáry, autobiografie";"MEM: memoáry, autobiografie";"MEM: memoáry, autobiografie";"se dostane kolem třetí ráno . </s><s> Správní rada vychází jeho";"požadavkům vstříc částečně";"díky jeho vysoké pracovní morálce a částečně i proto ,"
"2";"cs: čeština";"NFC: oborová literatura";"SCI: odborná literatura";"HUM: humanitní vědy";"THE: divadlo, film, tanec";"oslněno velkým výdělkem a přestává být ochotné vyjít v čemkoli";"jim vstříc .";"</s><s> „ Základním principem tohoto vedení je obchod , vždyť právem"
"2";"cs: čeština";"NMG: publicistika";"NEW: tradiční publicistika";"X: neuvedeno";"REG: regionální tisk";"podpatku , tmavé džíny a koktejlové šaty . </s><s> Město vyšlo";"zahrádkářům vstříc ,";"osady se rušit nebudou </s><s> Sedmdesát zahrádek mělo zaniknout u opavské"
"2";"cs: čeština";"FIC: beletrie";"NOV: próza";"X: neuvedeno";"X: neuvedeno";"koutkem oka zachytit vykukující nohy padlého rytíře a vyrazil jsem";"mu vstříc .";"</s><s> Za dvě vteřiny jsem se dostal na stovku za hodinu"
"2";"cs: čeština";"NMG: publicistika";"LEI: volnočasová publicistika";"X: neuvedeno";"INT: zajímavosti ze světa";"lidi , kteří chtějí módu , opravdu obsluhoval a vycházel";"jim vstříc .";"</s><s> A když už tady někdo obchodoval s módou , tak"
"2";"ja: japonština";"FIC: beletrie";"NOV: próza";"X: neuvedeno";"X: neuvedeno";"parku , Kunimacu se k němu okamžitě obrátil a vyšel";"mu vstříc .";"</s><s> Satakemu se ulevilo , když kolem bakaratových stolků spatřil slušnou"
"2";"cs: čeština";"NMG: publicistika";"NEW: tradiční publicistika";"X: neuvedeno";"NTW: celostátní tisk";"magistrát začal couvat . </s><s> Teď to vypadá , že vyjde";"taxikářům vstříc a";"zvýší maximální sazby za kilometr jízdy . </s><s> Asi proto ,"
"2";"en: angličtina";"FIC: beletrie";"NOV: próza";"X: neuvedeno";"X: neuvedeno";"? “ </s><s> „ Ano . “ </s><s> „ Dobře , vyjdu";"ti vstříc :";"Jestli jsou to nájemní vrazi , kdo je jejich cíl"
"2";"en: angličtina";"FIC: beletrie";"NOV: próza";"X: neuvedeno";"X: neuvedeno";"pro výstrahu na tyčích . </s><s> Šedohřívá a ostatní vyšli Natrženému";"uchu vstříc .";"</s><s> Když viděli , jak málo se jich vrátilo , vyli"
"2";"cs: čeština";"NFC: oborová literatura";"POP: populárně naučná literatura";"FTS: formální a technické vědy";"TEC: technika";"stavby či dostavby svépomocí . </s><s> Nakolik v tomto smyslu vychází";"zákazníkům vstříc například";"firma Atrium , vysvětluje jednatel společnosti Vlastimil Makovec . </s><s> „"
"2";"cs: čeština";"NMG: publicistika";"LEI: volnočasová publicistika";"X: neuvedeno";"LIF: životní styl";"do tohoto podnikání šel , je prostá : „ Vyjít";"klientovi vstříc tím";", že mu najdu přesně to , co hledá . </s>"
"2";"cs: čeština";"NMG: publicistika";"NEW: tradiční publicistika";"X: neuvedeno";"NTW: celostátní tisk";". </s><s> Jelikož na akci každoročně míří davy lidí , vychází";"jim vstříc dopravní";"podnik . </s><s> Vybrané spoje autobusové linky 82 budou jezdit od"
"2";"cs: čeština";"NMG: publicistika";"NEW: tradiční publicistika";"X: neuvedeno";"REG: regionální tisk";"či náročnosti zaměstnání hráčů , ale vždy se snažím vyjít";"trenérům vstříc .";"</s><s> Jste však vidět i na jiných sportovištích než na zimním"
"2";"cs: čeština";"NFC: oborová literatura";"POP: populárně naučná literatura";"HUM: humanitní vědy";"HIS: historie, biografie";", byl ideální pro propagandu . </s><s> A Rommel sám šel";"publicitě vstříc —";"staral se , aby kolem něho byli fotografové a kameramani"
"2";"cs: čeština";"NMG: publicistika";"NEW: tradiční publicistika";"X: neuvedeno";"NTW: celostátní tisk";"TSK ) . </s><s> Radní doufá , že TSK vyjde tomuto";"kroku vstříc ,";"na výsledek rozhodnutí se ale stále čeká . </s><s> Volné parkování"
"2";"cs: čeština";"NFC: oborová literatura";"SCI: odborná literatura";"NAT: přírodní vědy";"BIO: biologie";"je vydra tamními zákony chráněna , stát se snaží vyjít";"rybářům vstříc a";"každoročně vydává omezený počet povolenek na odstřel problémových jedinců ("
"2";"cs: čeština";"NMG: publicistika";"NEW: tradiční publicistika";"X: neuvedeno";"NTW: celostátní tisk";"ukázala i bouřlivě aplaudovaná premiéra . </s><s> Snad na reprízách nevyjde";"divákům vstříc natolik";", aby se proměnil v beztvarou estrádní show . </s><s> John"
"2";"cs: čeština";"NMG: publicistika";"LEI: volnočasová publicistika";"X: neuvedeno";"INT: zajímavosti ze světa";"ale je to tak . </s><s> Obrovská písková hora jde svým";"návštěvníkům vstříc .";"</s><s> Jejích šedesát milionů krychlových metrů písku se sune do vnitrozemí"
"2";"cs: čeština";"NMG: publicistika";"NEW: tradiční publicistika";"X: neuvedeno";"REG: regionální tisk";". </s><s> Kluby chtějí mít plné tribuny </s><s> Kluby se snaží vycházet";"divákovi vstříc ,";"důležitá je podpora a atmosféra </s><s> Vysočina – Kdo se chce"
"2";"en: angličtina";"NFC: oborová literatura";"POP: populárně naučná literatura";"FTS: formální a technické vědy";"MAT: matematika";"1944 vyšel Battelle Research Institute ve městě Columbus v Ohiu";"Carlsonovi vstříc a";"uzavřel s ním smlouvu , která zahrnovala vylepšení jeho hrubého"
"2";"cs: čeština";"FIC: beletrie";"NOV: próza";"X: neuvedeno";"X: neuvedeno";". “ </s><s> „ No , uvidíme , “ usmála se";"Petrovi vstříc a";"vklouzla do jeho náručí . </s><s> „ Jak jsi se dostal"
"2";"cs: čeština";"NFC: oborová literatura";"SCI: odborná literatura";"HUM: humanitní vědy";"LAN: filologie";"kodifikaci norem a odkrývaly vnitřní rozpornost projevů , které vycházely";"normám vstříc .";"</s><s> Jako příklad mohu připomenout diskuzi , k níž dala podnět"
"2";"ru: ruština";"FIC: beletrie";"SCR: drama";"X: neuvedeno";"X: neuvedeno";", kterého chce získat , obklíčí ho láskou a vychází";"mu vstříc ...";"( ke Gurovovi ) Trigorin ... </s><s> GUROV : Trigorin ? </s>"
"2";"cs: čeština";"NMG: publicistika";"NEW: tradiční publicistika";"X: neuvedeno";"NTW: celostátní tisk";"správy , “ dodává Kučera . </s><s> Město se snaží vyjít";"firmám vstříc ,";"komunikuje . </s><s> „ Je zde stabilní prostředí , kde lidé"
"2";"cs: čeština";"NMG: publicistika";"NEW: tradiční publicistika";"X: neuvedeno";"REG: regionální tisk";"stěhování či vyklizení před prodejem . </s><s> Snažíme se vždy vyjít";"zákazníkům vstříc .";"</s><s> Co obnáší služba Home Staging ? </s><s> Udělat první dojem na"
"2";"en: angličtina";"FIC: beletrie";"NOV: próza";"X: neuvedeno";"X: neuvedeno";". </s><s> Ale jen na několik centimetrů . </s><s> Pokusila se vyjít";"dildu vstříc svými";"boky , ale nemohla . </s><s> „ Maxi ! “ </s><s> „"
"2";"cs: čeština";"NFC: oborová literatura";"POP: populárně naučná literatura";"SSC: sociální vědy";"LAW: právo";"v její psychice odehrávají . </s><s> Druzí možná zprvu chtěli vyjít";"dívce vstříc ,";"snažili se jí porozumět , ale po pár nezdarech radši"
"2";"cs: čeština";"NFC: oborová literatura";"POP: populárně naučná literatura";"HUM: humanitní vědy";"LAN: filologie";"vizím středověku . </s><s> Deprivant má vidění a cítí povolání vyjít";"mu vstříc ,";"uposlechnout vyzvání na cestu , podřídit se vyšší vůli ,"
"2";"cs: čeština";"NFC: oborová literatura";"POP: populárně naučná literatura";"SSC: sociální vědy";"PSY: psychologie";"jednostranné čekat , až láska odněkud přijde , a nevycházet";"jí vstříc .";"</s><s> Že je to tak trochu sobecké a že by bylo"
"2";"cs: čeština";"NMG: publicistika";"NEW: tradiční publicistika";"X: neuvedeno";"REG: regionální tisk";"na zákazníka , zjistit , co chce , a vyjít";"mu vstříc .";"</s><s> To nás nadchlo , “ říkají . </s><s> V zámoří také"
"2";"cs: čeština";"NMG: publicistika";"NEW: tradiční publicistika";"X: neuvedeno";"NTW: celostátní tisk";"filozofii firmy . </s><s> „ Nemáme u vchodu píchačky a vycházíme";"si vstříc .";"</s><s> Má to ale i nevýhody . </s><s> Mladí lidé k nám"
"2";"cs: čeština";"NMG: publicistika";"LEI: volnočasová publicistika";"X: neuvedeno";"SPO: sport";"a jsem šťastný , že vedení klubu vyšlo mému velkému";"přání vstříc ,";"“ loučil se s fanoušky sympatický „ Hubňa “ . </s>"
"2";"cs: čeština";"FIC: beletrie";"VER: poezie";"X: neuvedeno";"X: neuvedeno";"ještě máš za nehty </s><s> špínu - ale už se usmíváš";"jim vstříc";"</s><s> políbíš toho , jenž tě vydal </s><s> svou vlastní tvář navěky"
"2";"cs: čeština";"NMG: publicistika";"LEI: volnočasová publicistika";"X: neuvedeno";"LIF: životní styl";"partner bude frustrovaný a ani ve snu ho nenapadne vycházet";"vám vstříc .";"</s><s> „ Otevřete kohoutek fantazie , nebraňte se hrám , zvyšte"
"2";"en: angličtina";"FIC: beletrie";"NOV: próza";"X: neuvedeno";"X: neuvedeno";"vzhlédla ke dveřím . </s><s> Ale pak se usmála a šla";"mu vstříc .";"</s><s> Vzala Brunův obličej do dlaní a políbila ho . </s><s> Bruno"
"2";"en: angličtina";"FIC: beletrie";"NOV: próza";"X: neuvedeno";"X: neuvedeno";"už jsem se neměl minulosti jak vyhnout . </s><s> Jel jsem";"jí vstříc a";"srdce mi bušilo strašnou předtuchou , že přijde zúčtování ,"
"2";"cs: čeština";"NFC: oborová literatura";"PRO: profesní literatura";"SSC: sociální vědy";"ECO: ekonomie, obchod, logistika";"<s> Jeho posledním hostem by profesor Jan Pirk . </s><s> Ikea vychází";"ženám vstříc .";"</s><s> Nabízí třeba nový výcvik po návratu z mateřské dovolené nebo"
"2";"en: angličtina";"FIC: beletrie";"NOV: próza";"X: neuvedeno";"X: neuvedeno";"<s> Stejně jako budoucnost , jíž se současně bojím a běžím";"jí vstříc .";"</s><s> Spolu s tím dopisem mi vypálila z hlavy kus dětského"
"2";"en: angličtina";"FIC: beletrie";"NOV: próza";"X: neuvedeno";"X: neuvedeno";"seděl za stolem a když přišli , vstal a šel";"jim vstříc .";"</s><s> "" Tak , teď už víte vše ? "" </s><s> """
"2";"cs: čeština";"NMG: publicistika";"NEW: tradiční publicistika";"X: neuvedeno";"NTW: celostátní tisk";"pro rozhlasovou stanici RMC . </s><s> Američané prý nejsou ochotni vyjít";"Evropanům vstříc a";"„ dávají pouze drobky “ , citovala agentura AFP Fekla"
"2";"de: němčina";"FIC: beletrie";"NOV: próza";"X: neuvedeno";"X: neuvedeno";"čerstvou hlínou v Heiderode , které pomáhal bránit . </s><s> Vyjely";"nám vstříc doprovodné";"čluny . </s><s> Nejprve se ohlásily vysílačkami a pak i světelnými"
"2";"cs: čeština";"NFC: oborová literatura";"MEM: memoáry, autobiografie";"MEM: memoáry, autobiografie";"MEM: memoáry, autobiografie";"krásně . </s><s> Tvůj Syn </s><s> Všichni vesměs tě líbají a hřímají";"ti vstříc !";"</s><s> Point Pleasant , 7 . srpna 39 </s><s> Drahý tátrdle , </s>"
"2";"cs: čeština";"NFC: oborová literatura";"POP: populárně naučná literatura";"FTS: formální a technické vědy";"ICT: výpočetní technika";"budou loučit se starým vzhledem obrazovky . </s><s> Proto Microsoft vyšel";"uživatelům vstříc :";"můžete si nastavit rozhraní Windows 3 . 1 spuštěním aplikace"
"2";"cs: čeština";"NMG: publicistika";"NEW: tradiční publicistika";"X: neuvedeno";"NTW: celostátní tisk";". </s><s> Umí „ číst “ myšlenky svého majitele a vycházet";"jim vstříc .";"</s><s> Gabriel – Kyborg určený pro ženy vyjde na pět tisíc"
"2";"cs: čeština";"NFC: oborová literatura";"SCI: odborná literatura";"SSC: sociální vědy";"POL: politika, vojenství";", byť ho formuluje velmi obecně : „ Jdeme vážným";"událostem vstříc ,";"a bylo by hříchem na našem státu , aby nás"
"2";"cs: čeština";"NMG: publicistika";"LEI: volnočasová publicistika";"X: neuvedeno";"MIX: společnost";"mnohem víc . </s><s> Toleranci , schopnost kompromisu , umění vyjít";"si vstříc i";"odpouštět a v neposlední řadě také vůli partnerství pěstovat a"
"2";"en: angličtina";"FIC: beletrie";"NOV: próza";"X: neuvedeno";"X: neuvedeno";"se od kohosi s velkým důrazem dozvídáme , musí kráčet";"budoucnosti vstříc o";"něco rychleji než naši zákazníci , musí být vbudoucnosti první"
"2";"cs: čeština";"NMG: publicistika";"LEI: volnočasová publicistika";"X: neuvedeno";"SPO: sport";", aby to oddělení už mělo hlavu . </s><s> Vyšli jsme";"jim vstříc s";"tím , že úsek má v gesci ve výkonném výboru"
"2";"cs: čeština";"NFC: oborová literatura";"SCI: odborná literatura";"HUM: humanitní vědy";"LAN: filologie";", proč tolik významných umělců a předních badatelů vycházelo těmto";"tendencím vstříc ,";"proč vstupovali do služeb těchto požadavků ? </s><s> Problém normy byl"
"2";"en: angličtina";"FIC: beletrie";"NOV: próza";"X: neuvedeno";"X: neuvedeno";"na záchod . </s><s> … ještě se přišla ukázat ... vyjdeme";"vám vstříc …";"</s><s> Je to zpátky , blesklo jí myslí . </s><s> Leukemie se"
"2";"de: němčina";"FIC: beletrie";"NOV: próza";"X: neuvedeno";"X: neuvedeno";"? </s><s> Mám vám důrazně nastavit tvář opracovanou severákem ? </s><s> Vyjdete";"mi vstříc svými";"rty ? </s><s> Nebo na sebe budeme prostě chvíli civět jako"
"2";"en: angličtina";"FIC: beletrie";"NOV: próza";"X: neuvedeno";"X: neuvedeno";"bílým čepcem , vyšel zpoza pozinkovaného barového pultu a kráčel";"Brunovi vstříc ,";"aby mu potřásl rukou a informoval ho , že poslední"
"2";"cs: čeština";"NFC: oborová literatura";"POP: populárně naučná literatura";"HUM: humanitní vědy";"HIS: historie, biografie";"jako její nešťastná teta , rozhodl se Žerotín vyjít mladému";"šlechtici vstříc a";"jen po mírném otálení uspořádal svatbu . 8 </s><s> Ještě výraznější"
"2";"cs: čeština";"NMG: publicistika";"LEI: volnočasová publicistika";"X: neuvedeno";"LIF: životní styl";". </s><s> Okouzlovat a svádět . </s><s> Podporovat svou rodinu a vycházet";"všem vstříc .";"* Získávat lidi na svou stranu , řešit týmovou spolupráci"
"2";"sv: švédština";"FIC: beletrie";"NOV: próza";"X: neuvedeno";"X: neuvedeno";"se veslovalo dál ; zvláštní zvuk nyní zesílil . </s><s> Přicházely";"jim vstříc drobné";"záchvěvy větru a mlha začínala řidnout ; a najednou všichni"
"2";"ru: ruština";"FIC: beletrie";"NOV: próza";"X: neuvedeno";"X: neuvedeno";", deklasovaní i aktivisté nám tiskli ruce , vrhali se";"nám vstříc …";"</s><s> Všichni uctíváme památku zesnulých , ale se zvláštní pietou se"
"2";"it: italština";"FIC: beletrie";"NOV: próza";"X: neuvedeno";"X: neuvedeno";"toho , kdo píše , znemožnily čtenáři , aby šel";"příběhu vstříc s";"naprostou důvěrou – ani ne tak v to , co"
"2";"cs: čeština";"NMG: publicistika";"LEI: volnočasová publicistika";"X: neuvedeno";"LIF: životní styl";"vás otravují , drtí a utlačují . </s><s> Snažíte se vyjít";"jim vstříc ,";"jenže to stejně k ničemu nevede . </s><s> Jste vyčerpaná . </s>"
"2";"cs: čeština";"NFC: oborová literatura";"POP: populárně naučná literatura";"HUM: humanitní vědy";"HIS: historie, biografie";"příští federální ústavy a v tomto ohledu tedy vycházela slovenské";"straně vstříc .";"</s><s> Ratifikace smlouvy a případných dalších změn ústavy oběma národními radami"
"2";"cs: čeština";"NMG: publicistika";"NEW: tradiční publicistika";"X: neuvedeno";"REG: regionální tisk";"<s> „ Za to , že nám stávku povolili a vyšli";"nám vstříc ,";"bych jim chtěl poděkovat , “ dodává mladý muž . </s>"
"2";"ru: ruština";"FIC: beletrie";"NOV: próza";"X: neuvedeno";"X: neuvedeno";"“ </s><s> A pak spatřila Gryma . </s><s> Okamžitě vstala a šla";"mu vstříc .";"</s><s> Setkali se na pěšině , usmáli se na sebe ,"
"2";"cs: čeština";"NMG: publicistika";"LEI: volnočasová publicistika";"X: neuvedeno";"HOU: bydlení, zahrada, hobby";"( Carex buchananii ) s listy vyvedenými do bronzova . </s><s>";"Slunci vstříc :";"Listopadky mají rády sluneční světlo , ve stínu se poupatům"
"2";"de: němčina";"FIC: beletrie";"SCR: drama";"X: neuvedeno";"X: neuvedeno";"WALLY STŘEDEM </s><s> ( vchází Wally ) </s><s> PAULA : ( jde";"jí vstříc ,";"radostně ) </s><s> Wally , představ si , já jsem se"
"2";"cs: čeština";"NMG: publicistika";"LEI: volnočasová publicistika";"X: neuvedeno";"LIF: životní styl";"mezi 1 . až 7 . zářím by měly vyjít";"změnám vstříc .";"</s><s> Odložit ranní kávu a začít se víc hýbat . </s><s> Nestyďte"
"2";"cs: čeština";"NMG: publicistika";"LEI: volnočasová publicistika";"X: neuvedeno";"LIF: životní styl";"škol , které mají s domácím vzděláváním zkušenosti a vyjdou";"vám vstříc ,";"“ doplňuje Lucie . </s><s> ABYSTE SE STALA PODNIKATELKOU , kterou"
"2";"cs: čeština";"NFC: oborová literatura";"SCI: odborná literatura";"HUM: humanitní vědy";"THE: divadlo, film, tanec";". </s><s> V jedné věci však přece jen zastupitelé vyšli městskému";"kapelníkovi vstříc ,";"od této chvíle bude pokládán za 26 . člena divadelního"
"2";"cs: čeština";"NFC: oborová literatura";"SCI: odborná literatura";"SSC: sociální vědy";"POL: politika, vojenství";"vyléčit se může jen ona sama , „ jinak jde";"záhubě vstříc ,";"záhubě neúprosné a snad i nezasloužené “ . </s><s> Již nelze"
"2";"cs: čeština";"NMG: publicistika";"NEW: tradiční publicistika";"X: neuvedeno";"NTW: celostátní tisk";". </s><s> Stejně tak je reálné , že nové vedení vyjde";"prezidentovi vstříc v";"jeho požadavcích na přímou demokracii a stranu vrátí do ideové"
"2";"cs: čeština";"NMG: publicistika";"LEI: volnočasová publicistika";"X: neuvedeno";"MIX: společnost";"jemnost a špatnou propustnost , přišel Sullivan s nápadem jít";"zákazníkům vstříc a";"podpořit je v jejich nápadu ponořovat pytlíčky do konvice celé"
"2";"cs: čeština";"NFC: oborová literatura";"POP: populárně naučná literatura";"NAT: přírodní vědy";"BIO: biologie";"a zejména se nafukují holedbáním a pýchou , spějí už";"pádu vstříc .";"</s><s> To je dnes asi na jeho knihách pro běžného čtenáře"
"2";"en: angličtina";"FIC: beletrie";"NOV: próza";"X: neuvedeno";"X: neuvedeno";"otevřela ústa a tiše ho prosila o přídavek . </s><s> Vyšel";"jí vstříc .";"</s><s> Zavrčel a jazykem jí začal dráždit s takovou zručností ,"
"2";"cs: čeština";"NMG: publicistika";"NEW: tradiční publicistika";"X: neuvedeno";"NTW: celostátní tisk";"druhé strany : výzkumné organizace musejí být více ochotny vyjít";"firmě vstříc a";"pracovat ve stanoveném čase na tom , co firma potřebuje"
"2";"cs: čeština";"NFC: oborová literatura";"POP: populárně naučná literatura";"FTS: formální a technické vědy";"ICT: výpočetní technika";". </s><s> Z principu totiž Wi-Fi ani další cesty nevycházejí hlasovým";"službám vstříc a";"neřeší QoS , proto je nutné použít systém OTT . </s>"
"2";"cs: čeština";"FIC: beletrie";"NOV: próza";"X: neuvedeno";"X: neuvedeno";", </s><s> rychlík se blížil k městu , </s><s> to vanulo mu";"ohni vstříc ,";"</s><s> mocné a klidného dechu , </s><s> širé , nespoutané v údolích"
"2";"cs: čeština";"NFC: oborová literatura";"SCI: odborná literatura";"HUM: humanitní vědy";"HIS: historie, biografie";"již i ruská četa , pušky na ramenou , přicházela";"nám vstříc a";"vzdavši poctu praporu , rozestoupila se , když náš průvod"
"2";"en: angličtina";"FIC: beletrie";"NOV: próza";"X: neuvedeno";"X: neuvedeno";"<s> Ona byla vyhublá na kost , dvacetiletá , „ hleděla";"smrti vstříc “";", jako v té písničce od Boba Dylana Fixin ’"
"2";"cs: čeština";"FIC: beletrie";"NOV: próza";"X: neuvedeno";"X: neuvedeno";"Fidelma z Hibernie . “ </s><s> Král Alain udělal několik kroků";"Fidelmě vstříc ,";"s otevřenou náručí . </s><s> „ Fidelmo z Hibernie – vítám"
"2";"pl: polština";"FIC: beletrie";"COL: kratší próza";"X: neuvedeno";"X: neuvedeno";". </s><s> „ Ne , určitě ne . </s><s> Claudiu se vydal";"smrti vstříc ,";"ale nebyl ve svém čekání pasivní . </s><s> On byl bojovník"
"2";"cs: čeština";"FIC: beletrie";"NOV: próza";"X: neuvedeno";"X: neuvedeno";"únavu v Josefově tváři . </s><s> V Mariině , která vyšla";"Gitě vstříc ,";"je patrné totéž . </s><s> Povídají si , jako vždycky se"
"2";"en: angličtina";"FIC: beletrie";"NOV: próza";"X: neuvedeno";"X: neuvedeno";"<s> Stéká po oknech . </s><s> Vyvěrá zespodu . </s><s> Řeka dál teče";"moři vstříc .";"</s><s> Odnáší tajemství , která nesmíme nikomu říct , </s><s> protože patří"
"2";"cs: čeština";"NMG: publicistika";"LEI: volnočasová publicistika";"X: neuvedeno";"MIX: společnost";"<s> Hned dokázali nevidomé rozpoznat , předpokládat jejich reakce a vycházet";"jim vstříc .";"</s><s> Kdy jste si poprvé uvědomila , že papoušci mohou být"
"2";"cs: čeština";"FIC: beletrie";"COL: kratší próza";"X: neuvedeno";"X: neuvedeno";"? </s><s> Když ho Rádža uviděl přicházet , zajásal a vyběhl";"mu vstříc ,";"aby od něho převzal ono tajemné břemeno , a okamžitě"
"2";"cs: čeština";"FIC: beletrie";"NOV: próza";"X: neuvedeno";"X: neuvedeno";"zarputile a nepřívětivě ? </s><s> Neměl se spíš zasmát a vyjít";"Kellymu vstříc ?";"“ </s><s> „ Ano , zde je slabina mé úvahy ,"
"2";"cs: čeština";"FIC: beletrie";"COL: kratší próza";"X: neuvedeno";"X: neuvedeno";"dozvěděli , že slizáci jsou v Kolíně , a jdou";"jim vstříc ,";"“ dodal jsem na vysvětlenou . </s><s> „ Nemají zbraně ,"
"2";"cs: čeština";"NMG: publicistika";"NEW: tradiční publicistika";"X: neuvedeno";"REG: regionální tisk";"<s> Oba zdůraznili , že ruské velvyslanectví v této věci vyšlo";"městu vstříc .";"</s><s> K přemístění hrobu muselo město získat souhlas ministerstva obrany a"
"2";"cs: čeština";"NMG: publicistika";"NEW: tradiční publicistika";"X: neuvedeno";"NTW: celostátní tisk";"v dalších dnech vyjde dolní komora vyšetřovateli a dozorujícímu státnímu";"zástupci vstříc .";"</s><s> Proti budou velmi pravděpodobně jen poslanci ANO . </s><s> Babiše a"
"2";"cs: čeština";"FIC: beletrie";"NOV: próza";"X: neuvedeno";"X: neuvedeno";"hlasem zaštěkaj glocky . </s><s> To už zahlídnu zrzku . </s><s> Běží";"mi vstříc ,";"v patách skupinu zdrojáků . </s><s> Naštěstí nejsou zase tak rychlý"
"2";"en: angličtina";"FIC: beletrie";"NOV: próza";"X: neuvedeno";"X: neuvedeno";"skleniček . </s><s> Když uviděl Bruna , odložil džbán , šel";"Brunovi vstříc a";"objal ho . </s><s> V červeně a zlatě vyšívaném indickém saku"
"2";"cs: čeština";"NMG: publicistika";"LEI: volnočasová publicistika";"X: neuvedeno";"MIX: společnost";"pažemi a ten se , zdánlivě bezmocný , řítil jejímu";"polibku vstříc .";"</s><s> Vstříc polibku matičky , jak se zemi říká . </s><s> Vstříc"
"2";"de: němčina";"FIC: beletrie";"NOV: próza";"X: neuvedeno";"X: neuvedeno";". </s><s> Neucukla . </s><s> Ale znehybněla , jako ochromená , nevyšla";"mu vstříc .";"</s><s> Kdo říkal , že to bude stejné jako s Vivian"
"2";"cs: čeština";"NMG: publicistika";"NEW: tradiční publicistika";"X: neuvedeno";"NTW: celostátní tisk";"kraje , a . s . </s><s> Ve svitavské porodnici vycházejí";"maminkám vstříc";"</s><s> Ve svitavské porodnici proběhlo v minulém roce zhruba 730 porodů"
"2";"cs: čeština";"NFC: oborová literatura";"PRO: profesní literatura";"SSC: sociální vědy";"EDU: pedagogika";"podmínky . </s><s> Je pěkné , pokud ředitel školy vychází svým";"zaměstnancům vstříc .";"</s><s> Ovšem na některých školách je situace opačná a tady může"
"2";"de: němčina";"FIC: beletrie";"NOV: próza";"X: neuvedeno";"X: neuvedeno";"jen představoval , že jí to bylo příjemné a vycházela";"mu vstříc ?";"</s><s> Že mu vracela polibky ? </s><s> Pojď , musíme jít ,"
"2";"cs: čeština";"NMG: publicistika";"NEW: tradiční publicistika";"X: neuvedeno";"NTW: celostátní tisk";", oslovili jsme také asi deset malých pivovarů . </s><s> Vyšly";"nám vstříc ,";"“ uvedla ředitelka . </s><s> Škola pro pivovarníky chyběla </s><s> Pro pivovary"
"2";"fr: francouzština";"NFC: oborová literatura";"MEM: memoáry, autobiografie";"MEM: memoáry, autobiografie";"MEM: memoáry, autobiografie";", aby se od ní odvracel – naopak , šel";"jí vstříc .";"</s><s> Několikrát se stalo , že byl natolik ponořen do konkrétního"
"2";"cs: čeština";"NMG: publicistika";"NEW: tradiční publicistika";"X: neuvedeno";"REG: regionální tisk";"spojených s konáním akce . </s><s> Pořadatelé i kapela naopak vyšli";"Vyškovu vstříc a";"pomůžou radnici k důstojnému kulturnímu centru . </s><s> „ Padesátikorunou z"
"2";"cs: čeština";"NMG: publicistika";"NEW: tradiční publicistika";"X: neuvedeno";"NTW: celostátní tisk";"neovlivní parametry požadované FIFA . </s><s> Světová fotbalová federace vyšla také";"Rusku vstříc ,";"když dovolila , aby kapacita stadionů v Kaliningradu a Jekatěrinburgu"
"2";"cs: čeština";"NMG: publicistika";"NEW: tradiční publicistika";"X: neuvedeno";"NTW: celostátní tisk";"“ doplnila a dodala , že i kdyby radnice vyšla";"zaměstnancům vstříc ,";"důvěra ve vedení města už navždy zůstane nalomená . </s><s> „"
"2";"cs: čeština";"NMG: publicistika";"NEW: tradiční publicistika";"X: neuvedeno";"REG: regionální tisk";"moc nikam nechodím , do školy se připravuju , vycházejí";"mi vstříc ,";"trénuju dvakrát v týdnu dvakrát denně , pak mívám tréninky"
"2";"cs: čeština";"NFC: oborová literatura";"MEM: memoáry, autobiografie";"MEM: memoáry, autobiografie";"MEM: memoáry, autobiografie";"rádi , že jsme se realizovali , a vycházeli jsme";"si vstříc .";"</s><s> Nikdy jsme se nehádali . “ </s><s> „ Tak proč jste"
"2";"sk: slovenština";"NFC: oborová literatura";"POP: populárně naučná literatura";"SSC: sociální vědy";"PSY: psychologie";", snažíme se naplnit přání lidí kolem sebe a vyjít";"jim vstříc .";"</s><s> Na co při tom pozapomeneme ( a nač nám ani"
"2";"en: angličtina";"FIC: beletrie";"SCR: drama";"X: neuvedeno";"X: neuvedeno";"říkají , že se se mnou vyjde , dokážu vyjít";"lidem vstříc ve";"všem , když už se jednou prolomí ledy . </s><s> Ale"
"2";"cs: čeština";"NMG: publicistika";"NEW: tradiční publicistika";"X: neuvedeno";"REG: regionální tisk";"<s> V menších obcích vyjdou stejně jako v předchozích kolech svým";"obyvatelům vstříc a";"například podle starosty Habartic Stanislava Briestovanského budou mít k dispozici"
"2";"cs: čeština";"NFC: oborová literatura";"PRO: profesní literatura";"FTS: formální a technické vědy";"ICT: výpočetní technika";"<s> Plánování směn Také v plánování směn jdou moderní docházkové systémy";"firmám vstříc .";"</s><s> Třeba cateringové firmy na konkrétní den vypíší směnu pro nastavený"
"2";"cs: čeština";"NFC: oborová literatura";"SCI: odborná literatura";"HUM: humanitní vědy";"THE: divadlo, film, tanec";"tvůrce vůči posluchači a naopak – „ posluchač musí vyjít";"autorovi vstříc svou";"ochotou k soustředěnému příjmu autorova poselství “ . </s><s> Rozhlasové slovesné"
"2";"en: angličtina";"FIC: beletrie";"NOV: próza";"X: neuvedeno";"X: neuvedeno";"ostnatého drátu . </s><s> Je s ní konec . </s><s> Otočí se";"jim vstříc .";"</s><s> Hladovci se k ní blíží tím stejným nemilosrdným , pravidelným"
"2";"cs: čeština";"NFC: oborová literatura";"SCI: odborná literatura";"SSC: sociální vědy";"EDU: pedagogika";"<s> vnímat , co si druhý přeje či potřebuje , vycházet";"mu vstříc (";"chovat se citlivě a ohleduplně k slabšímu či postiženému dítěti"
"2";"cs: čeština";"NFC: oborová literatura";"POP: populárně naučná literatura";"SSC: sociální vědy";"PSY: psychologie";"lásku přijímat . </s><s> Sexuálně jsou v pořádku , ale vyjít";"lásce vstříc ,";"to neumějí . </s><s> V televizi mladí lidé v dnešní době"
"2";"cs: čeština";"NMG: publicistika";"LEI: volnočasová publicistika";"X: neuvedeno";"MIX: společnost";". </s><s> Chtějí se s vámi bavit , fotit , vycházejí";"vám vstříc ,";"jsou ochotní . </s><s> Je minimum těch , kteří se zachovají"
"2";"en: angličtina";"FIC: beletrie";"NOV: próza";"X: neuvedeno";"X: neuvedeno";"rozepínal kalhoty a klouby prstů ji přitom laskal . </s><s> Vyšla";"mu vstříc a";"třela se mu o ruku . </s><s> Někdo vzal za kliku"
"2";"en: angličtina";"FIC: beletrie";"NOV: próza";"X: neuvedeno";"X: neuvedeno";"kolébavě rozběhl . </s><s> Takto jsme bojovali — naplno jsme utíkali";"nepříteli vstříc .";"</s><s> Pokud měl náš běh dostatečnou setrvačnost , dokázali jsme jediným"
"2";"cs: čeština";"NFC: oborová literatura";"PRO: profesní literatura";"FTS: formální a technické vědy";"TEC: technika";"našich zaměstnanců . </s><s> Celkově pak podporujeme naše zaměstnance a vycházíme";"jim vstříc v";"různých životních etapách , kterými procházejí . </s><s> K tomu pomáhají"
"2";"cs: čeština";"NMG: publicistika";"NEW: tradiční publicistika";"X: neuvedeno";"NTW: celostátní tisk";"zdravotním komplikacím dojde , musí se pojišťovna snažit maximálně vyjít";"klientům vstříc .";"</s><s> Nejde jen o peníze , ale je potřeba se postarat"
"2";"cs: čeština";"NFC: oborová literatura";"PRO: profesní literatura";"FTS: formální a technické vědy";"TEC: technika";"jiné i změnou přístupu k jejich akvizici : vyšli jsme";"jim vstříc ,";"zapojujeme moderní nástroje elektronické komunikace a podobně . </s><s> Systémově jsme"
"2";"cs: čeština";"NFC: oborová literatura";"POP: populárně naučná literatura";"SSC: sociální vědy";"ECO: ekonomie, obchod, logistika";"zaměstnání ještě namáhavější ; pracuje až do úpadu , spěchá";"smrti vstříc ,";"jen aby se udržel naživu , nebo se vzdává života"
"2";"cs: čeština";"FIC: beletrie";"VER: poezie";"X: neuvedeno";"X: neuvedeno";"ticha blíž a blíž . </s><s> Z dlaní , které jdou";"ti vstříc";"</s><s> v tom chrámu zapálených svic </s><s> docela prostě bez nadsázky </s><s> vezmi"
"2";"it: italština";"FIC: beletrie";"NOV: próza";"X: neuvedeno";"X: neuvedeno";"chceš naznačit ? "" odpověděl mu brunátný Achilleus a šel";"mu vstříc .";"</s><s> "" Bojoval jsem a zvítězil , což se tobě nikdy"
"2";"cs: čeština";"FIC: beletrie";"COL: kratší próza";"X: neuvedeno";"X: neuvedeno";"osobně , což bylo značně neobvyklé . </s><s> Zpravidla totiž chodíval";"návštěvám vstříc malý";"domácí robot Antonín a téměř vždy jsem s ním ztratil"
"2";"en: angličtina";"FIC: beletrie";"NOV: próza";"X: neuvedeno";"X: neuvedeno";"se zbraněmi . </s><s> Kate se podívá na Dextera . </s><s> Nevyjde";"jí vstříc pohledem";", nijak jí nepomůže . </s><s> Vypadá naprosto uvolněně , jako"
"2";"cs: čeština";"FIC: beletrie";"VER: poezie";"X: neuvedeno";"X: neuvedeno";"<s> kompozice </s><s> nové nebo jiné </s><s> přikládaní </s><s> Duel </s><s> Dolů se vším </s><s> Vyjdu";"ti vstříc";"</s><s> v určitém smyslu </s><s> zacházíme daleko </s><s> Podpisy a razítkem </s><s> stvrzené neútočení </s>"
"2";"cs: čeština";"FIC: beletrie";"COL: kratší próza";"X: neuvedeno";"X: neuvedeno";"administrativě tohoto listu . “ </s><s> Odhodlal jsem se a vykročil";"budoucnosti vstříc .";"</s><s> Vrátný i šéfredaktor mě přijali příznivě . </s><s> Předpokoj byl proti"
"2";"cs: čeština";"NMG: publicistika";"NEW: tradiční publicistika";"X: neuvedeno";"REG: regionální tisk";". listopadu v šest hodin večer . </s><s> „ Vyšli jsme";"jim vstříc ,";"nechtěly se už vracet zpět domů . </s><s> Hrají v neděli"
"2";"cs: čeština";"NFC: oborová literatura";"PRO: profesní literatura";"FTS: formální a technické vědy";"ICT: výpočetní technika";"jen ve velmi specifických situacích . </s><s> Ačkoliv snaha Úřadu vyjít";"zaměstnavatelům vstříc je";"rozhodně pozitivním gestem , dovolím si přesto závěrem zmínit poznámku"
"2";"cs: čeština";"FIC: beletrie";"NOV: próza";"X: neuvedeno";"X: neuvedeno";"<s> Vyměnil jsem i druhýzásobník a rozeběhl jsem se šikmo místností";"mu vstříc .";"</s><s> Nikde jsem ho ale neviděl , všude byla spoustu nábytku"
"2";"en: angličtina";"NFC: oborová literatura";"MEM: memoáry, autobiografie";"MEM: memoáry, autobiografie";"MEM: memoáry, autobiografie";"<s> Potom jsem spatřil přicházejícího kapitána Hestera a vydal jsem se";"mu vstříc .";"</s><s> Podal mi tři kostky TNT a zápalný granát . </s><s> Umístil"
"2";"sv: švédština";"FIC: beletrie";"NOV: próza";"X: neuvedeno";"X: neuvedeno";"že jako homosexuál zná bolest vykořenění , a proto jde";"světu vstříc s";"otevřenou náručí ? </s><s> Pravděpodobně to posledně jmenované . </s><s> Pozitivní předsudky"
"2";"cs: čeština";"NMG: publicistika";"LEI: volnočasová publicistika";"X: neuvedeno";"INT: zajímavosti ze světa";"to , že Vás oslovily vězněné osoby , vyšli jste";"nám vstříc .";"</s><s> Ještě jednou děkujeme a přejeme mnoho spokojených čtenářů , předplatitelů"
"2";"en: angličtina";"NFC: oborová literatura";"MEM: memoáry, autobiografie";"MEM: memoáry, autobiografie";"MEM: memoáry, autobiografie";"pásce . </s><s> Vracel se do přední linie . </s><s> Vyšel jsem";"mu vstříc a";"zeptal se : "" Kam jdete ? </s><s> Na linii se"
"2";"cs: čeština";"FIC: beletrie";"NOV: próza";"X: neuvedeno";"X: neuvedeno";"boty . </s><s> Běžela bosky loukou k zahradnímu altánku . </s><s> Vystartoval";"jí vstříc baset";"Johny a uši mu legračně plandaly při každém pohybu . </s>"
"2";"cs: čeština";"NFC: oborová literatura";"PRO: profesní literatura";"FTS: formální a technické vědy";"ICT: výpočetní technika";"opravu množství na objednávce , každý obchodník vždy rád vyjde";"odběrateli vstříc .";"</s><s> To ovšem není možné , pokud se již na zakázce"
"2";"cs: čeština";"NMG: publicistika";"NEW: tradiční publicistika";"X: neuvedeno";"NTW: celostátní tisk";", jak Juncker a spol . nevyšli někdejšímu britskému premiéru";"Cameronovi vstříc v";"jeho požadavcích rozvolnit vztah Velké Británie k Evropské unii . </s>"
"2";"cs: čeština";"NFC: oborová literatura";"PRO: profesní literatura";"FTS: formální a technické vědy";"TEC: technika";"přimíchávání biopaliv bych tedy jen odpůrcům , ve snaze vyjít";"jim vstříc ,";"mohl navrhnout , ať usilují o volný trh . </s><s> Když"
"2";"cs: čeština";"FIC: beletrie";"NOV: próza";"X: neuvedeno";"X: neuvedeno";"to nevadilo . </s><s> Pobíhala , zpívala si Kůň bílý pádí";"vlaku vstříc ,";"téměř si mě nevšímala a měla radost , která jí"
"2";"cs: čeština";"NMG: publicistika";"LEI: volnočasová publicistika";"X: neuvedeno";"LIF: životní styl";"léto svědčí , komunikační vlna pluje s nimi a jde";"jim vstříc .";"</s><s> Z těchto dětí často rostou skvělí analytici , kritici i"
"2";"cs: čeština";"NMG: publicistika";"LEI: volnočasová publicistika";"X: neuvedeno";"LIF: životní styl";"života můžeš udělat úplně jednoduchou a účinnou věc : vyjít";"mi vstříc ,";"kdykoli na tebe dostanu chuť . "" </s><s> CO JE DOMA </s>"
"2";"en: angličtina";"NFC: oborová literatura";"SCI: odborná literatura";"HUM: humanitní vědy";"HIS: historie, biografie";"armáda je na pochodu . </s><s> Saladin přerušil obléhání a vyrazil";"jim vstříc ,";"očividně v očekávání , že se strhne otevřená bitva . </s>"
"2";"cs: čeština";"FIC: beletrie";"NOV: próza";"X: neuvedeno";"X: neuvedeno";"oči a lehce se usměje . </s><s> Odloží škrabku a vyjde";"mi vstříc .";"</s><s> „ Ahoj , Agnes . “ </s><s> „ Ahoj . “ </s>"
"2";"cs: čeština";"NMG: publicistika";"LEI: volnočasová publicistika";"X: neuvedeno";"MIX: společnost";"domnívá se , že ho musí neustále ochraňovat a vycházet";"mu vstříc .";"</s><s> Mám strach , že budu na dítě zlá – a"
"2";"en: angličtina";"FIC: beletrie";"NOV: próza";"X: neuvedeno";"X: neuvedeno";". </s><s> „ Vědí , že je francouzský král ochotný vyjít";"jim vstříc .";"</s><s> Dejte mi vojáky a peníze a pokořím je . “ </s>"
"2";"de: němčina";"NFC: oborová literatura";"PRO: profesní literatura";"FTS: formální a technické vědy";"ICT: výpočetní technika";"v jazyce C . Produkt IAR Embedded Workbench vychází těmto";"okolnostem vstříc jednotným";"vzhledem vývojového prostředí a jednotnou koncepcí , takže přizpůsobení nutná"
"2";"nl: nizozemština";"FIC: beletrie";"NOV: próza";"X: neuvedeno";"X: neuvedeno";"“ </s><s> „ Tak zfalšuju její podpis . “ </s><s> „ Vyjdu";"vám vstříc ,";"“ řekla bez váhání . </s><s> „ Co kdybychom zrovna nechali"
"2";"en: angličtina";"FIC: beletrie";"COL: kratší próza";"X: neuvedeno";"X: neuvedeno";"páru , s kterým zrovna mluvil , a obrátil se";"mu vstříc .";"</s><s> „ Ragene ! "" </s><s> Rozevřel náruč . </s><s> „ Díky Stvořiteli"
"2";"cs: čeština";"NMG: publicistika";"LEI: volnočasová publicistika";"X: neuvedeno";"HOU: bydlení, zahrada, hobby";"vysněnému bydlení to máte opravdu blízko . </s><s> ČERVNOVÉ ČÍSLO jde";"létu vstříc !";"</s><s> Počasí se vylepšuje den ode dne , a tak aktuální"
"2";"cs: čeština";"NMG: publicistika";"LEI: volnočasová publicistika";"X: neuvedeno";"MIX: společnost";"je snažit se pečovat o svůj hormonální systém a vycházet";"mu vstříc .";"</s><s> Naši krásu ovlivňuje také stoupající a klesající hladina ženských pohlavních"
"2";"fr: francouzština";"NFC: oborová literatura";"SCI: odborná literatura";"HUM: humanitní vědy";"HIS: historie, biografie";"obraz přesvaté Panny Marie dorazil před náš kostel , vyšli";"mu vstříc všichni";"její synové bosí karmelitáni se zapálenými pochodněmi , uctili na"
"2";"en: angličtina";"FIC: beletrie";"NOV: próza";"X: neuvedeno";"X: neuvedeno";"přitáhla si ho k sobě , zdvihla boky a vyšla";"mu vstříc .";"</s><s> Nick vjel hluboko do ní , zabořil se do jejího"
"2";"cs: čeština";"NMG: publicistika";"NEW: tradiční publicistika";"X: neuvedeno";"REG: regionální tisk";"nám ovšem snížily tržby , takže jsme se rozhodli vyjít";"lidem vstříc a";"otevíráme terasu , kde se dá kouřit , pokaždé ,"
"2";"en: angličtina";"FIC: beletrie";"NOV: próza";"X: neuvedeno";"X: neuvedeno";"přízemí . </s><s> Přichází doktor Naváz a já vstávám a jdu";"mu vstříc .";"</s><s> Sundá si papírovou roušku , jeho ruce jsou bělejší ,"
"2";"en: angličtina";"FIC: beletrie";"NOV: próza";"X: neuvedeno";"X: neuvedeno";"přiletěly vrtulníky , neměli jak odjet . </s><s> Hladovci naopak letěli";"plamenometům vstříc jako";"můry za světlem . </s><s> Zápalný bomby zmohly jedině to ,"
"2";"cs: čeština";"NMG: publicistika";"LEI: volnočasová publicistika";"X: neuvedeno";"SCT: společenský život";"asi v nejbližší době nebudou , pokud se nerozhodnete letět";"jim vstříc .";"</s><s> Je tu tedy chvíle , kdy nás potěší barvy v"
"2";"cs: čeština";"NFC: oborová literatura";"POP: populárně naučná literatura";"SSC: sociální vědy";"SOC: sociologie";"z bezradnosti posílá . </s><s> Přitom se nejspíš oba snaží vyjít";"si vstříc ,";"ne ? </s><s> V . : Když dva dělají totéž …"
"2";"cs: čeština";"NMG: publicistika";"LEI: volnočasová publicistika";"X: neuvedeno";"SPO: sport";"přepnuly do módu play off a brutálním nasazením šli prvnímu";"bodu vstříc ,";"Plzeň vypadala , jako by do Ostravy přijela na výlet"
"2";"cs: čeština";"NFC: oborová literatura";"POP: populárně naučná literatura";"ITD: interdisciplinární";"ITD: interdisciplinární";"každého matematického odvětví . “ - ib </s><s> Richard Dawkins :";"Záhadám vstříc –";"Jak jsem se stal vědcem nakladatelství dybbuk , Praha 2015"
"2";"pl: polština";"FIC: beletrie";"NOV: próza";"X: neuvedeno";"X: neuvedeno";", který chce spáchat sebevraždu , aby mohl jít své";"dceři vstříc do";"náruče smrti . </s><s> Ale možná zároveň jakýmsi zašmodrchaným způsobem její"
"2";"cs: čeština";"NMG: publicistika";"LEI: volnočasová publicistika";"X: neuvedeno";"LIF: životní styl";", SE MŮŽE SKUTEČNĚ POBAVIT . </s><s> JDĚTE PROTO ZÁBAVĚ A";"DOBRODRUŽSTVÍ VSTŘÍC .";"</s><s> Navíc dětem pomalu , ale jistě končí škola , mají"
"2";"cs: čeština";"NMG: publicistika";"LEI: volnočasová publicistika";"X: neuvedeno";"MIX: společnost";"a kde to pracovní režim alespoň trochu umožňuje , vycházejí";"lidem vstříc .";"* DOBRÁ VŮLE VS . </s><s> ZÁKON </s><s> Nejméně volnosti k vlastnímu"
"2";"en: angličtina";"FIC: beletrie";"NOV: próza";"X: neuvedeno";"X: neuvedeno";"něco jiného , než říká . </s><s> Většinou se snažím vycházet";"všem vstříc ,";"odpovídám a chovám se tak , jak to ode mě"
"2";"cs: čeština";"NFC: oborová literatura";"PRO: profesní literatura";"FTS: formální a technické vědy";"TEC: technika";"hydraulické násobiče tlaku . </s><s> I my jsme schopni vyjít našim";"zákazníkům vstříc a";"nabídnout řešení s použitím multiplikátorů miniBooster ™ . </s><s> Použití násobiče"
"2";"cs: čeština";"NMG: publicistika";"NEW: tradiční publicistika";"X: neuvedeno";"NTW: celostátní tisk";", když ví , že to potřebuje jinak , vyjdeme";"mu vstříc .";"</s><s> HN : Takže u řetězců to není otázka poptávky po"
"2";"en: angličtina";"FIC: beletrie";"NOV: próza";"X: neuvedeno";"X: neuvedeno";"které vykusují velké díry v hordě pahejlů , řítících se";"nám vstříc .";"</s><s> Díky tomu , že míří z výšky a mají lepší"
"2";"cs: čeština";"NMG: publicistika";"NEW: tradiční publicistika";"X: neuvedeno";"REG: regionální tisk";"<s> Všichni se dobře známe a vždy jsem se snažil vycházet";"jim vstříc .";"</s><s> Objevilli se nějaký problém , pokusil jsem se ho s"
"2";"cs: čeština";"NFC: oborová literatura";"PRO: profesní literatura";"FTS: formální a technické vědy";"TEC: technika";"hydraulické násobiče tlaku . </s><s> I my jsme schopni vyjít našim";"zákazníkům vstříc a";"nabídnout řešení s použitím multiplikátorů miniBooster ™ . </s><s> Použití násobiče"
"2";"sv: švédština";"NFC: oborová literatura";"SCI: odborná literatura";"HUM: humanitní vědy";"HIS: historie, biografie";"by „ odpověděla na otázku , proč Švédsko častokrát vycházelo";"nacistům vstříc “";". </s><s> Další komise nevznikla . </s><s> Několik málo jedinců vidělo paralely"
"2";"cs: čeština";"NMG: publicistika";"NEW: tradiční publicistika";"X: neuvedeno";"REG: regionální tisk";"ředitel podniku Milan Zerzán . </s><s> Díky lesníkům , kteří vycházejí";"veřejnosti vstříc ,";"se však pomohlo zabránit i škodám , a to především"
"2";"cs: čeština";"NFC: oborová literatura";"PRO: profesní literatura";"NAT: přírodní vědy";"AGR: zemědělství, chovatelství";"využívání půdy se stala nutnost a FAO samozřejmě vychází této";"potřebě vstříc .";"</s><s> I proto se Mezinárodní rok luštěnin soustředí na přínos luskovin"
"2";"cs: čeština";"NMG: publicistika";"NEW: tradiční publicistika";"X: neuvedeno";"REG: regionální tisk";"městských bytech ? </s><s> Radnice maže penále </s><s> Duchcov se rozhodl vyjít";"dlužníkům vstříc .";"</s><s> Odpustí jim část závazků . </s><s> Má to však podmínky . </s>"
"2";"cs: čeština";"NMG: publicistika";"NEW: tradiční publicistika";"X: neuvedeno";"NTW: celostátní tisk";"<s> Místo slibovaného vyššího zdanění a omezení heren jde naopak jejich";"majitelům vstříc a";"vyškrtal paragrafy , které měly chránit hráče , často závislé"
"2";"cs: čeština";"FIC: beletrie";"VER: poezie";"X: neuvedeno";"X: neuvedeno";"<s> Broumovská světla žárlí na Měsíc </s><s> A není třeba dívat se";"mu vstříc";"</s><s> Je třeba vidět , jako vidí muž </s><s> Ochromen chladem zachvívá"
"2";"en: angličtina";"FIC: beletrie";"NOV: próza";"X: neuvedeno";"X: neuvedeno";"<s> "" Harry ! "" oslovil ho ministr bodře a vykročil";"mu vstříc .";"</s><s> Jak se máš ? "" "" Skvěle , "" zalhal"
"2";"en: angličtina";"FIC: beletrie";"NOV: próza";"X: neuvedeno";"X: neuvedeno";"<s> Stéká po oknech . </s><s> Vyvěrá zespodu . </s><s> Řeka dál teče";"moři vstříc .";"</s><s> Odnáší tajemství , která nesmíme nikomu říct , </s><s> protože patří"
"2";"fr: francouzština";"NFC: oborová literatura";"POP: populárně naučná literatura";"HUM: humanitní vědy";"MUS: hudba";", diváci její úsilí ocenili . </s><s> Ve své touze vyjít";"Američanům vstříc šla";"ještě dál a nechala si dvě své písničky přeložit do"
"2";"cs: čeština";"NMG: publicistika";"LEI: volnočasová publicistika";"X: neuvedeno";"SPO: sport";"propočítáváním , “ tvrdí Rybář . </s><s> Pravidlo o škrtání vychází";"Koukalové vstříc alespoň";"v potenciálním boji o druhé místo s Kaisou Mäkäräinenovou ,"
"2";"de: němčina";"NFC: oborová literatura";"POP: populárně naučná literatura";"HUM: humanitní vědy";"PHI: filozofie, náboženství";"k Bohu . </s><s> Když se obrátím k Bohu a kráčím";"mu vstříc ,";"směřuji ke svému pravému bytí , k svému skutečnému já"
"2";"sv: švédština";"FIC: beletrie";"NOV: próza";"X: neuvedeno";"X: neuvedeno";"Vůbec mě nezdržujete , “ odvětila Sofia , „ vyjdu";"vám vstříc ,";"pokud to bude v mých silách . </s><s> Ráda pomáhám ."
"2";"cs: čeština";"NMG: publicistika";"NEW: tradiční publicistika";"X: neuvedeno";"NTW: celostátní tisk";"ještě udržitelný v rámci rozumné ekonomiky a zároveň jsme vyšli";"zákazníkům vstříc ,";"“ popisuje cukrářka , s níž je nedaleké Museum Kampa"
"2";"cs: čeština";"NFC: oborová literatura";"POP: populárně naučná literatura";"SSC: sociální vědy";"PSY: psychologie";"formulování svých potřeb , ptejte se co nejvíce a vyjděte";"mu vstříc .";"</s><s> Nenechte jej z rozhovoru utéct nebo jej nedokončit . </s><s> Pasivně"
"2";"cs: čeština";"NFC: oborová literatura";"POP: populárně naučná literatura";"NAT: přírodní vědy";"BIO: biologie";"bez lidské metaforiky – darwinismus je ostatně nauka vycházející tomuto";"aspektu vstříc –";"je narativní , vypráví novodobé etiologické mýty . </s><s> Jakže to"
"2";"cs: čeština";"NFC: oborová literatura";"PRO: profesní literatura";"SSC: sociální vědy";"ECO: ekonomie, obchod, logistika";"věnujme se skříňovým karoseriím . </s><s> Výrobce v tomto směru vychází";"uživateli vstříc dokonale";", když poskytuje možnost výběru velikosti skříně od objemu 9,3"
"2";"cs: čeština";"FIC: beletrie";"NOV: próza";"X: neuvedeno";"X: neuvedeno";"on se vlídně usmívá . </s><s> Vstane od stolu a jde";"matce vstříc .";"</s><s> „ Jaké máte přání , madam , nebo snad soudružko"
"2";"en: angličtina";"NFC: oborová literatura";"POP: populárně naučná literatura";"FTS: formální a technické vědy";"MAT: matematika";"skupiny . </s><s> Někdy to znamená , že skupina přímo běží";"predátorovi vstříc .";"</s><s> Uvědomme si znovu , že stupeň rizika jednotlivého kraba je"
"2";"cs: čeština";"NFC: oborová literatura";"PRO: profesní literatura";"SSC: sociální vědy";"EDU: pedagogika";". </s><s> Začala jsem pracovat na tom , proč pořád vycházím";"všem vstříc a";"co mě nutí , abych na sebe přebírala zodpovědnost za"
"2";"en: angličtina";"FIC: beletrie";"NOV: próza";"X: neuvedeno";"X: neuvedeno";"jsem tenisky a ponožky , strhl tričko a plaval jsem";"mu vstříc .";"</s><s> Marpessa stála ve dveřích po kolena ve stoupajícím přílivu a"
"2";"cs: čeština";"NMG: publicistika";"NEW: tradiční publicistika";"X: neuvedeno";"NTW: celostátní tisk";"shodě a plácli si na další spolupráci . </s><s> Král vyšel";"kouči vstříc";"</s><s> PRAHA - Byl to od šéfa českého hokeje nečekaný tah"
"2";"cs: čeština";"NMG: publicistika";"NEW: tradiční publicistika";"X: neuvedeno";"NTW: celostátní tisk";"v Olomouci . </s><s> S ukončením kontraktu nebyl problém , vyšli";"mi vstříc .";"</s><s> Nejpozději v polovině května odstěhuju zbytek věcí z domu ,"
"2";"cs: čeština";"NMG: publicistika";"NEW: tradiční publicistika";"X: neuvedeno";"NTW: celostátní tisk";"podotkl jednatel . </s><s> Podle mluvčí magistrátu Jany Kodymové vyšla radnice";"firmě vstříc a";"město vydalo souhlas s předčasným užíváním pumpy . </s><s> „ Nedostatky"
"2";"cs: čeština";"FIC: beletrie";"NOV: próza";"X: neuvedeno";"X: neuvedeno";"<s> Přestal jsem hledat a šel jsem k němu , vyrazil";"mi vstříc .";"</s><s> Hleděl jsem do jeho prázdného obličeje , prázdného , protože"
"2";"cs: čeština";"NMG: publicistika";"LEI: volnočasová publicistika";"X: neuvedeno";"MIX: společnost";"<s> Má - li jeden z nás více práce , vyjdeme";"si vstříc i";"mimo dohodnutý čas , “ poznamenává Andrea , jež pracuje"
"2";"cs: čeština";"NFC: oborová literatura";"POP: populárně naučná literatura";"NAT: přírodní vědy";"BIO: biologie";"jako laskavá matka , která na nás myslí a vychází";"nám vstříc .";"</s><s> Ne náhodou se ostatně v latině jmenuje hmota materia ,"
"2";"cs: čeština";"NMG: publicistika";"LEI: volnočasová publicistika";"X: neuvedeno";"SCT: společenský život";", že jste přijela . </s><s> Kapitán Exner , “ vyšel";"jí vstříc šéf";"výjezdu . </s><s> Lautererová si přeměřila nejprve jeho , poté ruch"
"2";"en: angličtina";"FIC: beletrie";"NOV: próza";"X: neuvedeno";"X: neuvedeno";"jsme čekali jen na vás , “ dodala a vyšla";"jim vstříc .";"</s><s> Její choť se začal omlouvat tak horlivě , že Claudie"
"2";"cs: čeština";"NMG: publicistika";"NEW: tradiční publicistika";"X: neuvedeno";"REG: regionální tisk";"by tato podmínka nemohla vypadnout z celkové smlouvy . </s><s> Vyšli";"nám vstříc a";"naši žádost odsouhlasili . </s><s> Nyní se čeká na podpis SFRB"
"2";"cs: čeština";"NMG: publicistika";"NEW: tradiční publicistika";"X: neuvedeno";"NTW: celostátní tisk";"těch nejmoderněji vybavených domácností . </s><s> soulad . </s><s> Mniši vycházejí novým";"technologiím vstříc a";"přizpůsobují je svým potřebám . </s><s> ČSOB splatila miliony z minulosti </s>"
"2";"cs: čeština";"NFC: oborová literatura";"POP: populárně naučná literatura";"FTS: formální a technické vědy";"TEC: technika";"integrovanými hlavovými opěrkami , jejichž jednou funkcí je „ vyjít";"hlavě vstříc “";"při nárazu , čímž zmenší jeho sílu . </s><s> Na tyhle"
"2";"en: angličtina";"FIC: beletrie";"NOV: próza";"X: neuvedeno";"X: neuvedeno";"čeledínem . “ </s><s> Cate vyšel za ní a belhal se";"jezdcům vstříc .";"</s><s> „ Perry ! </s><s> Kde ses tady k sakru vzal ?"
"2";"ru: ruština";"FIC: beletrie";"COL: kratší próza";"X: neuvedeno";"X: neuvedeno";"když se v předsíni ozval hlas jeho ženy , vyběhl";"jí vstříc ,";"objal ji a políbil – její rty se jeho polibku"
"2";"cs: čeština";"NMG: publicistika";"NEW: tradiční publicistika";"X: neuvedeno";"REG: regionální tisk";"a firem potřebuje k zajištění činnosti auta . </s><s> Jak vycházíte";"podnikatelům vstříc v";"této oblasti ? </s><s> Každému podnikateli nebo společnosti s větším vozovým"
"2";"cs: čeština";"NFC: oborová literatura";"POP: populárně naučná literatura";"NAT: přírodní vědy";"BIO: biologie";"vlně posedlosti čarodějnictvím v raném novověku . </s><s> Snaha vyjít """;"terapeutům "" vstříc ,";"ať už na skřipci či v hypnóze , je překvapivě"
"2";"cs: čeština";"FIC: beletrie";"VER: poezie";"X: neuvedeno";"X: neuvedeno";"i poslední svíci ... </s><s> Je noc a ze tmy jde";"nám vstříc vědoucí";"zážeh zřítelnic zbloudilé černé kočky . </s><s> Touho , už ve"
"2";"cs: čeština";"NFC: oborová literatura";"SCI: odborná literatura";"HUM: humanitní vědy";"PHI: filozofie, náboženství";"večerů jsem o to usiloval . </s><s> Snažil jsem se vyjít";"démonovi vstříc ,";"tak jako jsem chodíval vstříc modravé záři , která světélkuje"
"2";"cs: čeština";"NMG: publicistika";"NEW: tradiční publicistika";"X: neuvedeno";"NTW: celostátní tisk";"úřední bariéra . </s><s> Tohle by měl stát změnit , vycházet";"lidem vstříc a";"motivovat je . </s><s> Profil Lukáš Bartoň Lukáš Bartoň ( *"
"2";"cs: čeština";"NFC: oborová literatura";"POP: populárně naučná literatura";"HUM: humanitní vědy";"LAN: filologie";"freudovských přeřeknutí a rýmových záměn : „ Celý háj kráčí";"ďasu vstříc /";"Vlasy si stáčí na střevíc / Čím blíž se tlačí"
"2";"cs: čeština";"NFC: oborová literatura";"PRO: profesní literatura";"NAT: přírodní vědy";"GEO: geografie, geologie";"tlak na znalce , aby více či méně vycházeli svým";"zadavatelům vstříc .";"</s><s> Ministerstvo chce zavést přísnější požadavky na vzdělávání znalců , chce"
"2";"cs: čeština";"NMG: publicistika";"LEI: volnočasová publicistika";"X: neuvedeno";"MIX: společnost";"zde příliš nehledí . </s><s> Naopak , co se týče vycházení";"zaměstnancům vstříc ,";"jsou na tom dobře ve Skandinávii . </s><s> Česká republika se"
"2";"cs: čeština";"NFC: oborová literatura";"SCI: odborná literatura";"SSC: sociální vědy";"PSY: psychologie";"<s> Setkání je chápáno jako bytostná komunikace , která vychází druhému";"člověku vstříc ,";"není při ní nutné o druhém člověku nic dopředu vědět"
"2";"cs: čeština";"NMG: publicistika";"NEW: tradiční publicistika";"X: neuvedeno";"NTW: celostátní tisk";"<s> Občas vyhlédnou ven , občas pohlédnou na sebe , vyjdou";"si vstříc ,";"“ řekl Seigo Kuzumako , hlavní manažer mající na starosti"
"2";"cs: čeština";"NMG: publicistika";"LEI: volnočasová publicistika";"X: neuvedeno";"MIX: společnost";"dáme do trumpety ! “ Dvojice také vystoupí a jde";"mužům vstříc .";"</s><s> „ Rychle , nezdržujte to ! </s><s> Kde máte ty krabice"
"2";"de: němčina";"NFC: oborová literatura";"MEM: memoáry, autobiografie";"MEM: memoáry, autobiografie";"MEM: memoáry, autobiografie";"zformoval rotu k útoku . </s><s> Z lesa západně od Sivek";"nám vstříc přiletěly";"dávky z kulometů . </s><s> Rozdělil jsem čety a poručíku Bungeovi"
"2";"en: angličtina";"FIC: beletrie";"COL: kratší próza";"X: neuvedeno";"X: neuvedeno";"že Beauchurch něco řekne , ale ten mlčel a nevyšel";"mu vstříc .";"</s><s> „ Je to bohužel věc , která se týká peněz"
"2";"en: angličtina";"FIC: beletrie";"NOV: próza";"X: neuvedeno";"X: neuvedeno";"o Gusově zranění , srdce ji přemohlo a rozběhlo se";"Gusovi vstříc .";"</s><s> Šáhidova výhrůžka měla přesně opačný efekt . </s><s> „ Udělal ,"
"2";"cs: čeština";"NFC: oborová literatura";"SCI: odborná literatura";"SSC: sociální vědy";"PSY: psychologie";"jej utišit , viděla lásku v očích stydlivých a šla";"jim vstříc ,";"viděla utrpení v sevřených rtech a vylákala z nich smích"
"2";"ru: ruština";"FIC: beletrie";"NOV: próza";"X: neuvedeno";"X: neuvedeno";"teplo , svátečně . </s><s> Zase vidím tu ženu . </s><s> Jde";"mi vstříc .";"</s><s> Tak co , dočkala jste se ženicha ? </s><s> V tu"
"2";"cs: čeština";"FIC: beletrie";"NOV: próza";"X: neuvedeno";"X: neuvedeno";"propadá do úplného ticha , do svých myšlenek , jdou";"jí vstříc stejně";"jako běžci , chodci , černé brýle , žluté brýle"
"2";"cs: čeština";"FIC: beletrie";"VER: poezie";"X: neuvedeno";"X: neuvedeno";"? </s><s> Vzlétne snad , až zas zastře cirrus mys ,";"potopě vstříc inženýr";"Cyrus Smith ? </s><s> Poslání </s><s> Kdo to v poušti zmizel Odkud"
"2";"cs: čeština";"NMG: publicistika";"NEW: tradiční publicistika";"X: neuvedeno";"NTW: celostátní tisk";"nadrozměrnou přepravu , vždy usilujeme o to , abychom vyšli";"zákazníkovi vstříc ,";"neboť víme , že každá poptávka je hodna realizace ,"
"2";"cs: čeština";"NMG: publicistika";"NEW: tradiční publicistika";"X: neuvedeno";"NTW: celostátní tisk";"schody opravovat , podle náměstka pro dopravu Petra Dolínka vyšla";"městu vstříc a";"přistoupila na návrh odložit opravy na leden . </s><s> Zvětšení parku </s>"
"2";"sv: švédština";"FIC: beletrie";"NOV: próza";"X: neuvedeno";"X: neuvedeno";"“ řekla . </s><s> Okamžitě pochopila , že tatínek nehodlá vyjít";"Sovovi vstříc .";"</s><s> A že přijde o práci . </s><s> Měsíční splátky půjček na"
"2";"en: angličtina";"FIC: beletrie";"NOV: próza";"X: neuvedeno";"X: neuvedeno";"na předešlý večer . </s><s> Objala ho kolem krku a vyšla";"mu vstříc jazykem";". </s><s> Když ucítila jeho dlaň na prsou , zasténala . </s>"
"2";"en: angličtina";"FIC: beletrie";"NOV: próza";"X: neuvedeno";"X: neuvedeno";", “ pozdravil Julien hosta vcházejícího do knihovny a vykročil";"mu vstříc .";"</s><s> „ I když musím přiznat , že jste si nevybral"
"2";"cs: čeština";"FIC: beletrie";"NOV: próza";"X: neuvedeno";"X: neuvedeno";"vznešené rodiny . </s><s> Objevila se Iuna a vyšla významným nově";"příchozím vstříc .";"</s><s> Podle toho , jak pohlédla na Riwanon a na mladého"
"2";"da: dánština";"FIC: beletrie";"NOV: próza";"X: neuvedeno";"X: neuvedeno";"Carl konečně naznal , že bude muset jít sám vlastnímu";"štěstí vstříc ,";"vstal a vydal se nahoru . </s><s> Po několika dotazech našel"
"2";"cs: čeština";"NFC: oborová literatura";"POP: populárně naučná literatura";"SSC: sociální vědy";"PSY: psychologie";"i mimo vztah , umět s partnerem komunikovat a vycházet";"si vstříc a";"vytvořit podnětné prostředí pro děti , kde jim bude věnována"
"2";"sk: slovenština";"NFC: oborová literatura";"POP: populárně naučná literatura";"SSC: sociální vědy";"PSY: psychologie";"život . </s><s> Buďte si jistí , že přijde . </s><s> Vykročte";"mu vstříc .";"</s><s> Nespoléhejte na to , že si vás najde , když"
"2";"cs: čeština";"FIC: beletrie";"NOV: próza";"X: neuvedeno";"X: neuvedeno";"pomyslela si , když obkročmo se sykáním sestupovala po schodišti";"ratolestem vstříc .";"</s><s> Ve městě si věčně ruce i nohy narážela nebo lámala"
"2";"en: angličtina";"NFC: oborová literatura";"MEM: memoáry, autobiografie";"MEM: memoáry, autobiografie";"MEM: memoáry, autobiografie";"objeví anonymní gaučový kovboj a úmyslně vyprovokuje hádku , nevycházejte";"mu vstříc tím";", že se zapojíte do debaty a pomůžete mu uspokojit"
"2";"cs: čeština";"NMG: publicistika";"NEW: tradiční publicistika";"X: neuvedeno";"REG: regionální tisk";"“ uvedl Luboš Vaněk z pátecké stanice . </s><s> Tradičně vyšla";"ochráncům vstříc veterinární";"klinika v Českém Brodě . </s><s> „ Sova tam byla operována"
"2";"de: němčina";"FIC: beletrie";"NOV: próza";"X: neuvedeno";"X: neuvedeno";"jinýho , a zase se slovy a vysvětlováním pokoušíme vyjít";"si vstříc .";"</s><s> A následují plány a musí se naplnit , aby si"
"2";"cs: čeština";"NMG: publicistika";"NEW: tradiční publicistika";"X: neuvedeno";"NTW: celostátní tisk";"více hledat cestu , jak poznat potřeby klientů a vyjít";"jim vstříc .";"</s><s> „ Když se podívám na nominované pojišťovací produkty soutěže Nejlepší"
"2";"cs: čeština";"FIC: beletrie";"COL: kratší próza";"X: neuvedeno";"X: neuvedeno";", a když vystupujeme z auta , vstane a jde";"nám vstříc ,";"úplně neomaleně , jako kdybychom právě tady na skalách měli"
"2";"cs: čeština";"NMG: publicistika";"LEI: volnočasová publicistika";"X: neuvedeno";"INT: zajímavosti ze světa";"bezdrátově propojíte s mobilem . </s><s> Firma GoGEN jde novému posluchačskému";"trendu vstříc hned";"dvěma reproduktory z řady StreetLine . </s><s> Rozměrný BPS 320 s"
"2";"sv: švédština";"FIC: beletrie";"NOV: próza";"X: neuvedeno";"X: neuvedeno";"si . </s><s> Zrovna když jsem někoho nejvíc potřebovala , přišla";"mi vstříc jedna";"z mých dávných přítelkyň . </s><s> Ten večer jedla sama . </s>"
"2";"de: němčina";"FIC: beletrie";"NOV: próza";"X: neuvedeno";"X: neuvedeno";"mlčky , jako by vezli rakve , pluli ránu a";"městu vstříc .";"</s><s> „ Vidíte to ? “ zašeptal Vogeler . </s><s> Roselius si"
"2";"cs: čeština";"NMG: publicistika";"NEW: tradiční publicistika";"X: neuvedeno";"NTW: celostátní tisk";"zaplatit a zaškolí si je . </s><s> Některé firmy vycházejí nadějným";"absolventům vstříc i";"tím , že jim umožní vysokoškolské studium a poskytnou i"
"2";"en: angličtina";"NFC: oborová literatura";"POP: populárně naučná literatura";"HUM: humanitní vědy";"HIS: historie, biografie";"svést stranou , aby nedorazili do hlavního města . </s><s> Vyslal";"jim vstříc posly";"s dary , vyslance a ještě další dary , ale"
"2";"cs: čeština";"NMG: publicistika";"NEW: tradiční publicistika";"X: neuvedeno";"REG: regionální tisk";"stále chodí a doufám , že jsou spokojení . </s><s> Vycházíme";"jim vstříc tak";", aby se jim tady u nás líbilo a vraceli"
"2";"en: angličtina";"NFC: oborová literatura";"MEM: memoáry, autobiografie";"MEM: memoáry, autobiografie";"MEM: memoáry, autobiografie";"<s> Běhejte do práce a zpátky . </s><s> Spousta společností vychází sportujícím";"zaměstnancům vstříc ,";"nabízí sprchy , šatny i další výhody . </s><s> Pochopily ,"
"2";"cs: čeština";"NFC: oborová literatura";"POP: populárně naučná literatura";"HUM: humanitní vědy";"PHI: filozofie, náboženství";"1969 . </s><s> Ředitel galerie Kotalík , ač komunista , vyšel";"mi vstříc .";"</s><s> Vzpomínal jsem na něj jen v dobrém , říká o"
"2";"de: němčina";"FIC: beletrie";"NOV: próza";"X: neuvedeno";"X: neuvedeno";"jiného než sebe ! </s><s> Teo vyskočil , rozběhl se svému";"hrdinovi vstříc a";"objal ho kolem pasu . </s><s> „ Ahoj , prcku ,"
"2";"cs: čeština";"NFC: oborová literatura";"SCI: odborná literatura";"SSC: sociální vědy";"PSY: psychologie";"po čase s těžkým srdcem a notnými výčitkami rozhodl vyjít";"režimu vstříc .";"</s><s> Začal se takzvaně angažovat v organizacích režimem podporovaných ( různé"
"2";"cs: čeština";"FIC: beletrie";"VER: poezie";"X: neuvedeno";"X: neuvedeno";"a za rohem to povolí </s><s> ne dvě ne řítit se";"tomu vstříc";"</s><s> jedna jedna </s><s> a vytryskne TRILCE </s><s> tekutá rtuť </s><s> triste & dulce </s>"
"2";"cs: čeština";"FIC: beletrie";"NOV: próza";"X: neuvedeno";"X: neuvedeno";"od Rottrové se mi zničehonic připomněla , kůň bílý pádí";"vlaku vstříc ,";"fakt ti není zima , zadrkotala Yveta , já si"
"2";"de: němčina";"FIC: beletrie";"NOV: próza";"X: neuvedeno";"X: neuvedeno";"scházel do kuchyně . </s><s> Když došel do přízemí , vyšla";"mu vstříc paní";"Haselbachová s košem plným prádla na žehlení . </s><s> Srdečně se"
"2";"cs: čeština";"FIC: beletrie";"COL: kratší próza";"X: neuvedeno";"X: neuvedeno";"kteří v hrůze prchají pryč z Golgoty . </s><s> Ty jdeš";"kříži vstříc .";"</s><s> Až dosud jsi své sympatie k Ježíši úspěšně skrýval . </s>"
"2";"cs: čeština";"FIC: beletrie";"NOV: próza";"X: neuvedeno";"X: neuvedeno";"před Ondřejovým narozením . </s><s> Stále se měli rádi a vycházeli";"si vstříc ,";"ale čas , rozdílné pracovní postavení , rodinný život a"
"2";"cs: čeština";"NFC: oborová literatura";"PRO: profesní literatura";"FTS: formální a technické vědy";"ICT: výpočetní technika";"s takovou možností zpravidla počítají a vyjdou v této otázce";"klientům vstříc .";"</s><s> Myšlenky na budoucnost </s><s> Jak bylo výše zmíněno , představuje nákup"
"2";"de: němčina";"NFC: oborová literatura";"POP: populárně naučná literatura";"HUM: humanitní vědy";"PHI: filozofie, náboženství";"? </s><s> Spatří nebeskou tvář a „ s velkou bázní se";"jí vstříc napne";"duch v ní “ . </s><s> Z „ převelikého jasu “"
"2";"cs: čeština";"FIC: beletrie";"NOV: próza";"X: neuvedeno";"X: neuvedeno";"<s> Seběhne po schodech činžáku v Přemyslovské ulici a řítí se";"tátovi vstříc .";"</s><s> Tak ráda si ho teď po návratu z fronty užívá"
"2";"cs: čeština";"NMG: publicistika";"LEI: volnočasová publicistika";"X: neuvedeno";"LIF: životní styl";"hezky sedlo i mezi námi dospělými . </s><s> Richard : Vycházíme";"si vstříc .";"</s><s> Když jsme teď byli s Karin na dovolené a děti"
"2";"cs: čeština";"FIC: beletrie";"NOV: próza";"X: neuvedeno";"X: neuvedeno";"černou zaschlou krví se mu třepou a snaží se plazit";"mu vstříc .";"</s><s> Zatím teda vypadá spíš jako lachtan , myslí si Čmelák"
"2";"cs: čeština";"NMG: publicistika";"NEW: tradiční publicistika";"X: neuvedeno";"NTW: celostátní tisk";"budou muset vystěhovat , zatím není kam . </s><s> Zastupitelé vyšli";"petičníkům vstříc a";"sociální byty postaví jinde . </s><s> „ Máme další dvě možnosti"
"2";"ru: ruština";"FIC: beletrie";"NOV: próza";"X: neuvedeno";"X: neuvedeno";"jste si ale pořídil nejdražší model na trhu , vyjdu";"vám vstříc .";"</s><s> Jenom nevím , jak jste v téhle oblasti profesně zběhlý"
"2";"cs: čeština";"NFC: oborová literatura";"SCI: odborná literatura";"HUM: humanitní vědy";"THE: divadlo, film, tanec";"nadšenci a zapálení tvůrci , kteří vycházejí alespoň částečně svým";"fanouškům vstříc .";"</s><s> B / Neoficiální </s><s> Kromě sociálních sítí mají v České republice"
"2";"cs: čeština";"FIC: beletrie";"VER: poezie";"X: neuvedeno";"X: neuvedeno";"přichází volně , tak jako svítání světla , když vyjde";"mu vstříc světlá";"přítomnost v duši . </s><s> Teprve potom se světlo prosvětlí světlem"
"2";"cs: čeština";"FIC: beletrie";"NOV: próza";"X: neuvedeno";"X: neuvedeno";"Octavie . </s><s> Na druhou stranu , měla zadání vyjít české";"policii vstříc …";"</s><s> Rezignovaně se opřela do opěrky a čekala , co bude"
"2";"cs: čeština";"NMG: publicistika";"NEW: tradiční publicistika";"X: neuvedeno";"NTW: celostátní tisk";". </s><s> Jak sdělila Právu mluvčí ČT : „ Vyšli jsme";"divákům vstříc v";"tom , že jsme zařadili seriál do hlavního vysílacího času"
