"2";"cs: čeština";"NMG: publicistika";"LEI: volnočasová publicistika";"X: neuvedeno";"HOU: bydlení, zahrada, hobby";". </s><s> Vnitřní kusy nemůžete přirozeně nechat stát na dešti ,";"o zimě nemluvě .";"</s><s> Ale když je hezky , není nic lepšího než vzít"
"2";"sv: švédština";"FIC: beletrie";"NOV: próza";"X: neuvedeno";"X: neuvedeno";"v umění neexistoval žádný rozdíl mezi hmotou a duchem ,";"o nadsmyslnu ani nemluvě .";"</s><s> Všechno bylo sešité a sestehované . </s><s> Zvolil si lehce savý"
"2";"de: němčina";"FIC: beletrie";"NOV: próza";"X: neuvedeno";"X: neuvedeno";"trochu zahanbený ; nezvládl by bez pomoci ani Otčenáš ,";"o Zdrávasu nemluvě .";"</s><s> I Teo ho v tom přetrumfl , i když „"
"2";"cs: čeština";"NMG: publicistika";"LEI: volnočasová publicistika";"X: neuvedeno";"INT: zajímavosti ze světa";"ani svých tradic , je společností prakticky bez brannou . </s><s>";"O demografických dopadech ani nemluvě .";"</s><s> Jaroslav Zvěřina , dlouholetý předseda české Sexuologické společnosti , je"
"2";"cs: čeština";"FIC: beletrie";"NOV: próza";"X: neuvedeno";"X: neuvedeno";"miliardové fiasko , v Hydroprojektu už to vážně přeháněli ,";"o Metrostavu nemluvě —";"a ta smlouva s Veolií rozzuřila dokonce i Evropskou komisi"
"2";"cs: čeština";"NFC: oborová literatura";"POP: populárně naučná literatura";"FTS: formální a technické vědy";"ICT: výpočetní technika";"nebo poslouchat hudbu nakoupenou přes službu Hudba Google Play ,";"o dalších službách Googlu nemluvě .";"</s><s> Skutečný dopad zablokování účtu Google si uvědomíte až ve chvíli"
"2";"cs: čeština";"NMG: publicistika";"LEI: volnočasová publicistika";"X: neuvedeno";"MIX: společnost";"světě ! </s><s> Samozřejmě návštěvu pedikérky nestíháte , o každodenní péči";"o nohy nemluvě .";"</s><s> Řešení je přitom nasnadě - hydratační gelové návleky , stačí"
"2";"cs: čeština";"NFC: oborová literatura";"POP: populárně naučná literatura";"HUM: humanitní vědy";"LAN: filologie";"Clemens Bruhl : „ Zůstala neplodnou . </s><s> Neměla děti ,";"o synovi ani nemluvě .";""" </s><s> Tato verze o Kateřinině neplodnosti byla vyvrácena roku 1949"
"2";"cs: čeština";"NFC: oborová literatura";"PRO: profesní literatura";"NAT: přírodní vědy";"MED: lékařství";"a nikdy jsem z toho nebyl šťastný a uspokojený ,";"o smyslu toho ani nemluvě .";"</s><s> Lobby a trh jsou ale vždycky silnější . </s><s> MUDr ."
"2";"de: němčina";"FIC: beletrie";"COL: kratší próza";"X: neuvedeno";"X: neuvedeno";"měla složené v klíně , příboru se ještě netknula ,";"o žebírku ani nemluvě .";"</s><s> Podívala se na Antona a zamyslela se , o čem"
"2";"cs: čeština";"NMG: publicistika";"NEW: tradiční publicistika";"X: neuvedeno";"NTW: celostátní tisk";"právu ) by se takové úsilí přímo finančně vyplatilo ,";"o společenských dopadech nemluvě .";"</s><s> VÝSLEDKOVÝ SERVIS </s><s> Hokej </s><s> Fotbal </s><s> Liga mistrů – 6 . zápasy"
"2";"cs: čeština";"NMG: publicistika";"NEW: tradiční publicistika";"X: neuvedeno";"NTW: celostátní tisk";"lepší než dav , který za hilsneriády proklínal Masaryka (";"o Hilsnerovi nemluvě )";", za druhé republiky navrhoval či obhajoval vyloučení Židů z"
"2";"cs: čeština";"NMG: publicistika";"LEI: volnočasová publicistika";"X: neuvedeno";"LIF: životní styl";", je to tragické . </s><s> Ten naprostý nedostatek invence (";"o nějaké empatii ani nemluvě )";"drtí . </s><s> Posílil i Úsvit a Tomio Okamura ( strana"
"2";"cs: čeština";"FIC: beletrie";"COL: kratší próza";"X: neuvedeno";"X: neuvedeno";"mu srdce , jak moc musel chybět on jí . </s><s>";"O psech nemluvě .";"</s><s> Už je to nějaké to století , kdy vychovával dítě"
"2";"cs: čeština";"NMG: publicistika";"LEI: volnočasová publicistika";"X: neuvedeno";"HOU: bydlení, zahrada, hobby";"tak je to heslo univerzální , nastavené právě výrobcem ,";"o dalším zabezpečení nemluvě .";"</s><s> Co to znamená ? </s><s> Třeba hrubé narušení soukromí . </s><s> Nejen"
"2";"cs: čeština";"NFC: oborová literatura";"POP: populárně naučná literatura";"FTS: formální a technické vědy";"ICT: výpočetní technika";"( na mysli máme například Project Cars či Forzu ,";"o Driveclubu ani nemluvě )";"hra stále o krok , v případě druhého jmenovaného až"
"2";"en: angličtina";"NFC: oborová literatura";"POP: populárně naučná literatura";"SSC: sociální vědy";"PSY: psychologie";"pro získání pravidelného přístupu k vašemu času a pozornosti (";"o osobních údajích nemluvě )";", by měla být mnohem přísnější , a většina lidí"
"2";"en: angličtina";"NFC: oborová literatura";"MEM: memoáry, autobiografie";"MEM: memoáry, autobiografie";"MEM: memoáry, autobiografie";"s Edmundem Keanem , Macreadym , Phelpsem a Boothem ,";"o mně nemluvě .";"</s><s> Spolu jsme vystupovali v Astley’s , když byla na programu"
"2";"en: angličtina";"FIC: beletrie";"NOV: próza";"X: neuvedeno";"X: neuvedeno";"čtenáře , protože každý pátek otiskuje celou stranu kuponů ,";"o křížovce nemluvě .";"</s><s> Mobil v kapsičce u košile spustil slavnostní pochod . </s><s> „"
"2";"cs: čeština";"NMG: publicistika";"NEW: tradiční publicistika";"X: neuvedeno";"REG: regionální tisk";", jen v evropských pohárech odpískal celkem 130 zápasů . </s><s>";"O Česku ani nemluvě ,";"po sudím Pavlu Královcovi drží druhé místo v počtu odřízených"
"2";"cs: čeština";"NFC: oborová literatura";"POP: populárně naučná literatura";"FTS: formální a technické vědy";"TEC: technika";": mimořádně lehký a pevný kov vykazuje oproti titanu (";"o hliníku nemluvě )";"při srovnatelné tvrdosti dvaapůlkrát nižší měrnou hustotu , ale rozšíření"
"2";"cs: čeština";"FIC: beletrie";"COL: kratší próza";"X: neuvedeno";"X: neuvedeno";"do mobilu , aby zvedli oči a zaznamenali ji . </s><s>";"O ženách ani nemluvě ,";"ty vždycky evidovaly konkurenci jako první . </s><s> Smíchovské nábřeží nebylo"
"2";"ru: ruština";"FIC: beletrie";"NOV: próza";"X: neuvedeno";"X: neuvedeno";", o jehož významu mlčela dokonce i Svobodná encyklopedie ,";"o školních učebnicích ani nemluvě .";"</s><s> Pomohly mu ekranoslovníky . </s><s> Zkratka S . N . U"
"2";"cs: čeština";"NMG: publicistika";"NEW: tradiční publicistika";"X: neuvedeno";"NTW: celostátní tisk";". </s><s> Poláci jsou na tom podstatně hůře než Němci ;";"o Ukrajincích ani nemluvě .";"</s><s> Loňská dohoda , jež umožnila dodávky suroviny na Ukrajinu ,"
"2";"cs: čeština";"NFC: oborová literatura";"POP: populárně naučná literatura";"ITD: interdisciplinární";"ITD: interdisciplinární";"neostré , pohybem rozmazané a mnohdy jen černobílé obrázky ,";"o zvuku ani nemluvě .";"</s><s> Možná bychom se dost divili , pokud bychom se mohli"
"2";"ru: ruština";"FIC: beletrie";"COL: kratší próza";"X: neuvedeno";"X: neuvedeno";"<s> Nebo hrachovou polévkou . </s><s> Lidé nemají moc zdravé žaludky . </s><s>";"O zubech ani nemluvě .";"</s><s> Ruské zuby , to jsou zuby za všechny drobný . </s>"
"2";"en: angličtina";"NFC: oborová literatura";"SCI: odborná literatura";"HUM: humanitní vědy";"HIS: historie, biografie";"autorů : v časopisech Preuves nebo Liberté de l’esprit ,";"o zahraničních periodikách nemluvě ,";"publikovali Denis de Rougemont , Nicola Chiaromonte , Arthur Koestler"
"2";"cs: čeština";"NMG: publicistika";"NEW: tradiční publicistika";"X: neuvedeno";"NTW: celostátní tisk";"setkávají nejčastěji . </s><s> Jejich životopisy často zůstávají bez odpovědi ,";"o pozvánkách k pohovorům nemluvě .";"</s><s> A nedostává se na ně ani při povyšování anebo při"
"2";"cs: čeština";"NMG: publicistika";"LEI: volnočasová publicistika";"X: neuvedeno";"LIF: životní styl";"děti do výšky a maminky u toho křičí hrůzou (";"o babičkách nemluvě )";". </s><s> To je v pořádku ? </s><s> Naprosto ! </s><s> Dětem toto"
"2";"en: angličtina";"FIC: beletrie";"NOV: próza";"X: neuvedeno";"X: neuvedeno";"fakt , že zde byla jeho žena a dcera . </s><s>";"O Dierdre ani nemluvě ,";"ta už si těchhle věcí musela zažít dosyta . </s><s> Harold"
"2";"cs: čeština";"NFC: oborová literatura";"POP: populárně naučná literatura";"FTS: formální a technické vědy";"ICT: výpočetní technika";"tato neforemná krabice stojí mnohdy více než elegantní notebook ,";"o levných tabletech nemluvě .";"</s><s> Jenže v dlouhodobém měřítku jsou právě stolní počítače tím nejlevnějším"
"2";"cs: čeština";"NFC: oborová literatura";"POP: populárně naučná literatura";"NAT: přírodní vědy";"BIO: biologie";"více trvale se vyskytujících druhů můr nežli například ptáků ,";"o množství jedinců ani nemluvě .";"</s><s> Všechny , ostatně zhruba z jedné velikostní kategorie , tvoří"
"2";"sv: švédština";"FIC: beletrie";"NOV: próza";"X: neuvedeno";"X: neuvedeno";"udřel k smrti , aby náš systém nikdo nezneužil ,";"o napíchnutí ani nemluvě ,";"a dnes stačí sebemenší odchylka od normálu , sebemenší chybička"
"2";"cs: čeština";"NFC: oborová literatura";"PRO: profesní literatura";"FTS: formální a technické vědy";"TEC: technika";"( deklarovaná střední doba života se rapidně zkrátí ) ,";"o kvalitě emitovaného světla nemluvě .";"</s><s> Pokud je osvětlovací systém instalován např . uvnitř nábytku ,"
"2";"nl: nizozemština";"FIC: beletrie";"NOV: próza";"X: neuvedeno";"X: neuvedeno";"Tohle se nedělá “ . </s><s> Špagety se nejí lžící ,";"o noži nemluvě .";"</s><s> Zajímavé bylo také zjištění , že Jahve neřekl , že"
"2";"cs: čeština";"NMG: publicistika";"LEI: volnočasová publicistika";"X: neuvedeno";"LIF: životní styl";"terénem . </s><s> V nohou mám víc než třicet kilometrů ,";"o převýšení raději ani nemluvě .";"</s><s> Do vsi doškobrtám až ve chvíli , kdy vládu na"
"2";"no: norština";"FIC: beletrie";"NOV: próza";"X: neuvedeno";"X: neuvedeno";"posluhovala Schreinerovi . </s><s> Někdy proklínala Číslo jedna i Poutníka ,";"o Bratchardovi ani nemluvě ,";"copak si myslí , že to je to jediné ,"
"2";"cs: čeština";"NMG: publicistika";"LEI: volnočasová publicistika";"X: neuvedeno";"HOU: bydlení, zahrada, hobby";", jak si vyrobit věšák z kroucené vrby . </s><s> A";"o jarním úklidu ani nemluvě !";"</s><s> Inspirativní čtení vám přeje </s><s> Velikonoční probouzení </s><s> LETOŠNÍ VELIKONOČNÍ SVÁTKY BUDEME"
"2";"cs: čeština";"NMG: publicistika";"LEI: volnočasová publicistika";"X: neuvedeno";"MIX: společnost";", po takové výpravě jsem v Praze marně toužil ,";"o Brnu ani nemluvě .";"</s><s> Maxe Broda , který seděl vedle mne v lóži ,"
"2";"cs: čeština";"NFC: oborová literatura";"PRO: profesní literatura";"SSC: sociální vědy";"POL: politika, vojenství";"zdaleka ne každý tleská opraveným kapličkám a zrestaurovaným sochám ,";"o obytných domech ani nemluvě .";"</s><s> Myšlenky na prosazení památkové zóny se nevzdáváte ? </s><s> Patřím k"
"2";"zh: čínština";"FIC: beletrie";"NOV: próza";"X: neuvedeno";"X: neuvedeno";"celého i sežrali , mrtvé tělo nešlo ani zrekonstruovat ,";"o vypreparování nemluvě .";"</s><s> Toto je vlastně služební cesta , počká si u cesty"
"2";"cs: čeština";"FIC: beletrie";"NOV: próza";"X: neuvedeno";"X: neuvedeno";"co bych neřekla ani Ule . </s><s> Možná ani mámě –";"o Janině nemluvě .";"</s><s> Tajná kamarádka se jmenuje Julča . </s><s> Je tak tajná ,"
"2";"en: angličtina";"FIC: beletrie";"NOV: próza";"X: neuvedeno";"X: neuvedeno";"<s> Různým potomkům členů CADS v zákulisí věnovala sotva pohled ,";"o vlídném slově ani nemluvě .";"</s><s> Vzhledem k tomuto nezájmu Rosa , stejně jako většina lidí"
"2";"cs: čeština";"NMG: publicistika";"LEI: volnočasová publicistika";"X: neuvedeno";"LIF: životní styl";"v řece jste tak mohli dostat úplavici nebo tyfus ,";"o nejrůznějších vyrážkách nemluvě .";"</s><s> SMETÁNKA V PLAVKÁCH </s><s> Velkoryse pojatá plovárna představovala perfektní místo k"
"2";"de: němčina";"FIC: beletrie";"NOV: próza";"X: neuvedeno";"X: neuvedeno";"na jazyku , je mu od té doby jasné . </s><s>";"O strachu nemluvě .";"</s><s> Kurt byl rád , že je připraven . </s><s> Že si"
"2";"cs: čeština";"NFC: oborová literatura";"POP: populárně naučná literatura";"ITD: interdisciplinární";"ITD: interdisciplinární";"nepříznivé , že se nedalo orientovat ani podle Slunce ,";"o hvězdách ani nemluvě .";"</s><s> Přitom prokazatelně neměli kompas . </s><s> Přišlo se na to ,"
"2";"cs: čeština";"NMG: publicistika";"NEW: tradiční publicistika";"X: neuvedeno";"NTW: celostátní tisk";"<s> I když páně šéfův smích byl okaté předvádění se ,";"o jeho věrných nemluvě .";"</s><s> Já sama , jelikož jsem nechtěla dopadnout jako Lotova žena"
"2";"cs: čeština";"NMG: publicistika";"NEW: tradiční publicistika";"X: neuvedeno";"REG: regionální tisk";"Beneš , Milan Rastislav Štefánik a jejich nejbližší spolupracovníci ,";"o politicích doma nemluvě ,";"s vysokou pravděpodobností ničeho nedosáhli . </s><s> To se také podepsalo"
"2";"cs: čeština";"NMG: publicistika";"LEI: volnočasová publicistika";"X: neuvedeno";"HOU: bydlení, zahrada, hobby";"můžete mít na zemi na pohled dřevo nebo kámen ,";"o barvách nemluvě .";"</s><s> Slibuje výbornou odolnost vůči vlhkosti a snadno se udržuje v"
"2";"en: angličtina";"FIC: beletrie";"COL: kratší próza";"X: neuvedeno";"X: neuvedeno";". </s><s> A podvozek máte v módu „ Žula “ . </s><s>";"O hlasových pokynech navigace nemluvě .";"</s><s> Nejde mi na rozum , proč si lidé , kteří"
"2";"cs: čeština";"FIC: beletrie";"NOV: próza";"X: neuvedeno";"X: neuvedeno";"na tričku budu taky příšerně nápadný , napadlo mě ,";"o plísňácích nemluvě .";"</s><s> Yveta mi ťukla do ramene a prstem ukázala na obrázek"
"2";"sv: švédština";"FIC: beletrie";"NOV: próza";"X: neuvedeno";"X: neuvedeno";"ostatní díla Jane Austenové , nebo vlastně knihy obecně ,";"o opravdových mužích nemluvě .";"</s><s> Byl to tak dokonale uspořádaný svět , že muset se"
"2";"de: němčina";"NFC: oborová literatura";"MEM: memoáry, autobiografie";"MEM: memoáry, autobiografie";"MEM: memoáry, autobiografie";"metody kriminalistiky . </s><s> Nedokážou tu vyhodnotit ani otisky prstů ,";"o zkouškách DNA nemluvě .";"</s><s> Doznání je tedy třeba z někoho vyrazit . </s><s> Jiná možnost"
"2";"zh: čínština";"FIC: beletrie";"COL: kratší próza";"X: neuvedeno";"X: neuvedeno";"na tvář Siao-mej a poznal , že není ošklivá ,";"o inteligenci nemluvě ,";"vždyť mu odpovídala v rýmech jako když bičem mrská ,"
"2";"en: angličtina";"NFC: oborová literatura";"SCI: odborná literatura";"HUM: humanitní vědy";"HIS: historie, biografie";", o který by se ostatní katolíci a intelektuálové ,";"o zbytku národa nemluvě ,";"mohli opřít při rozhodování , zda skutky lidí kolem sebe"
"2";"en: angličtina";"FIC: beletrie";"COL: kratší próza";"X: neuvedeno";"X: neuvedeno";"jejímž průběhu bezpochyby polekáte tři nebo čtyři malé děti –";"o jejich matkách ani nemluvě –";", starého vypaseného pána srazíte na kočárek a seminaristky naženete"
"2";"cs: čeština";"NMG: publicistika";"NEW: tradiční publicistika";"X: neuvedeno";"NTW: celostátní tisk";", ale jakmile začal trénink , jel jako pila . </s><s>";"O zápasech ani nemluvě .";"</s><s> Co provedl s Barcelonou , na to se vzpomíná dodnes"
"2";"zh: čínština";"FIC: beletrie";"NOV: próza";"X: neuvedeno";"X: neuvedeno";"sanatoria na oficiální doporučení , o malých soukromých ubytovnách zápasících";"o hosty nemluvě ,";"honosí jménem toho kterého posvátného místa . </s><s> Nepřijel sis užívat"
"2";"en: angličtina";"FIC: beletrie";"NOV: próza";"X: neuvedeno";"X: neuvedeno";"potřebovala , ale není zrovna snadné najít si přítele ,";"o manželovi nemluvě ,";"když žijete jako neplacená ošetřovatelka pracující od nevidím do nevidím"
"2";"cs: čeština";"NMG: publicistika";"LEI: volnočasová publicistika";"X: neuvedeno";"LIF: životní styl";"jsou odvary například ze zeměžluči , řebříčku , pampelišky ,";"o pelyňku ani nemluvě .";"</s><s> I když tyto bylinky výrazně pomáhají , nedoporučuje se jejich"
"2";"cs: čeština";"FIC: beletrie";"COL: kratší próza";"X: neuvedeno";"X: neuvedeno";"seděla zdeformovaná hlava se zbytky vlasů sčesanými do patky ,";"o obličeji raději nemluvě .";"</s><s> Dlouhý talár na zem naštěstí skrýval vše ostatní až na"
"2";"cs: čeština";"FIC: beletrie";"COL: kratší próza";"X: neuvedeno";"X: neuvedeno";"tohoto nudného zapadákova . </s><s> Prostředí maloměsta se jim neosvědčilo . </s><s>";"O všudypřítomných havranech ani nemluvě .";"</s><s> Nicméně ještě potřeboval čas . </s><s> Musel dodělat jednu zakázku ,"
"2";"cs: čeština";"NFC: oborová literatura";"POP: populárně naučná literatura";"FTS: formální a technické vědy";"TEC: technika";"musel smartphone , tablet či přehrávač zasouvat do doku (";"o MacBooku nemluvě )";". 2 . 1 systém se ukrývá v oku lahodící"
"2";"cs: čeština";"FIC: beletrie";"NOV: próza";"X: neuvedeno";"X: neuvedeno";"celém Japonsku , posvátnějším než všechny ostatní posvátné hřbitovy ,";"o těch neposvátných ani nemluvě .";"</s><s> Doteď se mu ale vyhýbala . </s><s> Pozorovala z dálky turisty"
"2";"cs: čeština";"NFC: oborová literatura";"POP: populárně naučná literatura";"ITD: interdisciplinární";"ITD: interdisciplinární";"dobách , kdy ještě neexistovala fotografie a letecké snímkování ,";"o satelitním nemluvě .";"</s><s> Obdobný úžas se mne zmocnil při listování objemnou učebnicí Od"
"2";"sv: švédština";"FIC: beletrie";"SCR: drama";"X: neuvedeno";"X: neuvedeno";"krčku stehenní kosti a totálním tělesným i duševním rozkladem . </s><s>";"O srdci ani nemluvě !";"</s><s> Výtah je váš nejhorší nepřítel . </s><s> Horší než vepřové kotlety"
"2";"sv: švédština";"FIC: beletrie";"NOV: próza";"X: neuvedeno";"X: neuvedeno";", jako by to byl bůhvíjak zábavný vtip . </s><s> „";"O Idgie nemluvě .";"</s><s> Zvát vandráky na kořalku , navíc před obědem . </s><s> A"
"2";"cs: čeština";"NMG: publicistika";"NEW: tradiční publicistika";"X: neuvedeno";"NTW: celostátní tisk";"se zeptáte dětí na základní škole nebo na gymnáziu ,";"o rodičích a učitelích nemluvě ,";"většina z nich vám řekne , že je potřeba ,"
"2";"en: angličtina";"FIC: beletrie";"NOV: próza";"X: neuvedeno";"X: neuvedeno";"cesty , tentokrát bez nějakých dramatických scén či hrdinství —";"o míze ani nemluvě .";"</s><s> Je zvláštní , když si vzpomenu , že toto rozhodnutí"
"2";"cs: čeština";"NMG: publicistika";"LEI: volnočasová publicistika";"X: neuvedeno";"SCT: společenský život";"ordinaci v Krejzových tygra , medvěda , z kozu ,";"o psech a kočkách nemluvě .";"</s><s> Tentokrát našel Jan Šťastný coby veterinář Petr Vymeš v obýváku"
"2";"cs: čeština";"NFC: oborová literatura";"SCI: odborná literatura";"HUM: humanitní vědy";"PHI: filozofie, náboženství";"zjištěn jediný případ jejich škodlivého účinku na lidské zdraví . </s><s>";"O tom živočišném ani nemluvě .";"</s><s> To bychom se teprve dočkali masových antiGM protestů ! </s><s> Námitky"
"2";"de: němčina";"FIC: beletrie";"NOV: próza";"X: neuvedeno";"X: neuvedeno";"klucích , všichni byli fyzicky poznamenaní na celý život ,";"o psychických následcích nemluvě .";"</s><s> Kevinovi se ty scény živě promítaly před očima . </s><s> Vzpomínal"
"2";"cs: čeština";"NFC: oborová literatura";"POP: populárně naučná literatura";"HUM: humanitní vědy";"LAN: filologie";"zemi zaslíbené komunismu vypadávaly obchody , hotely a restaurace . </s><s>";"O tamních lidech ani nemluvě .";"</s><s> Na základě takovéhoto iniciačního zážitku se navíc může Kohoutkovu nechápavost"
"2";"nl: nizozemština";"FIC: beletrie";"NOV: próza";"X: neuvedeno";"X: neuvedeno";"to řekl , kdyby se to v Nizozemsku rozkřiklo ? </s><s>";"O Kubě ani nemluvě ,";"protože to by s tebou mohlo dopadnout zatraceně ošklivě . </s>"
"2";"cs: čeština";"NMG: publicistika";"NEW: tradiční publicistika";"X: neuvedeno";"NTW: celostátní tisk";"<s> Ani to , že rozsáhlá témata vhodná pro antologii (";"o hudebním materiálu vůbec nemluvě )";"nejsou ani zdaleka pokryta . </s><s> Vzhledem ke kvalitě výběrů se"
"2";"es: španělština";"FIC: beletrie";"NOV: próza";"X: neuvedeno";"X: neuvedeno";"v době , kdy se nedostávalo zeleniny a vajec ,";"o kuřecím mase ani nemluvě .";"</s><s> „ Neruda se tam přátelil s muralisty Davidem Alfarem Siqueirosem"
"2";"cs: čeština";"NMG: publicistika";"LEI: volnočasová publicistika";"X: neuvedeno";"HOU: bydlení, zahrada, hobby";"tím lépe se vám bude kout udržovat v čistotě ,";"o vizuálním pořádku ani nemluvě …";"* </s><s> Díky různým možnostem zkosení a výřezů skla si můžete"
"2";"cs: čeština";"NMG: publicistika";"LEI: volnočasová publicistika";"X: neuvedeno";"HOU: bydlení, zahrada, hobby";"antidepresivem , povzbuzujícím prostředkem a „ zlepšovatelem nálady “ . </s><s>";"O afrodiziakálních účincích ani nemluvě –";"možná právě proto se bez ní obejde málokterý svátek zamilovaných"
"2";"cs: čeština";"FIC: beletrie";"NOV: próza";"X: neuvedeno";"X: neuvedeno";"ruce z toho , jak jsem se oháněl lopatkou ,";"o zraněném rameni nemluvě ,";"a on měl u sebe celou dobu klíč . </s><s> Rukavicí"
"2";"cs: čeština";"NFC: oborová literatura";"POP: populárně naučná literatura";"SSC: sociální vědy";"LAW: právo";"“ vysvětloval Jansa . </s><s> Na okolí to ovšem působilo –";"o podezřívavé policii nemluvě –";"dojmem , že schválně brzdil pátrání po Michaele . </s><s> 4"
"2";"cs: čeština";"NMG: publicistika";"NEW: tradiční publicistika";"X: neuvedeno";"NTW: celostátní tisk";"své praxe , a zpravidla za mnohem méně peněz ,";"o prestiži nemluvě .";"</s><s> Mnozí z nich však už jen od rána sedí doma"
"2";"no: norština";"FIC: beletrie";"NOV: próza";"X: neuvedeno";"X: neuvedeno";"ostatní prověřovali tak důkladně . </s><s> Mě . </s><s> A Franka . </s><s>";"O Gøranovi nemluvě .";"“ </s><s> „ Jenže ty jsi měl u sebe kufr ,"
"2";"en: angličtina";"NFC: oborová literatura";"POP: populárně naučná literatura";"SSC: sociální vědy";"ECO: ekonomie, obchod, logistika";"nevíme , jaké komplikace a nahodilé okolnosti můžou nastat ,";"o jejich pravděpodobnosti ani nemluvě ,";"jak mezi jinými na začátku dvacátého století zdůrazňoval pronikavý americký"
"2";"en: angličtina";"NFC: oborová literatura";"MEM: memoáry, autobiografie";"MEM: memoáry, autobiografie";"MEM: memoáry, autobiografie";"která zažil se dvěma svými druhy v proutěném koraklu :";"o vlku nemluvě .";"</s><s> Zohledníme - li rozdíly v nedůležitých detailech , něco prakticky"
"2";"cs: čeština";"NFC: oborová literatura";"POP: populárně naučná literatura";"NAT: přírodní vědy";"BIO: biologie";"ploch pro plavání , jachtaření a jiné vodní sporty ;";"o ucpávání vodovodních trubek nemluvě .";"</s><s> V současné době jeho populace obecně stagnuje , na mnoha"
"2";"cs: čeština";"NFC: oborová literatura";"POP: populárně naučná literatura";"NAT: přírodní vědy";"BIO: biologie";"s chutí konzumuje : výkaly , peří , dřevo ,";"o mršinách ani nemluvě .";"</s><s> U těch , kteří připomínají pomalu se sunoucí exkrementy ,"
"2";"cs: čeština";"NMG: publicistika";"LEI: volnočasová publicistika";"X: neuvedeno";"LIF: životní styl";"radioterapie formou fotonů něco stojí , natož třeba chemoterapie ,";"o biologické léčbě nemluvě .";"</s><s> Ale pokud přičteme náklady na likvidaci následků zbytečného nadměrného ozáření"
"2";"cs: čeština";"FIC: beletrie";"COL: kratší próza";"X: neuvedeno";"X: neuvedeno";"trvají déle a způsobují mnohem větší škody na životech ,";"o majetku nemluvě .";"</s><s> Politické dění se vyznačuje nepředvídatelností a docela často katastrofálními následky"
"2";"cs: čeština";"NMG: publicistika";"LEI: volnočasová publicistika";"X: neuvedeno";"SPO: sport";"<s> Už čtyři zápasy v sedmi dnech je pořádná porce ,";"o pěti nemluvě .";"“ </s><s> V tomhle NHL není zrovna spravedlivá , v tak"
"2";"cs: čeština";"NMG: publicistika";"NEW: tradiční publicistika";"X: neuvedeno";"REG: regionální tisk";"v zimě nebo v dešti , začíná být nebezpečné . </s><s>";"O extrémní hlučnosti nemluvě .";"</s><s> Jakýkoliv dobře udělaný asfalt bude zásadně tišší , bezpečnější a"
"2";"cs: čeština";"NFC: oborová literatura";"POP: populárně naučná literatura";"NAT: přírodní vědy";"MED: lékařství";"především na gastroenterologii , dermatologii , neurologii a kardiologii ,";"o všeobecné interně nemluvě .";"</s><s> Mnohem větší „ promořenost “ psychosomatickými myšlenkami už dnes vykazuje"
"2";"en: angličtina";"FIC: beletrie";"SCR: drama";"X: neuvedeno";"X: neuvedeno";"<s> OLIVER : Místní nás nesnášejí , počasí je hrozné ,";"o škole nemluvě .";"</s><s> A my je teď můžeme dát do nějaké solidní nezávislé"
"2";"cs: čeština";"NMG: publicistika";"LEI: volnočasová publicistika";"X: neuvedeno";"SPO: sport";"mají v hlavě zmatek , jak s videem pracovat . </s><s>";"O veřejnosti nemluvě .";"</s><s> Práce s VARem přešla v Česku od zřídkavého zasahování téměř"
"2";"cs: čeština";"NMG: publicistika";"LEI: volnočasová publicistika";"X: neuvedeno";"LIF: životní styl";"kteří se nikterak neženou do svatby a společného života ,";"o potomcích ani nemluvě ,";"hledají něco jiného . </s><s> Ale co vlastně , když ani"
"2";"en: angličtina";"NFC: oborová literatura";"POP: populárně naučná literatura";"SSC: sociální vědy";"POL: politika, vojenství";"dokonce dostala do celostátních zpráv . </s><s> Avšak regionální představitelé –";"o Kremlu ani nemluvě –";"nenaslouchali . </s><s> Požadované referendum o navrhované těžbě bylo blokováno a"
"2";"cs: čeština";"NMG: publicistika";"NEW: tradiční publicistika";"X: neuvedeno";"NTW: celostátní tisk";"skončila autorovou sebevraždou , velké výtvarné i hudební pochopení . </s><s>";"O hercích nemluvě ;";"bylo až dojemné , když se po skončení projekce vyběhli"
"2";"da: dánština";"FIC: beletrie";"NOV: próza";"X: neuvedeno";"X: neuvedeno";"<s> Nemá svým lidem co nabídnout . </s><s> Mzda je ubohá ,";"o pracovní době ani nemluvě .";"</s><s> Snížili stavy a práci se jim daří vykonávat jen za"
"2";"cs: čeština";"NFC: oborová literatura";"POP: populárně naučná literatura";"ITD: interdisciplinární";"ITD: interdisciplinární";"se nám ji nepodařilo přesvědčivě předat našim západním sousedům ,";"o těch východních ani nemluvě .";"</s><s> Ani dosud silné zaměření naší civilizace na vědu bychom neměli"
"2";"cs: čeština";"FIC: beletrie";"COL: kratší próza";"X: neuvedeno";"X: neuvedeno";"to výjimečná příležitost , jak uniknout stereotypu zdejších dní ,";"o jiných únicích ani nemluvě .";"</s><s> Takže : Říká se , že za naším ředitelem dorazil"
"2";"cs: čeština";"NMG: publicistika";"LEI: volnočasová publicistika";"X: neuvedeno";"MIX: společnost";"mužských ) očích zastínila i sestru Kate u oltáře ,";"o princi Williamovi nemluvě .";"</s><s> Kam se poděl tenhle „ nejkrásnější zadeček světa “ ? </s>"
"2";"en: angličtina";"NFC: oborová literatura";"POP: populárně naučná literatura";"HUM: humanitní vědy";"INF: knihovnictví, informatika";"levný a spolehlivý zdroj potravy pro jejich rostoucí populace ,";"o jejich armádách ani nemluvě .";"</s><s> Francouzský král Ludvík XVI . ( 1754 – 1793 )"
"2";"cs: čeština";"FIC: beletrie";"NOV: próza";"X: neuvedeno";"X: neuvedeno";". </s><s> Patrně mnohem větší než dejme tomu gymnaziální studium ,";"o tý debilní brigádě nemluvě .";"</s><s> Jarda dnes začal svůj den rovnou v lese . </s><s> Předposlední"
"2";"cs: čeština";"NMG: publicistika";"NEW: tradiční publicistika";"X: neuvedeno";"NTW: celostátní tisk";"dost nejen na hřbitov , ale ani na zahrádky ,";"o velkém hřbitovu nemluvě .";"</s><s> Velké kosti se v kostnici století vyskládávaly pod desku ,"
"2";"cs: čeština";"NFC: oborová literatura";"POP: populárně naučná literatura";"FTS: formální a technické vědy";"ICT: výpočetní technika";"osob ) daleko lépe chráněn než váš počítač domácí ,";"o mobilním telefonu nemluvě .";"</s><s> Vzdálený přístup k vašemu internetovému účtu je chráněn heslem ,"
"2";"cs: čeština";"NMG: publicistika";"NEW: tradiční publicistika";"X: neuvedeno";"NTW: celostátní tisk";"tak splatí své pořizovací náklady pohodlím a úsporou času ,";"o radosti prarodičů ani nemluvě .";"</s><s> Tiskárna Pixma MG2450 od Canonu </s><s> MIRO NE T </s><s> Wi-fi . </s>"
"2";"en: angličtina";"FIC: beletrie";"NOV: próza";"X: neuvedeno";"X: neuvedeno";"cestou z kanceláře v ulicích čtvrti Marunouči nejspíš nepotká ,";"o tygrech ani nemluvě ,";"ale ten chlapík u stánku s nudlemi se kaboní úplně"
"2";"de: němčina";"NFC: oborová literatura";"MEM: memoáry, autobiografie";"MEM: memoáry, autobiografie";"MEM: memoáry, autobiografie";", jak pracuje , dodnes jsem se nic nepřiučila ,";"o zkracování kalhot ani nemluvě )";", který s oblibou pronášela : „ Hezcí lidé mají"
"2";"en: angličtina";"FIC: beletrie";"NOV: próza";"X: neuvedeno";"X: neuvedeno";"<s> 3 . Žádný prasečkář nebude na podzim nosit šortky ,";"o zimě ani nemluvě .";"</s><s> 4 . Žádný prasečkář nebude nikdy přistižen , jak spí"
"2";"cs: čeština";"NMG: publicistika";"LEI: volnočasová publicistika";"X: neuvedeno";"MIX: společnost";"fuška , než jsme čekali ! </s><s> Peří bylo všude ,";"o zápachu ani nemluvě .";"</s><s> Ale když jsme úklid skončili , „ obytňák “ se"
"2";"cs: čeština";"NMG: publicistika";"NEW: tradiční publicistika";"X: neuvedeno";"NTW: celostátní tisk";"kvalifikovaným více , než je průměrná mzda v zemi ,";"o té mediánové nemluvě .";"</s><s> Jenže ani to nestačí . </s><s> Bylo by řešením radikální zvýšení"
"2";"cs: čeština";"NFC: oborová literatura";"POP: populárně naučná literatura";"FTS: formální a technické vědy";"TEC: technika";"citelný nedostatek vody , podzim doprovází plískanice a mlhy ,";"o zimě ani nemluvě )";". </s><s> To je sice v protikladu s dalším krokem ,"
"2";"cs: čeština";"NFC: oborová literatura";"POP: populárně naučná literatura";"ITD: interdisciplinární";"ITD: interdisciplinární";"generací u ryb , plazů , ptáků i savců ,";"o všemožných domácích zvířatech nemluvě .";"</s><s> Z tohoto úhlu pohledu pak není objev alely pro „"
"2";"cs: čeština";"NFC: oborová literatura";"MEM: memoáry, autobiografie";"MEM: memoáry, autobiografie";"MEM: memoáry, autobiografie";""" ujetě "" dobrodružného v rámci zdánlivě tradičního veršování -";"o Magorovi nemluvě .";"</s><s> Morava , která pro mě byla podstatná už v šedesátých"
"2";"en: angličtina";"FIC: beletrie";"COL: kratší próza";"X: neuvedeno";"X: neuvedeno";"zavedením krymsko-tatarské metody lze nepředstavitelně ušetřit čas a námahu ,";"o uhlí ani nemluvě ;";"a hned na místě ženu této metodě naučil , načež"
"2";"cs: čeština";"NMG: publicistika";"NEW: tradiční publicistika";"X: neuvedeno";"NTW: celostátní tisk";"? </s><s> Kabina žije jinak , než je zvykem venku . </s><s>";"O složitém místním jazyku nemluvě .";"</s><s> I liga je jiná . </s><s> Běhavá , uspěchaná , fyzicky"
"2";"cs: čeština";"FIC: beletrie";"COL: kratší próza";"X: neuvedeno";"X: neuvedeno";"<s> Bylo to k zlosti , neměl k dispozici motorku ,";"o automobilu ani nemluvě .";"</s><s> Přece tam nepojede na kole ! </s><s> Vyšel před stanici a"
"2";"en: angličtina";"NFC: oborová literatura";"SCI: odborná literatura";"HUM: humanitní vědy";"HIS: historie, biografie";"rané fázi proti Pétainovi by nevyžadovalo pouze značnou předvídavost ,";"o odvaze nemluvě ;";"vyžadovalo by to též ochotu hájit ( byť třeba v"
"2";"cs: čeština";"NMG: publicistika";"LEI: volnočasová publicistika";"X: neuvedeno";"SCT: společenský život";"souboj různě vybavili . </s><s> Nechyběly lyžařské kukly či brýle ,";"o teplém spodním prádle nemluvě ...";"</s><s> A hráči ? </s><s> Kouřilo se jim z úst i z"
"2";"cs: čeština";"NMG: publicistika";"LEI: volnočasová publicistika";"X: neuvedeno";"SCT: společenský život";"můžete třeba v koupelně - zvuk sprchy leccos zamaskuje ,";"o ždímající pračce nemluvě .";"</s><s> VYRAZTE DO PŘÍRODY </s><s> Někdy je prostě jedinou možností vyklizení bojiště"
"2";"cs: čeština";"NFC: oborová literatura";"SCI: odborná literatura";"HUM: humanitní vědy";"PHI: filozofie, náboženství";"netransgenními , ať již pesticidy či jinak ošetřenými kontrolami (";"o těch neošetřených ani nemluvě )";", vykazuje MONA 851 propastně nižší – v podstatě nulový"
"2";"cs: čeština";"NMG: publicistika";"LEI: volnočasová publicistika";"X: neuvedeno";"LIF: životní styl";"můžete ušetřit až 70 % vody oproti celoplošnému zalévání ,";"o úspoře času nemluvě .";"</s><s> EFEKTNÍ : Novinku , která potěší nejen děti , nabízí"
"2";"cs: čeština";"NFC: oborová literatura";"PRO: profesní literatura";"FTS: formální a technické vědy";"TEC: technika";"zásadně ovlivní investiční i provozní náklady a funkčnost stavby ,";"o výtvarném řešení ani nemluvě .";"</s><s> Pokud chcete něco dělat poctivě a slušně , máte na"
"2";"cs: čeština";"NMG: publicistika";"NEW: tradiční publicistika";"X: neuvedeno";"NTW: celostátní tisk";"ostatní státy EU pak začnou pochybovat o vaší racionalitě . </s><s>";"O Polsku pak ani nemluvě –";"Poláci jsou v EU dobře známí tím , že se"
"2";"cs: čeština";"NMG: publicistika";"NEW: tradiční publicistika";"X: neuvedeno";"REG: regionální tisk";"nedisponují ani lidmi , kteří by je měli obsluhovat . </s><s>";"O řadě rozhodčích nemluvě .";"</s><s> Pro případ technických potíží prý je připravený plán B . </s>"
"2";"cs: čeština";"NFC: oborová literatura";"PRO: profesní literatura";"SSC: sociální vědy";"ECO: ekonomie, obchod, logistika";"poloostrov , Řecko atd . jsou servisně dobře pokryty ,";"o Turecku nemluvě .";"</s><s> A v kuloárech jsem zaslechnul , že prostřednictvím našeho zastoupení"
"2";"nl: nizozemština";"FIC: beletrie";"NOV: próza";"X: neuvedeno";"X: neuvedeno";"bigotní fanatik , co nedokázal přimhouřit oči nad potraty –";"o euthanasii ani nemluvě –";", zato dal nemilosrdně střílet na molučany při vlakových únosech"
"2";"en: angličtina";"FIC: beletrie";"NOV: próza";"X: neuvedeno";"X: neuvedeno";"<s> „ Myslím tím , jestli jste už dost zralí ,";"o finanční stránce ani nemluvě .";"“ </s><s> „ Ano , “ odpověděl James , ačkoli si"
"2";"cs: čeština";"NFC: oborová literatura";"POP: populárně naučná literatura";"NAT: přírodní vědy";"BIO: biologie";"církve a univerzita se alma mater také nejmenuje náhodou ,";"o matičce straně ani nemluvě )";". </s><s> O Pilgrimově knize o mužích , pohlcených matkou ,"
"2";"cs: čeština";"NMG: publicistika";"NEW: tradiční publicistika";"X: neuvedeno";"NTW: celostátní tisk";"má poslední z přijatých jen čtyři body z matematiky . </s><s>";"O středních odborných školách nemluvě .";"</s><s> Jak dopadli uchazeči o čtyřleté obory ( percentilové skóre uchazečů"
"2";"cs: čeština";"NMG: publicistika";"NEW: tradiční publicistika";"X: neuvedeno";"NTW: celostátní tisk";"nějakým způsobem bezprostředně ohrožují . </s><s> Naopak Ukrajina nikoho nezajímá . </s><s>";"O Krymu nemluvě .";"</s><s> Dochází dokonce ke sbližování s Putinem a myslím , že"
"2";"cs: čeština";"FIC: beletrie";"NOV: próza";"X: neuvedeno";"X: neuvedeno";". </s><s> To je časově třikrát déle než u nás ,";"o intenzitě nemluvě .";"“ </s><s> Následovat měla notoricky známá přednáška , Magda mu zrovna"
"2";"en: angličtina";"FIC: beletrie";"NOV: próza";"X: neuvedeno";"X: neuvedeno";"nebudu vyprávět McGrayovi , jehož odloučenost a nešťastná situace —";"o prstech nemluvě —";"se té jejich trochu podobaly … </s><s> Na Edinburgh se toho"
"2";"cs: čeština";"NMG: publicistika";"LEI: volnočasová publicistika";"X: neuvedeno";"MIX: společnost";"– touhle dobou bývá i ve Středomoří pořádně nevlídno ,";"o severních krajích nemluvě .";"</s><s> Takže kam v zimě vyplout ? </s><s> Karibská klasika </s><s> V této"
"2";"cs: čeština";"NFC: oborová literatura";"MEM: memoáry, autobiografie";"MEM: memoáry, autobiografie";"MEM: memoáry, autobiografie";", ne v takových počtech a ne všechny druhy . </s><s>";"O focení ani nemluvě ,";"to byl ryzí smutek . </s><s> Nějaký odonatologický zápis do historie"
"2";"cs: čeština";"NFC: oborová literatura";"PRO: profesní literatura";"FTS: formální a technické vědy";"ICT: výpočetní technika";"nebo klávesnice má trvale obsazených nějakých 40 MB paměti ,";"o dalších systémových zdrojích nemluvě .";"</s><s> A není rozhodně vizitkou kvality a profesionality programátora , který"
"2";"cs: čeština";"NFC: oborová literatura";"SCI: odborná literatura";"HUM: humanitní vědy";"PHI: filozofie, náboženství";"tato svoboda chybí : nedočká se patrně ani polévky ,";"o kavalci ani nemluvě .";"</s><s> Že je ovšem každá svoboda nějakou možností a nikoli pozitivním"
"2";"en: angličtina";"FIC: beletrie";"NOV: próza";"X: neuvedeno";"X: neuvedeno";"lidí na mor ? </s><s> To si nemohl vybrat třeba …";"o psu nemluvě ?";"</s><s> Tam je aspoň jakýs takýs milostný příběh . “ </s><s> Dizzy"
"2";"cs: čeština";"NMG: publicistika";"LEI: volnočasová publicistika";"X: neuvedeno";"LIF: životní styl";"naboso . </s><s> I tři kilometry jsou na začátek příliš ,";"o desetikilometrovém závodě ani nemluvě .";"</s><s> „ Pokud by nebyl člověk opatrný a hned se vrhl"
"2";"cs: čeština";"NMG: publicistika";"LEI: volnočasová publicistika";"X: neuvedeno";"INT: zajímavosti ze světa";"mít k dispozici vědmu , která vám předpoví budoucnost . </s><s>";"O cukrové vatě ové nemluvě .";"</s><s> Všechny tvůrčí děti "" vydejte se na Kampu ! </s><s> Kdy"
"2";"cs: čeština";"NFC: oborová literatura";"POP: populárně naučná literatura";"NAT: přírodní vědy";"MED: lékařství";"mají jen velmi mlhavou , nebo dokonce žádnou představu ,";"o zkušenostech ani nemluvě .";"</s><s> Každý lékař by měl být dopředu upozorněn , že bude"
"2";"cs: čeština";"NMG: publicistika";"NEW: tradiční publicistika";"X: neuvedeno";"NTW: celostátní tisk";"o jejich kvalitě . </s><s> Často jsou zatíženy nějakým břemenem ,";"o nájmu nemluvě .";"</s><s> Ukáže se třeba , že někdo má právo odebírat vodu"
"2";"cs: čeština";"FIC: beletrie";"NOV: próza";"X: neuvedeno";"X: neuvedeno";"je moc a přilákat novináře je čím dál těžší ,";"o televizních nemluvě .";"</s><s> Podle Karla jim je jedno , že se z toho"
"2";"cs: čeština";"NMG: publicistika";"NEW: tradiční publicistika";"X: neuvedeno";"NTW: celostátní tisk";"síly , sestry prchající do Německa za trojnásobným platem . </s><s>";"O ocenění lékařů nemluvě .";"</s><s> Když připustíme , že Babišovi vedle soukromého byznysu opravdu leží"
"2";"en: angličtina";"FIC: beletrie";"NOV: próza";"X: neuvedeno";"X: neuvedeno";"připadali schopní , jenže podezření není totéž co jistota ,";"o důkazech nemluvě .";"</s><s> Vypáčil jsem z Čepele všechno , co byl ochotný mi"
"2";"cs: čeština";"NFC: oborová literatura";"POP: populárně naučná literatura";"FTS: formální a technické vědy";"TEC: technika";"energie denně promrháme rozrážením vzduchu v normálně vysokých autech . </s><s>";"O crossoverech a SUV nemluvě .";"</s><s> Strmý nárůst spotřeby ze 110 na 130 km / h"
"2";"cs: čeština";"NFC: oborová literatura";"PRO: profesní literatura";"SSC: sociální vědy";"EDU: pedagogika";", natožpak babička s přítelem a dědeček s přítelkyní . </s><s>";"O škole ani nemluvě ,";"tam se o sociální vazby v rodinách začínají zajímat ,"
"2";"cs: čeština";"NFC: oborová literatura";"MEM: memoáry, autobiografie";"MEM: memoáry, autobiografie";"MEM: memoáry, autobiografie";"si to v zimních večerech přepočítají pomocí vlašské praktiky . </s><s>";"O oleji ani nemluvě .";"</s><s> A i tak se to pořád vyplatilo jezdit do N"
"2";"cs: čeština";"NMG: publicistika";"LEI: volnočasová publicistika";"X: neuvedeno";"LIF: životní styl";"dítě samo vydělává , mělo by přispívat na domácnost ,";"o rozdělení prací ani nemluvě .";"</s><s> K vlastnímu bydlení můžete potomka také motivovat tím , že"
"2";"cs: čeština";"NMG: publicistika";"NEW: tradiční publicistika";"X: neuvedeno";"NTW: celostátní tisk";"slova klid : klidně žít , klidný spánek dětí (";"o matkách nemluvě )";". </s><s> To jsou oblíbené obraty a rekvizity českých popových textů"
"2";"en: angličtina";"NFC: oborová literatura";"MEM: memoáry, autobiografie";"MEM: memoáry, autobiografie";"MEM: memoáry, autobiografie";"mě na Western States nevěděl , jestli závod dokončí ,";"o vítězství ani nemluvě .";"</s><s> Spousta lidí v životě ničeho úžasného nedosáhne . </s><s> Mnozí se"
"2";"cs: čeština";"NFC: oborová literatura";"POP: populárně naučná literatura";"FTS: formální a technické vědy";"TEC: technika";"sprchový kout 80 × 80 cm pohodlné a dostačující ,";"o toaletě a bidetu nemluvě .";"</s><s> Budete potřebovat i více volné obslužné plochy . </s><s> U domu"
"2";"cs: čeština";"NMG: publicistika";"NEW: tradiční publicistika";"X: neuvedeno";"NTW: celostátní tisk";"tedy ten nejjednodušší šátek , který zakrývá jen vlasy . </s><s>";"O burce ani nemluvě .";"</s><s> Muslimky s šátky ale Češi do budoucna určitě potkávat budou"
"2";"cs: čeština";"NMG: publicistika";"NEW: tradiční publicistika";"X: neuvedeno";"NTW: celostátní tisk";"bylo vyšší . </s><s> Krizí bylo tvrdě zasaženo i zemědělství ,";"o terciární sféře ani nemluvě .";"</s><s> Reakce československé politiky na krizi byla poměrně rozpačitá . </s><s> Po"
"2";"fi: finština";"FIC: beletrie";"NOV: próza";"X: neuvedeno";"X: neuvedeno";". </s><s> Žádné objetí , polibek nebo letmý dotyk ruky . </s><s>";"O sexu ani nemluvě .";"</s><s> Rauno na to měl chuť . </s><s> Pomyslel na nevěru . </s>"
"2";"de: němčina";"NFC: oborová literatura";"POP: populárně naučná literatura";"HUM: humanitní vědy";"HIS: historie, biografie";"pořád ještě nedostali od nikoho mimo ghetto jedinou pistoli ,";"o těžkých zbraních ani nemluvě .";"</s><s> Nenašli jsme ani jedinou skupinu , která by se za"
"2";"cs: čeština";"NFC: oborová literatura";"PRO: profesní literatura";"NAT: přírodní vědy";"MED: lékařství";"být každý onkologicky nemocný lékař nebo gynekologem každá žena ,";"o pediatrii ani nemluvě .";"</s><s> Můžete připomenout , kdo je „ geriatrický pacient “ a"
"2";"cs: čeština";"NMG: publicistika";"NEW: tradiční publicistika";"X: neuvedeno";"NTW: celostátní tisk";"a med a o dům dál okurky a melouny . </s><s>";"O milých lidech nemluvě .";"</s><s> Příjemným překvapením byly i nové dálnice přes Rumunsko . </s><s> Centrum"
"2";"en: angličtina";"NFC: oborová literatura";"POP: populárně naučná literatura";"SSC: sociální vědy";"REC: sport, rekreace, hobby";"<s> Intimní hygiena </s><s> Bezpočet žen mého věku pravděpodobně nikdy nevidělo ,";"o použití ani nemluvíc ,";"irigátor na výplach pochvy . </s><s> Intimní hygiena vyšla z módy"
"2";"cs: čeština";"NMG: publicistika";"LEI: volnočasová publicistika";"X: neuvedeno";"LIF: životní styl";"ruce roztekla zmrzlina nebo jste se umazala při tankování . </s><s>";"O dětech nemluvě .";"</s><s> Navíc při čekání v zácpě můžete setřít prach z palubní"
"2";"en: angličtina";"FIC: beletrie";"COL: kratší próza";"X: neuvedeno";"X: neuvedeno";"hodnotu několika milionů dolarů , o smlouvě na knihu a";"o cyklu přednášek ani nemluvě .";"</s><s> Neuškodí ani to , že jsme na planetě našli známku"
"2";"cs: čeština";"NMG: publicistika";"LEI: volnočasová publicistika";"X: neuvedeno";"LIF: životní styl";"mám tři sportovní podprsenky , jednu pohodlnější než druhou . </s><s>";"O hudbě ani nemluvě !";"</s><s> Kdysi jsem měla přehrávač na CD v podprsence a poslouchala"
"2";"cs: čeština";"NMG: publicistika";"NEW: tradiční publicistika";"X: neuvedeno";"NTW: celostátní tisk";"<s> Už za Václava Klause se ministři neúčastnili jednání sněmovny ,";"o interpelacích nemluvě .";"</s><s> O interpelacích bych řekl ještě jedno – mají hlubší historické"
"2";"cs: čeština";"NMG: publicistika";"LEI: volnočasová publicistika";"X: neuvedeno";"SPO: sport";", pro Jágra je ukrutně lákavé pro každého byznysmena ,";"o politicích ani nemluvě .";"</s><s> Slavný muž otevírá dveře . </s><s> A on sám těm ,"
"2";"en: angličtina";"FIC: beletrie";"NOV: próza";"X: neuvedeno";"X: neuvedeno";"v pohybu , kopání do lidí , o příležitostném pokusu";"o vraždu ani nemluvě .";"</s><s> Předseda jejích odborů tvrdil , že řidič autobusu je v"
"2";"en: angličtina";"FIC: beletrie";"NOV: próza";"X: neuvedeno";"X: neuvedeno";"má Jack náturu . </s><s> Navíc má výhodu ve výšce ,";"o váze nemluvě .";"</s><s> Na staršího chlapa je v dobré kondici . </s><s> Pod uniformou"
"2";"cs: čeština";"NFC: oborová literatura";"POP: populárně naučná literatura";"NAT: přírodní vědy";"BIO: biologie";"funkční . </s><s> Ulice Dzeržinského , Urického a dalších přízraků ,";"o Leninově nemluvě ,";"jsou stále , kde bývaly ( v Znamenském monastýru ale"
"2";"ru: ruština";"FIC: beletrie";"COL: kratší próza";"X: neuvedeno";"X: neuvedeno";"tuláctví . </s><s> Ivánek - hlupáček a Oblomov jsou tuláci . </s><s>";"O Ostapovi Benderovi ani nemluvě .";"</s><s> A sovětská turistika s kytarou , to je rovněž tuláctví"
"2";"cs: čeština";"NMG: publicistika";"LEI: volnočasová publicistika";"X: neuvedeno";"MIX: společnost";"1,2 milionu korun : to ve velkých městech nestačí ,";"o Praze ani nemluvě .";"</s><s> Pořád tedy nezbývá než čekat , kdy se stát odhodlá"
"2";"cs: čeština";"NFC: oborová literatura";"POP: populárně naučná literatura";"FTS: formální a technické vědy";"ICT: výpočetní technika";"i tehdy , když chcete mobil používat k fotografování ,";"o přehrávání hudby nemluvě .";"</s><s> POSLECH NAHLAS </s><s> Pro častější poslech hudby nahlas ( bez sluchátek"
"2";"cs: čeština";"FIC: beletrie";"NOV: próza";"X: neuvedeno";"X: neuvedeno";"chvíle . </s><s> Stále perfektní angličtina , němčina i francouzština (";"o ruštině nemluvě )";"a pověst progresivního osmašedesátníka mu pomohly až do horních pater"
"2";"en: angličtina";"FIC: beletrie";"NOV: próza";"X: neuvedeno";"X: neuvedeno";"udělala Tommymu , zapomněl by , jak se jmenuje ,";"o mém jméně ani nemluvě .";"</s><s> „ O co ti jde , Petere ? </s><s> Proč jsi"
"2";"cs: čeština";"NMG: publicistika";"NEW: tradiční publicistika";"X: neuvedeno";"REG: regionální tisk";"rozmarům počasí , drsným podmínkám , chorobám a škůdcům ,";"o třech armádách nemluvě ,";"“ upozornila Růžičková . </s><s> Podle ní jsou oproti těm ralským"
"2";"cs: čeština";"NFC: oborová literatura";"POP: populárně naučná literatura";"HUM: humanitní vědy";"LAN: filologie";"USA zanedbatelný . </s><s> A větší peníze přebíjejí ty menší ,";"o hrdosti ani nemluvě .";"</s><s> Evropské firmy kvapně opouštějí Írán , případně od USA poněkud"
"2";"cs: čeština";"NMG: publicistika";"LEI: volnočasová publicistika";"X: neuvedeno";"LIF: životní styl";"tvrdohlavost mají v mém životě stále své pevné místo . </s><s>";"O mastných vlasech ani nemluvě ,";"někdy se z pyžama převléknu až odpoledne , když už"
"2";"en: angličtina";"NFC: oborová literatura";"POP: populárně naučná literatura";"NAT: přírodní vědy";"PHY: fyzika";"a které ne . </s><s> Některé otázky již nejsou pokládány ,";"o odpovědích ani nemluvě .";"</s><s> Tato útlá kniha odhaluje poetickou kosmologii , která se ukrývá"
"2";"cs: čeština";"NFC: oborová literatura";"PRO: profesní literatura";"SSC: sociální vědy";"EDU: pedagogika";"jejich nadšení vytrácí ? </s><s> Proč se školáci kreslení bojí ,";"o mnoha dospělých nemluvě ?";"</s><s> Je to zase normální součástí vývoje . </s><s> Děti prochází kolem"
"2";"cs: čeština";"NMG: publicistika";"LEI: volnočasová publicistika";"X: neuvedeno";"LIF: životní styl";"<s> A nejen klín . </s><s> Neoholené můžete nechat i podpaží ,";"o nohou nemluvě .";"</s><s> Kosmetické sekce slavných módních časopisů hlásají , že zarostlá buš"
"2";"cs: čeština";"NFC: oborová literatura";"POP: populárně naučná literatura";"FTS: formální a technické vědy";"TEC: technika";"a v lecčems předčí i svůj vzor Nissan Qashqai ,";"o Kie Sportage nemluvě .";"</s><s> Jenže to nejsou jediní soupeři , s nimiž se francouz"
"2";"cs: čeština";"NFC: oborová literatura";"POP: populárně naučná literatura";"FTS: formální a technické vědy";"ICT: výpočetní technika";", DVD a reproduktory . </s><s> Chytré a velmi praktické ,";"o úspoře energie ani nemluvě .";"</s><s> Revogi Power strip cena 2 990 Kč </s><s> Subtilní konvertibl </s><s> Pouhých"
"2";"cs: čeština";"NFC: oborová literatura";"MEM: memoáry, autobiografie";"MEM: memoáry, autobiografie";"MEM: memoáry, autobiografie";"“ a úmyslně hlasité výdechy tě nachytají na švestce . </s><s>";"O běžné řeči nemluvě .";"</s><s> Kdyby to bylo poškozený , nemohl bych si dělat ,"
"2";"cs: čeština";"FIC: beletrie";"COL: kratší próza";"X: neuvedeno";"X: neuvedeno";"s nedůvěrou . </s><s> Ale on nesměl ani Karel Čapek ,";"o Durychovi nemluvě .";"</s><s> A jak se ženské bály nosit klobouky , připomíná paní"
"2";"cs: čeština";"NFC: oborová literatura";"POP: populárně naučná literatura";"FTS: formální a technické vědy";"TEC: technika";"koňských délek předstihl korejskou konkurenci ( rozuměj Samsung ) ,";"o japonské ani nemluvě .";"</s><s> Aby ne , když na výstavě CES firma prozradila ,"
"2";"cs: čeština";"NFC: oborová literatura";"PRO: profesní literatura";"FTS: formální a technické vědy";"ICT: výpočetní technika";"než konkurence . </s><s> A že program nepatří k nejrychlejším ,";"o obsazené paměti ani nemluvě ?";"</s><s> Tak se prostě na krabici napíší odpovídající systémové požadavky a"
"2";"cs: čeština";"FIC: beletrie";"COL: kratší próza";"X: neuvedeno";"X: neuvedeno";"mobilních operátorů , spousta míst je stále bez signálu . </s><s>";"O horách ani nemluvě ,";"tam není signál vůbec žádný . </s><s> Jen občas se poštěstí"
"2";"en: angličtina";"NFC: oborová literatura";"MEM: memoáry, autobiografie";"MEM: memoáry, autobiografie";"MEM: memoáry, autobiografie";"jiného důvodu než jako věčné pokušení pro chudáka Adama ,";"o Evě nemluvě .";"</s><s> Aby svých potíží neměli málo , za Evou směl přicházet"
"2";"cs: čeština";"NFC: oborová literatura";"PRO: profesní literatura";"FTS: formální a technické vědy";"TEC: technika";"příručkách , protože mnohé z jejich obsahu už neplatí ,";"o starších materiálech ani nemluvě .";"</s><s> Nebývá to však jejich chyba . </s><s> Je to dáno tím"
"2";"cs: čeština";"NMG: publicistika";"LEI: volnočasová publicistika";"X: neuvedeno";"INT: zajímavosti ze světa";"ale také kreslit nebo pořizovat jakýkoliv další obrazový materiál -";"o výrobě plánků nemluvě .";"</s><s> Pod povrchem se údajně ukrývá zařízení , které na měsíc"
"2";"cs: čeština";"NMG: publicistika";"LEI: volnočasová publicistika";"X: neuvedeno";"HOU: bydlení, zahrada, hobby";"kupí a plyšoví kamarádi vesele nasávají prach všemi póry . </s><s>";"O knihách ani nemluvě ...";"</s><s> Se společným soužitím zatím sourozenci problém nemají , dokonce jsou"
"2";"cs: čeština";"FIC: beletrie";"NOV: próza";"X: neuvedeno";"X: neuvedeno";". </s><s> Že ani fotbal obvykle nekončí před půl sedmou ,";"o hokeji nemluvě .";"</s><s> Šéf kýval hlavou a sterilně se usmíval . </s><s> Co nestihnou"
"2";"cs: čeština";"FIC: beletrie";"NOV: próza";"X: neuvedeno";"X: neuvedeno";", obvykle v oslabení po porodu stačila nějaká nákaza ,";"o strašnějších nemocech nemluvě .";"</s><s> Spalničky , černý kašel , neštovice . </s><s> To všechno bývaly"
"2";"cs: čeština";"NMG: publicistika";"LEI: volnočasová publicistika";"X: neuvedeno";"HOU: bydlení, zahrada, hobby";"Hanka , ale i on a jejich tři děti ,";"o kočce Jůlii ani nemluvě .";"</s><s> Když se do soutěže před mnoha měsíci přihlašovali , netušili"
"2";"cs: čeština";"NFC: oborová literatura";"POP: populárně naučná literatura";"SSC: sociální vědy";"SOC: sociologie";"psu odebrat kus masa , do kterého se zakousl ,";"o vlkovi ani nemluvě ...";"</s><s> Je jistá obava , že vše , co žádáme hned"
"2";"cs: čeština";"NMG: publicistika";"NEW: tradiční publicistika";"X: neuvedeno";"REG: regionální tisk";", že dnešní děti si méně hrají v ulicích ,";"o dvorech snad ani nemluvě .";"</s><s> Hledám důvod . </s><s> Že by byl v tom , že"
"2";"cs: čeština";"FIC: beletrie";"COL: kratší próza";"X: neuvedeno";"X: neuvedeno";", Matterhorn nebo Denali z toho nemám vůbec radost . </s><s>";"O dobrém pocitu nemluvě .";"</s><s> Vítr zesiluje . </s><s> Vrchol je na dosah . </s><s> Zbývá poslední"
"2";"cs: čeština";"NMG: publicistika";"LEI: volnočasová publicistika";"X: neuvedeno";"LIF: životní styl";"oborů , jako je výroba nádobí , různých pomůcek ,";"o uměleckých disciplínách nemluvě .";"</s><s> Mají i Češi svou specifikou přípravu ? </s><s> My známe čaj"
"2";"cs: čeština";"NFC: oborová literatura";"POP: populárně naučná literatura";"HUM: humanitní vědy";"PHI: filozofie, náboženství";"jim neulevuje . </s><s> Akupunktura by zde měla své místo ,";"o psychosomatice ani nemluvě .";"</s><s> Je v rozporu s křesťanstvím skutečně i fytoterapie ? </s><s> Vaše"
"2";"cs: čeština";"NMG: publicistika";"NEW: tradiční publicistika";"X: neuvedeno";"NTW: celostátní tisk";"má poslední z přijatých jen čtyři body z matematiky . </s><s>";"O středních odborných školách nemluvě .";"</s><s> Když letos přišel ministr školství Robert Plaga ( ANO )"
"2";"cs: čeština";"NFC: oborová literatura";"MEM: memoáry, autobiografie";"MEM: memoáry, autobiografie";"MEM: memoáry, autobiografie";"jde k doktorovi , platí veliké částky za vyšetření ,";"o operaci nemluvě ,";"na tu je třeba spořit . </s><s> Žila u nás v"
"2";"cs: čeština";"NMG: publicistika";"LEI: volnočasová publicistika";"X: neuvedeno";"LIF: životní styl";"bohatou kulturu , v každé vesnici objevíte nějaký poklad . </s><s>";"O přírodních krásách ani nemluvě .";"</s><s> Je tímto naprosto jedinečná . </s><s> Život v jiné zemi samozřejmě"
"2";"cs: čeština";"FIC: beletrie";"NOV: próza";"X: neuvedeno";"X: neuvedeno";"zhojit během okamžiku všechny ty roztříštěný a zlámaný kosti ,";"o tržných ranách nemluvě .";"</s><s> Po šestým úderu hasičákem má dost . </s><s> Kopnutím ho otočím"
"2";"cs: čeština";"FIC: beletrie";"COL: kratší próza";"X: neuvedeno";"X: neuvedeno";"by mu dalo zabrat už samotné vyslovení jejího titulu . </s><s>";"O mé rodné řeči nemluvě .";"</s><s> „ Dá se uplatit sexem ? “ zeptala se věcně"
"2";"cs: čeština";"FIC: beletrie";"NOV: próza";"X: neuvedeno";"X: neuvedeno";", a Běta , no ta je možná fajn . </s><s>";"O miminku ani nemluvě ,";"to je pro ni prostě jako nějaký zvířátko , někdy"
"2";"ru: ruština";"FIC: beletrie";"NOV: próza";"X: neuvedeno";"X: neuvedeno";"životě neviděl jediný snuff od začátku až do konce ,";"o Starých filmech ani nemluvě .";"</s><s> Musíš zkrátka vyrůst v objetí vizuální kultury a nasáknout jí"
"2";"en: angličtina";"FIC: beletrie";"NOV: próza";"X: neuvedeno";"X: neuvedeno";"a Liam Metarey udělali pro vašeho otce , pane . </s><s>";"O vás nemluvě .";"” </s><s> Jednoho zasněženého víkendu jsme si s Holly vyrazili na"
"2";"en: angličtina";"NFC: oborová literatura";"MEM: memoáry, autobiografie";"MEM: memoáry, autobiografie";"MEM: memoáry, autobiografie";"“ </s><s> VI </s><s> Další literární reminiscence </s><s> Tři muže ve člunu (";"o psu nemluvě )";"jsem napsal v Chelsea Gardens , v bytě , k"
"2";"cs: čeština";"NMG: publicistika";"LEI: volnočasová publicistika";"X: neuvedeno";"SCT: společenský život";"<s> Kosmická obuv My ženy věčně nemáme co na sebe ,";"o botách nemluvě !";"</s><s> A že chceme být stylové za všech okolností , je"
"2";"cs: čeština";"NMG: publicistika";"LEI: volnočasová publicistika";"X: neuvedeno";"MIX: společnost";"chůzi , obzvlášť do schodů , vystupování z auta ,";"o ohýbání nemluvě .";"</s><s> Instinktivně si začnete ulevovat kývavým krokem , takže přetížíte opačnou"
"2";"es: španělština";"NFC: oborová literatura";"MEM: memoáry, autobiografie";"MEM: memoáry, autobiografie";"MEM: memoáry, autobiografie";"zlomil jednu ruku , pak druhou , předtím nohu ,";"o rozbité hlavě ani nemluvě .";"</s><s> Tyhle vášně mě nikdy nepřešly , ale naučil jsem se"
"2";"cs: čeština";"NMG: publicistika";"LEI: volnočasová publicistika";"X: neuvedeno";"LIF: životní styl";"zvykla si jíst pravidelně . </s><s> Dřív jsem šidila snídaně ,";"o svačinách ani nemluvě .";"</s><s> Zato po návratu z práce jsem to pečlivě doháněla . </s>"
"2";"cs: čeština";"NMG: publicistika";"NEW: tradiční publicistika";"X: neuvedeno";"NTW: celostátní tisk";", jako bylo třeba Bez dogmatu nebo Rodina Połanieckých ,";"o antisocialistických Vírech ani nemluvě ,";"pak rovnou odsoudili k zapomnění . </s><s> Švy ideologického korzetu naštěstí"
"2";"cs: čeština";"FIC: beletrie";"COL: kratší próza";"X: neuvedeno";"X: neuvedeno";"<s> Halušky se nedají uspěchat a strouhání brambor chvíli trvá ,";"o vaření nemluvě .";"</s><s> Bohužel i když si dá kuchař na čas , vůbec"
"2";"cs: čeština";"FIC: beletrie";"COL: kratší próza";"X: neuvedeno";"X: neuvedeno";"sen , protože je to svým způsobem prestižní džob . </s><s>";"O nosičích nemluvě .";"</s><s> Kdo ve Vysokých Tatrách nenosil , jako by nebyl . </s>"
"2";"en: angličtina";"FIC: beletrie";"NOV: próza";"X: neuvedeno";"X: neuvedeno";"pozdě . </s><s> Ta procházka ve sněhu ho nabila energií ,";"o kávě a čokoládě nemluvě .";"</s><s> Posadil se k psacímu stolu a začal psát Henrymu Talbotovi"
"2";"cs: čeština";"NMG: publicistika";"LEI: volnočasová publicistika";"X: neuvedeno";"SCT: společenský život";"<s> Do společnosti by muž nikdy neměl mít krátké kalhoty ,";"o trekových sandálech ani nemluvě .";"</s><s> Tak příště snad lépe . </s><s> Matej Ruppert Heidi : Toto"
"2";"en: angličtina";"FIC: beletrie";"COL: kratší próza";"X: neuvedeno";"X: neuvedeno";"tak natěsno , že nedosáhne na polovinu ovládacích prvků ,";"o palubní přihrádce nemluvě .";"</s><s> Tohle auto tedy , eufemisticky řečeno , není bez chyby"
"2";"cs: čeština";"FIC: beletrie";"NOV: próza";"X: neuvedeno";"X: neuvedeno";"když dokážou udržet byt nebo domek útulný a čistý ,";"o vaření nemluvě .";"</s><s> Zamilovaný jsem byl dvakrát a dvakrát nastal kolaps organismu . </s>"
"2";"cs: čeština";"NMG: publicistika";"LEI: volnočasová publicistika";"X: neuvedeno";"LIF: životní styl";"hlavně umyté ! </s><s> Nesnáším , když mě kouše hlava ,";"o mastných vlasech nemluvě .";"</s><s> Myji si je denně , maximálně obden , nechám přirozeně"
"2";"de: němčina";"NFC: oborová literatura";"MEM: memoáry, autobiografie";"MEM: memoáry, autobiografie";"MEM: memoáry, autobiografie";". </s><s> I ve dne se to tam hemží štěnicemi ,";"o noci ani nemluvě .";"</s><s> Spánek venku není špatný , ale teď je deštivé počasí"
"2";"cs: čeština";"NMG: publicistika";"LEI: volnočasová publicistika";"X: neuvedeno";"HOU: bydlení, zahrada, hobby";"do plamenů než na obrazovku . </s><s> Český fotbal nevyjímaje a";"o politicích nemluvě ,";"“ usmívá se mírně hořce Olda , který už ve"
"2";"en: angličtina";"FIC: beletrie";"NOV: próza";"X: neuvedeno";"X: neuvedeno";"chovatelé dobytka v okolí by před ním ztratili respekt ,";"o jeho vlastních lidech nemluvě .";"</s><s> Dal poplašné znamení na beraní roh a lidé se začali"
"2";"sv: švédština";"NFC: oborová literatura";"POP: populárně naučná literatura";"NAT: přírodní vědy";"MED: lékařství";"aby si došel na záchod . </s><s> Virózy jsou nemilosrdné . </s><s>";"O žaludečních potížích ani nemluvě .";"</s><s> Jedna takováto kombinace a člověk si přeje , aby se"
"2";"cs: čeština";"FIC: beletrie";"VER: poezie";"X: neuvedeno";"X: neuvedeno";"<s> ve čtvrtém patře </s><s> A žádný turista </s><s> ho nikdy neuvidí </s><s> (";"o turistkách </s><s> ani nemluvě )";"</s><s> Ordnung muss sein </s><s> Alles klar ?! </s><s> Also mach weiter !! </s>"
"2";"cs: čeština";"NFC: oborová literatura";"PRO: profesní literatura";"FTS: formální a technické vědy";"ICT: výpočetní technika";"a zvukové s příponou wma ) a také MPEG ,";"o formátu AVI nemluvě .";"</s><s> Prvek nazvaný MediaplayerAx je umístěn v projektu PrehravacAx , který"
"2";"en: angličtina";"FIC: beletrie";"NOV: próza";"X: neuvedeno";"X: neuvedeno";"kocovina mu to neusnadňovala . </s><s> Špatně se mu dýchalo ,";"o jídle nemluvě .";"</s><s> Isabella byla svěží jako rybička a pusa jí jen jela"
"2";"cs: čeština";"NFC: oborová literatura";"POP: populárně naučná literatura";"FTS: formální a technické vědy";"TEC: technika";"gest , které zaškolenému uživateli zpříjemní práci s phabletem . </s><s>";"O dotykovém peru ani nemluvě ,";"natož o přehršli příslušenství – včetně chytrých hodinek a náramků"
"2";"cs: čeština";"NMG: publicistika";"NEW: tradiční publicistika";"X: neuvedeno";"NTW: celostátní tisk";"zdraví , už tam jsem mohl bojovat o medaili ,";"o Amsterdamu nemluvě .";"</s><s> Byla to moje blbost , na druhou stranu diskvalifikace byla"
"2";"cs: čeština";"FIC: beletrie";"VER: poezie";"X: neuvedeno";"X: neuvedeno";"fleky do podrážek . </s><s> Taky vánice už nejsou TAKOVÉ . </s><s>";"O Vánocích nemluvě !";"</s><s> Což teprve andělé ! </s><s> Andělé či andělové ? </s><s> TEN MUJ"
"2";"cs: čeština";"NMG: publicistika";"NEW: tradiční publicistika";"X: neuvedeno";"NTW: celostátní tisk";"kolektivní správě stejný postoj jako veřejnost v České republice ,";"o anglosaských teritoriích ani nemluvě ,";"a snaží se rozkotat kolektivní správu za každou cenu . </s>"
"2";"cs: čeština";"NFC: oborová literatura";"POP: populárně naučná literatura";"FTS: formální a technické vědy";"ICT: výpočetní technika";", DVD a reproduktory . </s><s> Chytré a velmi praktické ,";"o úspoře energie ani nemluvě .";"</s><s> Revogi Power strip cena 3 490 Kč </s><s> Telefonní powerbanka </s><s> Smartphone"
"2";"cs: čeština";"NMG: publicistika";"LEI: volnočasová publicistika";"X: neuvedeno";"HOU: bydlení, zahrada, hobby";"to není na roztápění velkého krbu či krbových kamen ,";"o kotli nemluvě .";"</s><s> U peletových kamen asi bude trochu pokulhávat romantika hravých plamenů"
"2";"cs: čeština";"FIC: beletrie";"COL: kratší próza";"X: neuvedeno";"X: neuvedeno";"kulomet nezačal pálit , jediná puška , jediný samopal ,";"o dělostřeleckém nadělení nemluvě .";"</s><s> Rozeběhli jsme se . </s><s> Po pár desítkách metrů – stále"
"2";"en: angličtina";"FIC: beletrie";"NOV: próza";"X: neuvedeno";"X: neuvedeno";"co bylo třeba . </s><s> Tak zip na kalhotách nedopne ,";"o knoflíku ani nemluvě ,";"že by sako mělo dostatečnou vůli , to ani náhodou"
"2";"cs: čeština";"NMG: publicistika";"LEI: volnočasová publicistika";"X: neuvedeno";"LIF: životní styl";"podléhá zkáze mnohem snáze než plátno a olejové barvy ,";"o kameni pak nemluvě .";"</s><s> Kdo se však jednou seznámí s jejími pracemi , pozná"
"2";"cs: čeština";"NFC: oborová literatura";"POP: populárně naučná literatura";"FTS: formální a technické vědy";"TEC: technika";", přes hudební přehrávače a receivery až k televizorům ,";"o počítačích ani nemluvě -";"a nesmíme zapomenout ani na USB hard disky . </s><s> Existuje"
"2";"en: angličtina";"NFC: oborová literatura";"SCI: odborná literatura";"HUM: humanitní vědy";"MUS: hudba";"( jméno , které se Žid stěží odváží vyslovit ,";"o knězi nemluvě )";"– neřeknu v lehké árii ( neboť jelikož ji komponoval"
"2";"en: angličtina";"FIC: beletrie";"NOV: próza";"X: neuvedeno";"X: neuvedeno";"ještě , pořád ještě je celá naše sluneční soustava –";"o samotné planetě vůbec nemluvě –";"v porovnání se zbytkem vesmíru menší . </s><s> Dokážeš si vůbec"
"2";"fr: francouzština";"FIC: beletrie";"NOV: próza";"X: neuvedeno";"X: neuvedeno";", kteří se příliš snadno nechávají inspirovat pařížským parlamentem ,";"o anglickém ani nemluvě .";"</s><s> A královna Anna Rakouská připomněla synovi , že nastal čas"
"2";"cs: čeština";"NMG: publicistika";"LEI: volnočasová publicistika";"X: neuvedeno";"LIF: životní styl";"například boty , manžetové knofl íčky nebo i šle . </s><s>";"O obličeji nemluvě …";"</s><s> BLEJZR GANG </s><s> Tahle partička blejzrů umí zabrnkat jak na strunu"
"2";"en: angličtina";"NFC: oborová literatura";"SCI: odborná literatura";"HUM: humanitní vědy";"ART: umění, architektura";"mezi ruskou pravoslavnou , řeckou pravoslavnou a římsko-katolickou církví -";"o mnoha protestantských vyznáních nemluvě .";"</s><s> "" Křesťanství "" také nezastírá změny , jichž doznaly všechny"
"2";"cs: čeština";"NMG: publicistika";"LEI: volnočasová publicistika";"X: neuvedeno";"HOU: bydlení, zahrada, hobby";"JINAK </s><s> Nebaví vás každoročně utrácet za nový adventní věnec ,";"o stromečku nemluvě ?";"</s><s> Vadí vám , když pak ještě stále pěkné „ živé"
"2";"en: angličtina";"NFC: oborová literatura";"POP: populárně naučná literatura";"HUM: humanitní vědy";"INF: knihovnictví, informatika";"nich by se nevyvinul nebýt Dieselovy vytrvalosti a odhodlání ,";"o jeho hustilce ani nemluvě .";"</s><s> To si dobře uvědomoval i sám vynálezce , když své"
"2";"cs: čeština";"NMG: publicistika";"LEI: volnočasová publicistika";"X: neuvedeno";"SCT: společenský život";"příliš dlouhá , z divného materiálu , špatně barevná ... </s><s>";"O transparentním topu ani nemluvě .";"</s><s> Tohle nemá styl . </s><s> Světlana Nálepková Celek vyznívá divně ,"
"2";"cs: čeština";"NMG: publicistika";"NEW: tradiční publicistika";"X: neuvedeno";"NTW: celostátní tisk";"neumějí zavázat tkaničky u bot , neumějí držet tužky ,";"o příboru ani nemluvě .";"</s><s> Neumějí mluvit , a když ano , tak bez správné"
"2";"cs: čeština";"NMG: publicistika";"LEI: volnočasová publicistika";"X: neuvedeno";"SCT: společenský život";"se nedostává ani drzého šmrncu , provokativního - náboje . </s><s>";"O konceptu epostylistického masakru nemluvě .";"</s><s> Smysl špinavých lodiček a nohavic zasunutých do ponožek mně uniká"
"2";"cs: čeština";"NMG: publicistika";"LEI: volnočasová publicistika";"X: neuvedeno";"LIF: životní styl";". </s><s> Už její autorka je takovou velkou inspirativní ženou ,";"o jejích jedenácti zpovídaných nemluvě .";"</s><s> Nejsou činné ve vrcholných patrech veřejného života , ale v"
"2";"en: angličtina";"FIC: beletrie";"SCR: drama";"X: neuvedeno";"X: neuvedeno";"já jsem nucená žít jeden nudný den za druhým ,";"o nudných nocích nemluvě ,";"a nikdy jsem se do nikoho nezamilovala . </s><s> A do"
"2";"cs: čeština";"FIC: beletrie";"NOV: próza";"X: neuvedeno";"X: neuvedeno";", Prckové nebo Zápalkové , to by byl nářez . </s><s>";"O bigoších ani nemluvě .";"</s><s> Absa o tom věděl svoje . </s><s> Když v únoru během"
"2";"cs: čeština";"NMG: publicistika";"NEW: tradiční publicistika";"X: neuvedeno";"NTW: celostátní tisk";"nedokážeme utratit peníze určené ve státním rozpočtu na investice ,";"o evropských penězích ani nemluvě .";"</s><s> Zatímco většina evropských zemí hledá zdroje a v EU se"
"2";"cs: čeština";"NMG: publicistika";"NEW: tradiční publicistika";"X: neuvedeno";"NTW: celostátní tisk";"je bezpočet , co rodina , to vlastní recept ,";"o krajových zvyklostech ani nemluvě .";"</s><s> Někde se připravuje s uzeným vepřovým masem , jinde přidávají"
"2";"cs: čeština";"NMG: publicistika";"LEI: volnočasová publicistika";"X: neuvedeno";"LIF: životní styl";"jsme poskytli indickému kriketovému mužstvu nebo týmu jihoafrických ragbistů ,";"o německých fotbalistech ani nemluvě .";"</s><s> Jde vlastně o to , jít jen o kousek dál"
"2";"cs: čeština";"FIC: beletrie";"COL: kratší próza";"X: neuvedeno";"X: neuvedeno";". </s><s> Jen kanape uprostřed salónu a ty jeho knihy . </s><s>";"O nějaké výzdobě nemluvě .";"</s><s> A přestože byl instalatér , nikdy nic doma neopravil ,"
"2";"en: angličtina";"NFC: oborová literatura";"POP: populárně naučná literatura";"NAT: přírodní vědy";"MED: lékařství";"a chřipku . </s><s> Snižuje riziko srdečního infarktu a mrtvice ,";"o diabetu nemluvě .";"</s><s> Díky této léčbě se budete cítit spokojenější , méně sklíčení"
"2";"cs: čeština";"NFC: oborová literatura";"POP: populárně naučná literatura";"NAT: přírodní vědy";"BIO: biologie";"obří ježury rodu Echidna s téměř půl metrákem váhy ,";"o velkých ještěrech ani nemluvě .";"</s><s> A co teprve obří klokani rodu Procoptodon se zkrácenou obličejovou"
"2";"cs: čeština";"NFC: oborová literatura";"POP: populárně naučná literatura";"HUM: humanitní vědy";"INF: knihovnictví, informatika";"i Saturnu , Uranu a Neptunu , jsou fantastické ,";"o Merkuru nemluvě .";"</s><s> Snímky zachycují podivuhodné detaily , dokonce i v případě Venuše"
"2";"cs: čeština";"NFC: oborová literatura";"POP: populárně naučná literatura";"NAT: přírodní vědy";"BIO: biologie";"byl na ploše srovnatelné se souostrovím na evropském kontinentě ,";"o subtropech ani nemluvě .";"</s><s> Jen deset původních dřevin dorůstá více než do metru výšky"
"2";"cs: čeština";"NMG: publicistika";"NEW: tradiční publicistika";"X: neuvedeno";"REG: regionální tisk";"centrum je trochu na vyšší úrovni než to jablonecké ,";"o občerstvení nemluvě .";"</s><s> Na koláč paní Prejzové ale v Praze nemají . </s><s> Zpět"
"2";"cs: čeština";"NFC: oborová literatura";"POP: populárně naučná literatura";"FTS: formální a technické vědy";"TEC: technika";"zedníků umazaných od malty od hlavy až k patě ,";"o nástrojích ani nemluvě .";"</s><s> Se speciální maltou a patřičným náčiním se zedničina promění v"
"2";"cs: čeština";"NFC: oborová literatura";"SCI: odborná literatura";"HUM: humanitní vědy";"PHI: filozofie, náboženství";"ní si západní kulturu a civilizaci nelze vůbec představit ,";"o filosofii ani nemluvě .";"</s><s> Když Whitehead napsal , že celá západní filosofie je jen"
"2";"cs: čeština";"NMG: publicistika";"NEW: tradiční publicistika";"X: neuvedeno";"NTW: celostátní tisk";"se nám se starými pořádky jen někam vytratila krása . </s><s>";"O nesmrtelnosti nemluvě .";"</s><s> Prezident má vůči ČNB pravomoci takřka absolutistické </s><s> Výměna guvernéra a"
"2";"cs: čeština";"NFC: oborová literatura";"POP: populárně naučná literatura";"FTS: formální a technické vědy";"ICT: výpočetní technika";", ale také tam , kde se platí librou ,";"o dolaru nemluvě .";"</s><s> Zajímavou volbou je Norsko , jehož koruna stále vyjde na"
"2";"cs: čeština";"NMG: publicistika";"LEI: volnočasová publicistika";"X: neuvedeno";"INT: zajímavosti ze světa";", sluncem , příjemnými teplotami a pomeranči na stromech . </s><s>";"O výborném jídlu nemluvě !";"</s><s> Podvečerní výhled z „ Kozího vrchu “ </s><s> „ Pekelná ústa"
"2";"cs: čeština";"FIC: beletrie";"COL: kratší próza";"X: neuvedeno";"X: neuvedeno";"nutno , aniž vhodné , rozvinouti naplno rejstřík schopností ,";"o vědomostech nemluvě ,";"tupost připadala mu zjevem bohumilým a lhostejnost takřka rozkoší . </s>"
"2";"en: angličtina";"NFC: oborová literatura";"MEM: memoáry, autobiografie";"MEM: memoáry, autobiografie";"MEM: memoáry, autobiografie";"žádná voda , kterou bych rozbitou ústní dutinu vypláchl ,";"o uhašení mučivé žízně nemluvě .";"</s><s> Dveře do pokoje se náhle rozlétly a dovnitř vešel můj"
"2";"cs: čeština";"NFC: oborová literatura";"MEM: memoáry, autobiografie";"MEM: memoáry, autobiografie";"MEM: memoáry, autobiografie";"a konec konců ani v Dubrovníku jsem nikdy nebyl ,";"o Španělsku ani nemluvě ,";"o čemž jsem ostatně jednou napsal písničku . </s><s> Čili ,"
"2";"cs: čeština";"NMG: publicistika";"NEW: tradiční publicistika";"X: neuvedeno";"NTW: celostátní tisk";"… </s><s> Kam to povede , si všichni umíme představit ,";"o kvalitě vína nemluvě .";"</s><s> To není nějaké teoretizování nebo strašení , už teď kvůli"
"2";"cs: čeština";"FIC: beletrie";"COL: kratší próza";"X: neuvedeno";"X: neuvedeno";"než jejich vojenská a poskytují až hříšnou porci pohodlí ,";"o technických vychytávkách nemluvě .";"</s><s> Vaněk byl poprvé úplně vyděšený , když vlezl do automobilu"
"2";"en: angličtina";"NFC: oborová literatura";"POP: populárně naučná literatura";"SSC: sociální vědy";"ECO: ekonomie, obchod, logistika";"Gladwellové světa si ovšem „ jedou to své “ ,";"o politicích nemluvě ,";"je tedy nesmírně obtížné na tomto přeplněném poli provádět nějaké"
"2";"cs: čeština";"NFC: oborová literatura";"PRO: profesní literatura";"NAT: přírodní vědy";"MED: lékařství";"odchází k oftalmologovi , kde si vystojí další frontu (";"o objednacím termínu nemluvě )";", aby dostal to , co jsem mohl okamžitě vyřešit"
"2";"en: angličtina";"NFC: oborová literatura";"SCI: odborná literatura";"HUM: humanitní vědy";"HIS: historie, biografie";"ke směrům zásadně odlišným od trajektorie francouzského sociálního myšlení ,";"o francouzských dějinách ani nemluvě .";"</s><s> Za těchto okolností se německé myšlení od Hegela po Heideggera"
"2";"ru: ruština";"NFC: oborová literatura";"MEM: memoáry, autobiografie";"MEM: memoáry, autobiografie";"MEM: memoáry, autobiografie";"očekávat , že plno jich padne už před útokem ,";"o útoku samotném ani nemluvě .";"</s><s> No a ten tresťák s kulometem najednou povídá : „"
"2";"zh: čínština";"FIC: beletrie";"NOV: próza";"X: neuvedeno";"X: neuvedeno";"našeho moře . </s><s> Ani ve velkoměstech tohle všechno nemají ,";"o vnitrozemí nemluvě .";"“ </s><s> Její tvář naplňuje starostlivost a péče . </s><s> Těžko něco"
"2";"cs: čeština";"NMG: publicistika";"NEW: tradiční publicistika";"X: neuvedeno";"NTW: celostátní tisk";", že opozice se zatím na nic jiného nezmůže ,";"o omluvě ani nemluvě .";"</s><s> Naopak , demokraté chtějí Trumpa dál vyšetřovat . </s><s> Antonín Rašek"
"2";"cs: čeština";"NFC: oborová literatura";"SCI: odborná literatura";"HUM: humanitní vědy";"LAN: filologie";"literární struktury vyskytla pochybnost o vývojové povaze historických dějů ,";"o dějinách literatury nemluvě :";"soustředění k obdobím tzv . předělů , rozhraní jako k"
"2";"cs: čeština";"NMG: publicistika";"NEW: tradiční publicistika";"X: neuvedeno";"NTW: celostátní tisk";"nich vzdechl , kdyby jejich disciplíny nebyly popularizovány olympiádou ,";"o televizních komentátorech ani nemluvě ?";"</s><s> Thomas Bach si je dobře vědom toho , že komercializace"
"2";"cs: čeština";"FIC: beletrie";"COL: kratší próza";"X: neuvedeno";"X: neuvedeno";"všech škodlivin , včetně kouření , alkoholu včetně piva ,";"o drogách nemluvě .";"</s><s> Jíst střídmě , vést pravidelný život a vytrvale , svědomitě"
"2";"en: angličtina";"FIC: beletrie";"NOV: próza";"X: neuvedeno";"X: neuvedeno";"<s> Porazil Pinckneye , Burra i svého vlastního bratrance Samuela . </s><s>";"O Jeffersonovi nemluvě -";"- jen taktak . </s><s> Neměl nic z Washingtonova charismatu ,"
"2";"ru: ruština";"FIC: beletrie";"NOV: próza";"X: neuvedeno";"X: neuvedeno";"existenci takového čítankového příkladu chrámového porna jako je facial . </s><s>";"O kosmetice ani nemluvě .";"</s><s> Naše potomstvo s jistými ženami má vynikající šance na přežití"
"2";"cs: čeština";"NMG: publicistika";"LEI: volnočasová publicistika";"X: neuvedeno";"LIF: životní styl";"v lese přes média a Facebook k herním automatům ,";"o drogách nemluvě .";"</s><s> Proč by lidé měli zase chtít prožitky ? </s><s> To je"
"2";"cs: čeština";"FIC: beletrie";"NOV: próza";"X: neuvedeno";"X: neuvedeno";"by bodl , “ uzná Muawa . </s><s> „ No a";"o suché posteli ani nemluvě .";"“ </s><s> Kývnu a nechám toho divného pavouka , aby odvedl"
"2";"cs: čeština";"NFC: oborová literatura";"POP: populárně naučná literatura";"NAT: přírodní vědy";"BIO: biologie";"i u zvířat - psů , koček , papoušků ,";"o opicích vůbec nemluvě )";". </s><s> Dostaneme - li se na rozhraní dvou prostředí ,"
"2";"cs: čeština";"NMG: publicistika";"NEW: tradiční publicistika";"X: neuvedeno";"NTW: celostátní tisk";"dalších skupin obyvatel , přesahovaly jakoukoli zkušenost a představivost ,";"o znění paragrafů nemluvě .";"</s><s> Když se například roznesly zprávy o hromadách mrtvol , které"
"2";"cs: čeština";"NFC: oborová literatura";"POP: populárně naučná literatura";"FTS: formální a technické vědy";"ICT: výpočetní technika";", což se stává i u dvakrát dražších sluchátek . </s><s>";"O mechanické výdrži nemluvě ,";"kvalitní provedení působí odolně . </s><s> Sluchátka Xiaomi zde zabodují ,"
"3";"cs: čeština";"NMG: publicistika";"LEI: volnočasová publicistika";"X: neuvedeno";"MIX: společnost";"až půjdou dolů . </s><s> No a on mezitím umře . </s><s>";"O nějaké etice ani nemluvě .";"</s><s> Za ta léta , co se Himálaj začal komercionalizovat ,"
"3";"ja: japonština";"FIC: beletrie";"NOV: próza";"X: neuvedeno";"X: neuvedeno";"tu i kamarády . </s><s> A Edvard je moc hodný ,";"o jeho rodině ani nemluvě .";"</s><s> A dobře jsem se tu i zapracovala . “ </s><s> „"
"3";"cs: čeština";"NFC: oborová literatura";"POP: populárně naučná literatura";"HUM: humanitní vědy";"LAN: filologie";"dětí Panklových se už takové přízně od vévodkyně nedostalo ,";"o jiných dětech ani nemluvě .";"</s><s> Vztah vévodkyně Zaháňské k Barunce bezpochyby nebyl náhodný a mohl"
"3";"ja: japonština";"FIC: beletrie";"NOV: próza";"X: neuvedeno";"X: neuvedeno";"kde bydlel , se ale hudba pořádně poslouchat nedala (";"o chovu psů ani nemluvě )";", a proto se vždycky stavil s pár cédéčky u"
"3";"cs: čeština";"NMG: publicistika";"LEI: volnočasová publicistika";"X: neuvedeno";"SCT: společenský život";"hrudky a uzlíky ! </s><s> Kompletně se jí zhoršilo zdraví ,";"o psychice nemluvě .";"</s><s> Rajee léta trpěla bolestmi , od operace nikdy nebyla na"
"3";"en: angličtina";"FIC: beletrie";"SCR: drama";"X: neuvedeno";"X: neuvedeno";"takovou volnější pokožku a taky ti narostly víc vlasy ,";"o břichu nemluvě .";"</s><s> HENRY Neříkej ? </s><s> Máš dneska zase svůj den Jak zabít"
"3";"cs: čeština";"NFC: oborová literatura";"POP: populárně naučná literatura";"ITD: interdisciplinární";"ITD: interdisciplinární";"objevili i několik pikantností - homosexuální a pedofilní sklony ,";"o skupinovém sexu ani nemluvě .";"</s><s> Později přišlo i další žhavé téma - feromony . </s><s> Od"
"3";"cs: čeština";"FIC: beletrie";"NOV: próza";"X: neuvedeno";"X: neuvedeno";"občas pršelo , mohlo docela účinně nahlodat jakoukoli podlahu ,";"o lidské kůži nemluvě .";"</s><s> Strýc Enyk se zul a prošel se po podlaze bos"
"3";"cs: čeština";"NMG: publicistika";"LEI: volnočasová publicistika";"X: neuvedeno";"SCT: společenský život";"sourozenců , a tak jí jakožto benjamínkovi leccos prošlo ,";"o nejrůznějších privilegiích nemluvě .";"</s><s> „ Všichni byli o dost starší , takže mě brali"
"3";"cs: čeština";"NMG: publicistika";"NEW: tradiční publicistika";"X: neuvedeno";"NTW: celostátní tisk";"který boří všechna pravidla . </s><s> Corbyn nevypadá jako poslanec ,";"o premiérovi nemluvě .";"</s><s> Nikdy nebyl ministrem . </s><s> Ani stínovým . </s><s> Jeho politický program"
"3";"en: angličtina";"FIC: beletrie";"NOV: próza";"X: neuvedeno";"X: neuvedeno";"na špičkách , a sotva se na nich udržím ,";"o tancování ani nemluvě .";"</s><s> Všechny tyhle činnosti jsou prý pro moje dobro , jejich"
"3";"cs: čeština";"NFC: oborová literatura";"POP: populárně naučná literatura";"HUM: humanitní vědy";"HIS: historie, biografie";"dobře věděla , že Biľak je i na Slovensku (";"o českých zemích nemluvě )";"krajně nepopulární . </s><s> Na rozdíl od Husáka se pro období"
"3";"en: angličtina";"FIC: beletrie";"NOV: próza";"X: neuvedeno";"X: neuvedeno";", abys ji pochopil . </s><s> Může za to léto —";"o malé smrti nemluvě .";"</s><s> Přemýšlel jsem dnes večer o těch letních dnech strávených ve"
"3";"nl: nizozemština";"FIC: beletrie";"NOV: próza";"X: neuvedeno";"X: neuvedeno";"<s> Se svými kolegy a přáteli o tom nikdy nemluvil ,";"o přítelkyních ani nemluvě ,";"a sám na to také skoro nemyslel . </s><s> Bylo to"
"3";"cs: čeština";"FIC: beletrie";"NOV: próza";"X: neuvedeno";"X: neuvedeno";"obchody , kanceláře , dokonce i malé automatizované továrny ,";"o restauracích všeho druhu nemluvě .";"</s><s> Není nutno vystrčit nos , když prší nebo fouká . </s>"
"3";"cs: čeština";"NMG: publicistika";"LEI: volnočasová publicistika";"X: neuvedeno";"MIX: společnost";"bývá mnohem vynalézavější a sladší než náplně krabiček příbuzenských . </s><s>";"O krabičkách nízkokaloricky manželských nemluvě .";"</s><s> Pár jsem takových ochutnal . </s><s> Čtvrtý den po sobě utrápenou"
"3";"cs: čeština";"FIC: beletrie";"COL: kratší próza";"X: neuvedeno";"X: neuvedeno";"analogový budík : je spolehlivější než budík na mobilu ,";"o zdravotní nezávadnosti nemluvě .";"</s><s> 7 Trvá to celou jednu minutu : to je ovšem"
"3";"cs: čeština";"NFC: oborová literatura";"POP: populárně naučná literatura";"SSC: sociální vědy";"LAW: právo";"“ dostala v danou chvíli pod značný časový tlak . </s><s>";"O eventuální naprogramovanosti činu nemluvě .";"</s><s> Co se ale ukázalo při detailnějším prověřování alibi ? </s><s> Minaříkova"
"3";"de: němčina";"FIC: beletrie";"NOV: próza";"X: neuvedeno";"X: neuvedeno";"? </s><s> Vždyť bude potřebovat neustálou péči , neúnavnou pozornost ,";"o finanční stránce nemluvě !";"</s><s> Náklady na terapie , případné operace , pobyty v nemocnici"
"3";"cs: čeština";"NMG: publicistika";"LEI: volnočasová publicistika";"X: neuvedeno";"LIF: životní styl";"nevěděly : * Na královský stůl nesmí ani šunka ,";"o jiných uzeninách nemluvě .";"</s><s> Letizia vaří dokonce sama , nejraději připravuje saláty , zeleninu"
"3";"cs: čeština";"NMG: publicistika";"NEW: tradiční publicistika";"X: neuvedeno";"NTW: celostátní tisk";"lékařů akupunkturista či herbalista či poradce přes výživu . </s><s> A";"o Číně ani nemluvě :";"tam se spousta zdravotních potíží řeší pouze těmito pro nás"
"3";"cs: čeština";"NMG: publicistika";"NEW: tradiční publicistika";"X: neuvedeno";"NTW: celostátní tisk";"a kdyby většina rádií ( s výjimkou Proglasu ) ,";"o Radiožurnálu vůbec nemluvě ,";"nezaměstnávala hluchoněmé redaktory po lobotomii , okamžitě po vynikající tvorbě"
"3";"cs: čeština";"NFC: oborová literatura";"POP: populárně naučná literatura";"SSC: sociální vědy";"EDU: pedagogika";"děti obecně vystupují daleko sebevědoměji než generace jejich rodičů ,";"o prarodičích ani nemluvě ,";"a jestli jsou to jedináčci , starší či mladší sourozenci"
"3";"cs: čeština";"NFC: oborová literatura";"POP: populárně naučná literatura";"FTS: formální a technické vědy";"TEC: technika";"důležitá oblast a všem jejím součástem málokdo dobře rozumí . </s><s>";"O finančních nákladech ani nemluvě .";"</s><s> Bez vody , elektřiny ani topení se neobejdete . </s><s> Všechno"
"3";"cs: čeština";"NMG: publicistika";"NEW: tradiční publicistika";"X: neuvedeno";"NTW: celostátní tisk";"jako Sobotka , Špidla , Telička či Zaorálek vědět ,";"o úřednících z ministerstev nemluvě .";"</s><s> Přesto jsou pod větou „ přeřadíme pleny “ podepsáni nejen"
"3";"cs: čeština";"NMG: publicistika";"NEW: tradiční publicistika";"X: neuvedeno";"NTW: celostátní tisk";"<s> Smutné však je , že nepřišel ani jiný ministr . </s><s>";"O prezidentu Zemanovi nemluvě .";"</s><s> NEPROJDOU ! </s><s> Pohraničník je symbolem režimu , který u železné"
"3";"en: angličtina";"FIC: beletrie";"COL: kratší próza";"X: neuvedeno";"X: neuvedeno";". </s><s> Je to spíš takový westhajlendský teriér než kokršpaněl ,";"o německém ovčákovi nemluvě .";"</s><s> Znamená to , že motor je neustále ve varu ,"
"3";"cs: čeština";"NFC: oborová literatura";"SCI: odborná literatura";"SSC: sociální vědy";"PSY: psychologie";"běží z velké části na implicitní rovině a rodič (";"o dítěti nemluvě )";"většinu z nich vědomě vůbec neregistruje . </s><s> Prostřednictvím percepčního systému"
"3";"ru: ruština";"FIC: beletrie";"NOV: próza";"X: neuvedeno";"X: neuvedeno";". </s><s> Pravé gaye a lesby tam ale samozřejmě mají ,";"o animalistech ani nemluvě –";"ti na venkově tvoří polovinu populace . </s><s> Pokud mezi Orky"
"3";"cs: čeština";"NFC: oborová literatura";"POP: populárně naučná literatura";"NAT: přírodní vědy";"GEO: geografie, geologie";"stínu stromů vyprávějí porosty třezalek , váleček a zvonků ,";"o chřadnoucích jalovcích nemluvě .";"</s><s> Do toho všeho vstupují akáty , netýkavky malokvěté a další"
"3";"en: angličtina";"NFC: oborová literatura";"SCI: odborná literatura";"HUM: humanitní vědy";"HIS: historie, biografie";". 214 Odhalení z konce čtyřicátých let , o zprávách";"o generaci později ani nemluvě ,";"byla novinkou výhradně v tom smyslu , že se někteří"
"3";"no: norština";"FIC: beletrie";"NOV: próza";"X: neuvedeno";"X: neuvedeno";"po válce postavení ? </s><s> Takové , vedle kterého já ,";"o tobě ani nemluvě ,";"vypadám jako somálský přistěhovalec , co umývá záchody tamhle dole"
"3";"cs: čeština";"FIC: beletrie";"NOV: próza";"X: neuvedeno";"X: neuvedeno";", co se děje . </s><s> Je toho plný internet ,";"o ulici nemluvě .";"</s><s> Stačí se jen podívat z okna . </s><s> Dole ve válečné"
"3";"en: angličtina";"NFC: oborová literatura";"MEM: memoáry, autobiografie";"MEM: memoáry, autobiografie";"MEM: memoáry, autobiografie";"<s> Nevěděli jsme , kde je východ a kde západ ,";"o nějakém triangulačním bodu nemluvě .";"</s><s> Až teď nám Kločko prozradil , že k setkání s"
"3";"en: angličtina";"FIC: beletrie";"NOV: próza";"X: neuvedeno";"X: neuvedeno";"nebezpečné urazit tak vlivného člověka , jako je Filey ,";"o rodičích slečny Laxtonové nemluvě .";"</s><s> Dále vyjádřila nezvratné přesvědčení , že její neteř musela zešílet"
"3";"cs: čeština";"FIC: beletrie";"COL: kratší próza";"X: neuvedeno";"X: neuvedeno";"Jáchymem . </s><s> Pokud odjede , tátu to bude mrzet . </s><s>";"O Tomáškovi ani nemluvě .";"</s><s> Skoro litovala , že se na mobil podívala už teď"
"3";"sv: švédština";"FIC: beletrie";"NOV: próza";"X: neuvedeno";"X: neuvedeno";"Bohr , Schrödinger a Heisenberg byli ve skutečnosti malíři . </s><s>";"O Paracelsovi ani nemluvě .";"</s><s> Je možné , že jí při psaní eseje pomáhal sám"
"3";"cs: čeština";"NMG: publicistika";"LEI: volnočasová publicistika";"X: neuvedeno";"SCT: společenský život";"tmavých kruhů a … </s><s> Kůže kolem očí je tenčí (";"o citlivosti nemluvě )";"a až pětkrát více pórovitá než na zbytku těla a"
"3";"cs: čeština";"FIC: beletrie";"COL: kratší próza";"X: neuvedeno";"X: neuvedeno";"práce , do kina a do divadla jezdí tamtéž ,";"o školách pro děti nemluvě .";"</s><s> Sociální kontakty jim ale nechybí , už jen proto ,"
"3";"cs: čeština";"NFC: oborová literatura";"PRO: profesní literatura";"SSC: sociální vědy";"ECO: ekonomie, obchod, logistika";". </s><s> Navíc si tím ještě naruší i týdenní odpočinek ,";"o odloučení od rodiny nemluvě .";"</s><s> Například ve studii Generálního ředitelství pro mobilitu a dopravu Evropské"
