"1";"en: angličtina";"FIC: beletrie";"NOV: próza";"X: neuvedeno";"X: neuvedeno";"prsty jsou zčásti poházené po místnosti , zčásti poskládané do";"kruhu kolem CD";"přehrávače . </s><s> Jedno z těl , to , co leží"
"1";"en: angličtina";"FIC: beletrie";"NOV: próza";"X: neuvedeno";"X: neuvedeno";"<s> Vyplul jsem zpátky na moře a plachtil na východ podél";"pobřeží , kolem Chacacual";", kolem rybářské vesničky na Bahía Maguey , a poté"
"1";"es: španělština";"FIC: beletrie";"NOV: próza";"X: neuvedeno";"X: neuvedeno";"Strana Indický národní kongres nezískala jediný mandát v okruhu sta";"kilometrů kolem Gódhry";", tedy místa , kde byl zapálen vagon vlaku a"
"1";"en: angličtina";"FIC: beletrie";"NOV: próza";"X: neuvedeno";"X: neuvedeno";"kolonu rozbily , takže když konečně dorazila do bezpečí nigerijských";"pozic kolem Amu";"Nelu , sedmatřicet kilometrů od Owerri , zbyly z ní"
"1";"cs: čeština";"FIC: beletrie";"NOV: próza";"X: neuvedeno";"X: neuvedeno";"i královští tasili zbraně a klidnou chůzí se přeskupili do";"hloučků kolem Morgain";"nebo Ezechiela , podle toho , ke komu chovali větší"
"1";"fr: francouzština";"FIC: beletrie";"NOV: próza";"X: neuvedeno";"X: neuvedeno";"a kvalitu tvého díla . </s><s> ( Pokud zaznamenáš prudký nárůst";"prodeje kolem Le";"Mans , budeš vědět proč . ) </s><s> Publiku se líbil"
"1";"en: angličtina";"FIC: beletrie";"NOV: próza";"X: neuvedeno";"X: neuvedeno";"celkem osmatřicet stehů . </s><s> Když se pomalu vracel do New";"Jersey , kolem oči";"měl černé podlitiny , rty oteklé a po celé hlavě"
"1";"en: angličtina";"FIC: beletrie";"NOV: próza";"X: neuvedeno";"X: neuvedeno";"<s> Na silnici přibrzdilo auto a vjelo na parkoviště z druhý";"strany , kolem Vystřel";"si z Willa . </s><s> Byla to novější honda accord . </s>"
"1";"fr: francouzština";"FIC: beletrie";"NOV: próza";"X: neuvedeno";"X: neuvedeno";". února , 17 h . 6 Phanodormů ; 6";"dalších kolem 1";"h 30 ráno . </s><s> Spal 4 h . </s><s> Pondělí 11"
"1";"en: angličtina";"FIC: beletrie";"NOV: próza";"X: neuvedeno";"X: neuvedeno";"mizivé . </s><s> Tušil , že Françoise drží v okruhu pěti";"mil kolem Salles";"- - sur - l’Hers , vesnice v Languedoc -"
"1";"cs: čeština";"FIC: beletrie";"NOV: próza";"X: neuvedeno";"X: neuvedeno";"<s> Iskander něco ví a možná se to týká vší té";"špíny kolem Kseniye";". “ </s><s> „ A pokud je ten hraničář skutečně posedlý"
"1";"cs: čeština";"FIC: beletrie";"COL: kratší próza";"X: neuvedeno";"X: neuvedeno";"jsme pak v noci domů s maminkou po drajveji královny";"Alžběty kolem Ontario";"jezera , tentvuj Ota vzadu spal , jak se celý"
"1";"cs: čeština";"FIC: beletrie";"COL: kratší próza";"X: neuvedeno";"X: neuvedeno";"poslední potřebné – vztek . </s><s> Byl čas . </s><s> Prošli podél";"zdi , kolem tak";"pětačtyřicetileté naspeedované ženy . </s><s> Speed by ani nemusel být příčinou"
"1";"cs: čeština";"FIC: beletrie";"COL: kratší próza";"X: neuvedeno";"X: neuvedeno";"se bezradně na hlavě , v tom šedivém věnečku krátkých";"vlasů kolem pleši";". </s><s> „ Je tohle všechno třeba ? “ zeptal se"
"1";"pl: polština";"FIC: beletrie";"COL: kratší próza";"X: neuvedeno";"X: neuvedeno";"jedna věc , mnohem vážnější než lhostejnost : jistota všech";"lidí kolem Crulice";", že je vinen a oni mají pravdu . </s><s> Nikdo"
"1";"cs: čeština";"FIC: beletrie";"COL: kratší próza";"X: neuvedeno";"X: neuvedeno";"mnoho Irů . </s><s> Hodně jich pocházelo z těch nejhůře postižených";"oblastí kolem Donegal";"a ti si s sebou přinesli i jejich vlastní nářečí"
"1";"en: angličtina";"FIC: beletrie";"COL: kratší próza";"X: neuvedeno";"X: neuvedeno";". </s><s> „ Jakživa jsem ani nepáchla do okruhu tří tisíc";"mil kolem Santanderu";"a nikdy jsem neviděla ani jeden býčí zápas . </s><s> Všechny"
"1";"cs: čeština";"NFC: oborová literatura";"SCI: odborná literatura";"HUM: humanitní vědy";"ANT: antropologie, etnografie";"před 1 . květnem “ . </s><s> Rukopis Františka Šťourače ze";"Zlatkova , kolem r";". 1900 . </s><s> Rukopis v archivu Horáckého muzea v Novém"
"1";"cs: čeština";"NFC: oborová literatura";"SCI: odborná literatura";"HUM: humanitní vědy";"ANT: antropologie, etnografie";"talíře . 1185 </s><s> Jiný je znak stárků v kraji Hanáckých";"Slováků kolem Klobouk";"u Brna , Ždánic a Velkých Pavlovic : fedro ,"
"1";"cs: čeština";"NFC: oborová literatura";"SCI: odborná literatura";"HUM: humanitní vědy";"ANT: antropologie, etnografie";". </s><s> Foto Jaromír Večerka . </s><s> 113 Smrtolka z Ořechoviček u";"Brna , kolem r";". 1910 . </s><s> Sbírky Etnografického ústavu Moravského zemského muzea ("
"1";"cs: čeština";"NFC: oborová literatura";"SCI: odborná literatura";"HUM: humanitní vědy";"THE: divadlo, film, tanec";"akademické účely . </s><s> Místo toho se zaměřím na diskurzivní popis";"situace kolem „";"českého videoartu “ jako takového , z něhož teprve budu"
"1";"cs: čeština";"NFC: oborová literatura";"SCI: odborná literatura";"HUM: humanitní vědy";"PHI: filozofie, náboženství";"sunně . </s><s> Dynamický vývoj ve „ zlatém věku “ arabsko-islámské";"říše ( kolem 9";". – 10 . stol . ) si však v"
"1";"en: angličtina";"NFC: oborová literatura";"POP: populárně naučná literatura";"HUM: humanitní vědy";"PHI: filozofie, náboženství";". </s><s> Malba na červenofigurovém stamnu ( vinném džbánu ) z";"období kolem 5";". století př . Kr . </s><s> Delfy , střed světa </s>"
"1";"en: angličtina";"NFC: oborová literatura";"POP: populárně naučná literatura";"HUM: humanitní vědy";"PHI: filozofie, náboženství";"Ambrosiem , hrdinou zcela jiné legendy zaznamenané v Nenniových Dějinách";"Britonů ( kolem r";". 800 ) . </s><s> Geoffrey přičítá tomuto dítěti , které"
"1";"en: angličtina";"NFC: oborová literatura";"POP: populárně naučná literatura";"HUM: humanitní vědy";"PHI: filozofie, náboženství";"západ slunce 26 . dubna ze stejného místa jako zapadání";"Plejád kolem 15";". dubna . </s><s> Tímto místem bylo centrální náměstí v Cuzku"
"1";"de: němčina";"NFC: oborová literatura";"SCI: odborná literatura";"HUM: humanitní vědy";"HIS: historie, biografie";". </s><s> Celkem mohl být mírový stav armády počátkem 20 .";"století kolem 220";"000 mužů . </s><s> K tomu lze připočíst jednotky Hamîdîye ,"
"1";"fr: francouzština";"NFC: oborová literatura";"SCI: odborná literatura";"HUM: humanitní vědy";"HIS: historie, biografie";". </s><s> Opozici se podařilo shromáždit k týdenní demonstraci 7 .";"března kolem 150";"až 200 tisíc osob . </s><s> Prosyrská demonstrace 8 . března"
"1";"cs: čeština";"NFC: oborová literatura";"SCI: odborná literatura";"HUM: humanitní vědy";"HIS: historie, biografie";". září 1212 dodat nelze . </s><s> * Opatrně rozplétané klubko";"událostí kolem 26";". září 1212 napovídá , že se kancelář mohla řídit"
"1";"cs: čeština";"NFC: oborová literatura";"SCI: odborná literatura";"HUM: humanitní vědy";"HIS: historie, biografie";"<s> Počet slovenských zajatců v ruských zajateckých táborech byl podle nejnovějších";"údajů kolem 30";"000 . 115 Samotní slovenští emisaři si často stěžovali ,"
"1";"en: angličtina";"NFC: oborová literatura";"POP: populárně naučná literatura";"HUM: humanitní vědy";"HIS: historie, biografie";"několik míst v zálivu Raritan Bay v New Jersey ;";"místa kolem ústí";"Connecticut River jako Clarkův ostrov ( někdy zvaný Kiddův ostrov"
"1";"en: angličtina";"NFC: oborová literatura";"POP: populárně naučná literatura";"HUM: humanitní vědy";"HIS: historie, biografie";"oblasti popsané Hérodotem . </s><s> Za tři roky prozkoumal tým PWSS";"vody kolem polostrova";"Athos , ostrova Euboea a průliv Artemison , místo hlavní"
"1";"cs: čeština";"NFC: oborová literatura";"SCI: odborná literatura";"HUM: humanitní vědy";"LAN: filologie";"<s> Lechta ( 2002 , s . 44 ) klade do";"období kolem 10";". – 12 . měsíce věku dítěte počátky porozumění řeči"
"1";"cs: čeština";"NFC: oborová literatura";"SCI: odborná literatura";"HUM: humanitní vědy";"LAN: filologie";"jako jsou synonyma ( srov . např . příklad z";"období kolem 18";"měsíců věku : když matka nechápe , že dítě myslí"
"1";"cs: čeština";"NFC: oborová literatura";"PRO: profesní literatura";"SSC: sociální vědy";"ECO: ekonomie, obchod, logistika";"i v oblasti práce se scoringem . </s><s> Nejsou na překážku";"nejasnosti kolem P2P";", crowdfundingu a podobných alternativních vzorců financování hlavně z pohledu"
"1";"cs: čeština";"NFC: oborová literatura";"PRO: profesní literatura";"SSC: sociální vědy";"ECO: ekonomie, obchod, logistika";"5000 Kč . </s><s> Jak problematické je shánět zaměstnance ? </s><s> Máte";"jich kolem 70";"... </s><s> Už 90 . </s><s> Je to problematické . </s><s> A to"
"1";"cs: čeština";"NFC: oborová literatura";"PRO: profesní literatura";"SSC: sociální vědy";"ECO: ekonomie, obchod, logistika";"<s> Obrat podniku s bezmála 300 zaměstnanci se pohybuje včetně polské";"pobočky kolem 700";"milionů korun ročně . </s><s> A 85 procent produkce směřuje na"
"1";"en: angličtina";"NFC: oborová literatura";"POP: populárně naučná literatura";"SSC: sociální vědy";"POL: politika, vojenství";". 632 Jen v roce 2012 vydali Kochovi na financování";"voleb kolem 400";"milionů dolarů . 633 Kochova síť spolu s hnutím Tea"
"1";"cs: čeština";"NFC: oborová literatura";"SCI: odborná literatura";"SSC: sociální vědy";"PSY: psychologie";"4 základní emoce , nejpozději se vyvíjí strach z cizích";"lidí ( kolem 8";". m . ) . </s><s> Později se vyvíjí další emoce"
"1";"cs: čeština";"NFC: oborová literatura";"POP: populárně naučná literatura";"SSC: sociální vědy";"PSY: psychologie";"tím lépe se rozpouští . </s><s> Kakaové máslo má nízký bod";"tání , kolem 36";"stupňů Celsia . </s><s> Někteří výrobci přidávají pro snazší rozpouštění čisté"
"1";"cs: čeština";"NFC: oborová literatura";"POP: populárně naučná literatura";"SSC: sociální vědy";"PSY: psychologie";"mladá generace sexuálně poměrně konzervativní . </s><s> „ Věk prvního sexuálního";"kontaktu kolem 17";". roku může mnohé uchlácholit . </s><s> Bohužel si neuvědomujeme ,"
"1";"cs: čeština";"NFC: oborová literatura";"POP: populárně naučná literatura";"SSC: sociální vědy";"SOC: sociologie";"? </s><s> L . : Pěstounky tam pravděpodobně pečovaly o uzavření";"intimity kolem uměle";"sestavené náhradní rodiny . </s><s> To je přirozené . </s><s> Péče o"
"1";"cs: čeština";"NFC: oborová literatura";"POP: populárně naučná literatura";"SSC: sociální vědy";"SOC: sociologie";"matky v době , kdy jeho sexualita dozraje do genitálního";"stadia ( kolem 5";"– 6 let ) , od matky vzdálit . </s><s> Nemáme"
"1";"cs: čeština";"NFC: oborová literatura";"SCI: odborná literatura";"SSC: sociální vědy";"REC: sport, rekreace, hobby";"problémů se u těchto jedinců objevuje při nástupu do vzdělávacího";"systému kolem 6";"let věku . </s><s> Většina těchto osob je plně nezávislá na"
"1";"cs: čeština";"NFC: oborová literatura";"POP: populárně naučná literatura";"SSC: sociální vědy";"REC: sport, rekreace, hobby";"jen vidět některý z kopců nebo pískovcové skalky . </s><s> Šířka";"stezky kolem 2,5";"– 3 m umožňuje bezpečné míjení s protijedoucími bruslaři . </s>"
"1";"cs: čeština";"NFC: oborová literatura";"PRO: profesní literatura";"SSC: sociální vědy";"EDU: pedagogika";"část hladkého svalstva zažívacího traktu . </s><s> Senzitivní inervace - z";"krajiny kolem epiglottis";"( hrtanová příklopka ) a zevního zvukovodu , parasympatická inervace"
"1";"cs: čeština";"NFC: oborová literatura";"PRO: profesní literatura";"SSC: sociální vědy";"EDU: pedagogika";"mezi koncem března a začátkem května a zapojí se do";"něj kolem 300";"až 400 škol . </s><s> Testování PISA 2018 se zúčastní všech"
"1";"cs: čeština";"NFC: oborová literatura";"SCI: odborná literatura";"NAT: přírodní vědy";"BIO: biologie";"okrajových částech lavinových drah ; tyto výskyty zasahují až do";"výšek kolem 1050";"m n . m .. </s><s> Na Šumavě se jako klimaxová"
"1";"cs: čeština";"NFC: oborová literatura";"PRO: profesní literatura";"NAT: přírodní vědy";"BIO: biologie";"jejich směsi ) , </s><s> - brakická ( voda s obsahem";"solí kolem 5";"- 15 promile ) , </s><s> - mořská ( voda s"
"1";"cs: čeština";"NFC: oborová literatura";"PRO: profesní literatura";"NAT: přírodní vědy";"BIO: biologie";"nižším pH . </s><s> Pro ryby jsou toxické mnohdy již koncetrace";"čpavku kolem 0,1";"- 0,2 mg / l . </s><s> Pro akvaristu provozujícího nádrže"
"1";"cs: čeština";"NFC: oborová literatura";"PRO: profesní literatura";"NAT: přírodní vědy";"BIO: biologie";"na chemismu vody nezáleží zdaleka tolik jako u některých jiných";"druhů ) , kolem 26";"° C teplá . </s><s> Po chladném přezimování se ryby ochotně"
"1";"cs: čeština";"NFC: oborová literatura";"PRO: profesní literatura";"NAT: přírodní vědy";"BIO: biologie";"kyselosti vody , doporučuje se nejrůznější pH - od dost";"kyselého ( kolem 5,5";") přes mírně kyselé ( kolem 6,5 ) až po"
"1";"cs: čeština";"NFC: oborová literatura";"PRO: profesní literatura";"NAT: přírodní vědy";"BIO: biologie";"nad 150 l ) s rybami obdobných nároků . </s><s> Teplota";"vody kolem 24";"° C , na chemismu příliš nezáleží , vhodnější je"
"1";"cs: čeština";"NFC: oborová literatura";"PRO: profesní literatura";"NAT: přírodní vědy";"BIO: biologie";"také možnost úkrytu v hustěji osázené části akvária . </s><s> Teplota";"vody kolem 24";"° C , voda by měla být mírně kyselá ("
"1";"cs: čeština";"NFC: oborová literatura";"PRO: profesní literatura";"NAT: přírodní vědy";"BIO: biologie";"poslední době z akvárií téměř vymizela . </s><s> Postačí jí teplota";"vody kolem 22";"° C , ostatní vlastnosti vody nehrají prakticky žádnou roli"
"1";"cs: čeština";"NFC: oborová literatura";"PRO: profesní literatura";"NAT: přírodní vědy";"BIO: biologie";"ostatních liší především svou velikostí , protože jako jediná dosahuje";"délky kolem 10";"cm . </s><s> Hyphessobrycon flammeus MYERS , 1924 - tetra červená </s>"
"1";"cs: čeština";"NFC: oborová literatura";"PRO: profesní literatura";"NAT: přírodní vědy";"BIO: biologie";"<s> Jedná se o mírumilovnou hejnovou rybku , které postačí teplota";"vody kolem 22";"° C , ostatní nároky obdobné jako Gymnocorymbus ternetzi . </s>"
"1";"cs: čeština";"NFC: oborová literatura";"PRO: profesní literatura";"NAT: přírodní vědy";"BIO: biologie";"může kombinovat s jinými druhy ryb obdobných nároků . </s><s> Teplota";"vody kolem 24";"° C , na chemismu prakticky nezáleží . </s><s> Odchov :"
"1";"cs: čeština";"NFC: oborová literatura";"PRO: profesní literatura";"NAT: přírodní vědy";"BIO: biologie";"na dně by měl být co možná nejtmavší . </s><s> Teplota";"vody kolem 25";"° C , na chemismu prakticky nezáleží . </s><s> Vhodné je"
"1";"cs: čeština";"NFC: oborová literatura";"PRO: profesní literatura";"NAT: přírodní vědy";"BIO: biologie";"větší , v přírodě dorůstá délky kolem 130 cm a";"hmotnosti kolem 16";"kg , má širší rypák a širší , více šikmo"
"1";"cs: čeština";"NFC: oborová literatura";"PRO: profesní literatura";"NAT: přírodní vědy";"BIO: biologie";"<s> Chov : Obdobné nároky jako C . aeneus , teplota";"vody kolem 24";"° C . </s><s> Odchov : Obdobné nároky jako C ."
"1";"cs: čeština";"NFC: oborová literatura";"PRO: profesní literatura";"NAT: přírodní vědy";"BIO: biologie";"<s> Chov : Obdobné nároky jako C . aeneus , teplota";"vody kolem 24";"° C . </s><s> Odchov : Potěr je zejména v počátcích"
"1";"cs: čeština";"NFC: oborová literatura";"PRO: profesní literatura";"NAT: přírodní vědy";"BIO: biologie";"vodivosti 550 S / cm . </s><s> Jiker bývá od jedné";"samice kolem 150";", častá je velmi nízká oplozenost ( i pouze 30"
"1";"cs: čeština";"NFC: oborová literatura";"PRO: profesní literatura";"NAT: přírodní vědy";"BIO: biologie";"vláknoploutvý </s><s> Výskyt : Jižní Amerika - Brazílie </s><s> Velikost : délka";"těla kolem 20";"cm , zhruba stejné délky dosahují protažené krajní paprsky ocasní"
"1";"cs: čeština";"NFC: oborová literatura";"PRO: profesní literatura";"NAT: přírodní vědy";"BIO: biologie";"potřeby se tyto ryby dokážou ponořit pro potravu i do";"hloubky kolem 40";"cm . </s><s> Je pravda , že toto chování je pro"
"1";"cs: čeština";"NFC: oborová literatura";"PRO: profesní literatura";"NAT: přírodní vědy";"BIO: biologie";"i kousky filé . </s><s> Dobře se cítí při nižší teplotě";"vody ( kolem 22";"- 24 ° C ) . </s><s> Odchov : Pruhatci se"
"1";"cs: čeština";"NFC: oborová literatura";"PRO: profesní literatura";"NAT: přírodní vědy";"BIO: biologie";"v tomto konkrétním případě ovlivněna blízkostí moře ) . </s><s> Teplota";"vody kolem 25";"° C . Přijímají jakoukoli hrubší potravu živočišného původu ("
"1";"cs: čeština";"NFC: oborová literatura";"PRO: profesní literatura";"NAT: přírodní vědy";"BIO: biologie";"cichlidy , okounci či sumci ) . </s><s> Sandeliím stačí teplota";"vody kolem 20";"° C , na chemismus nejsou příliš citlivé , kromě"
"1";"cs: čeština";"NFC: oborová literatura";"PRO: profesní literatura";"NAT: přírodní vědy";"BIO: biologie";"pouze ve společnosti drobnějších klidných a mírumilovných ryb . </s><s> Teplota";"vody kolem 24";"° C , na chemismu příliš nezáleží , voda ale"
"1";"cs: čeština";"NFC: oborová literatura";"PRO: profesní literatura";"NAT: přírodní vědy";"BIO: biologie";"nádržích pod širým nebem , kde bez úhony přečkávají teplotu";"vody kolem 15";"° C . </s><s> Odchov : Rájovcům postačí k výtěru teplota"
"1";"cs: čeština";"NFC: oborová literatura";"PRO: profesní literatura";"NAT: přírodní vědy";"BIO: biologie";"plůdek . </s><s> V přírodě žijí mladí jedinci pelagicky až do";"délky kolem 10";"cm . </s><s> Pozorujeme savce </s><s> Savci žijí téměř všude kolem nás"
"1";"cs: čeština";"NFC: oborová literatura";"POP: populárně naučná literatura";"NAT: přírodní vědy";"BIO: biologie";"( bazaltům ) . </s><s> Starší datace přiřazovaly některým typům vulkanitů";"stáří kolem 470";"milionů let , časově je tedy situovaly do nejstarší části"
"1";"cs: čeština";"NFC: oborová literatura";"POP: populárně naučná literatura";"NAT: přírodní vědy";"BIO: biologie";"domov osob se zdravotním postižením . </s><s> Do nejhůře přístupného jádra";"oblasti kolem Oupořského";"údolí pronikala „ lesnická civilizace “ obtížně a pomalu ,"
"1";"en: angličtina";"NFC: oborová literatura";"POP: populárně naučná literatura";"NAT: přírodní vědy";"PHY: fyzika";"do dvaceti miliontin , přičemž ty menší žijí až do";"hloubky kolem 80";"metrů pod mořskou hladinou . </s><s> Plankton dnes dodává asi 80"
"1";"en: angličtina";"NFC: oborová literatura";"POP: populárně naučná literatura";"NAT: přírodní vědy";"PHY: fyzika";"φ ( strana 32 ) . </s><s> Slavný keltský kalendář z";"Coligny ( kolem 100";"př . n . l . ) se zakládá na"
"1";"cs: čeština";"NFC: oborová literatura";"POP: populárně naučná literatura";"NAT: přírodní vědy";"GEO: geografie, geologie";"“ ) a sousední Balka , nebo pole západně od";"města ( kolem „";"Svatého Václava “ ) . </s><s> Z výkopu ve zdejší vilové"
"1";"cs: čeština";"NFC: oborová literatura";"POP: populárně naučná literatura";"NAT: přírodní vědy";"GEO: geografie, geologie";"minerály , ale ty se zase působením vyšších tlaků a";"teplot kolem 800";"– 900 ° C mohou změnit na žulu . </s><s> Tomuto"
"1";"cs: čeština";"NFC: oborová literatura";"SCI: odborná literatura";"NAT: přírodní vědy";"MED: lékařství";") . periferní žilní linka – nejčastější , rychlost nástupu";"účinku kolem 30";"– 45 s . Zavádí se zpravidla periferní žilní kanyla"
"1";"en: angličtina";"NFC: oborová literatura";"POP: populárně naučná literatura";"NAT: přírodní vědy";"MED: lékařství";"<s> V průměru meditovali zkušení tantrici , kteří všichni pocházeli z";"oblasti kolem San";"Franciska , víc než tři a půl hodiny za den"
"1";"en: angličtina";"NFC: oborová literatura";"POP: populárně naučná literatura";"NAT: přírodní vědy";"MED: lékařství";"já začala dodržovat postní režim , jsem poprvé naměřila hladinu";"glukózy kolem 3,9";"mmol / l . </s><s> Takový výsledek mě natolik zaskočil ,"
"1";"cs: čeština";"NFC: oborová literatura";"PRO: profesní literatura";"NAT: přírodní vědy";"AGR: zemědělství, chovatelství";"je v České republice registrováno napříč všemi ranostmi a směry";"využití kolem 30";"hybridů kukuřice . </s><s> Absolutní číslo všech dosud registrovaných hybridů je"
"1";"cs: čeština";"NFC: oborová literatura";"PRO: profesní literatura";"NAT: přírodní vědy";"AGR: zemědělství, chovatelství";"ve spolupráci se zemědělci zabývalo možnými opatřeními ke zlepšení ochrany";"vody kolem Švihová";", například proti erozi půdy . </s><s> Jde třeba o remízky"
"1";"cs: čeština";"NFC: oborová literatura";"PRO: profesní literatura";"NAT: přírodní vědy";"AGR: zemědělství, chovatelství";"rodinné firmy . </s><s> Z oceněných společností tvoří podniky do deseti";"zaměstnanců kolem 60";"procent , přibližně 27 procenty se podílí firmy do 50"
"1";"cs: čeština";"NFC: oborová literatura";"SCI: odborná literatura";"FTS: formální a technické vědy";"TEC: technika";"proudy po odeznění napěťového jevu měly stejně jako před vznikem";"hodnoty kolem 20";"A . Na obr . 7 je záznam fázových proudů"
"1";"cs: čeština";"NFC: oborová literatura";"PRO: profesní literatura";"FTS: formální a technické vědy";"TEC: technika";"při spalování se HBCD rozloží z 99,999 % . </s><s> Statistiky";"požárů Kolem 80";"% požárů se vyskytuje v obytných budovách . </s><s> V období"
"1";"cs: čeština";"NFC: oborová literatura";"PRO: profesní literatura";"FTS: formální a technické vědy";"TEC: technika";"mohou spotřebovat stromů . </s><s> Roční ztráta zalesnění je podle satelitních";"měření kolem 192";"000 km2 ( ČR má plochu cca 80 000 km2"
"1";"cs: čeština";"NFC: oborová literatura";"PRO: profesní literatura";"FTS: formální a technické vědy";"TEC: technika";"vlastním samostatném stánku již popáté . </s><s> Letošní návštěvnost veletrhu dosáhla";"rekordu kolem 48";"000 lidí ze 132 zemí světa . </s><s> Termín příštího ročníku"
"1";"cs: čeština";"NFC: oborová literatura";"PRO: profesní literatura";"FTS: formální a technické vědy";"TEC: technika";". </s><s> Průměrné procento tuku u dospělých osob se pohybuje u";"mužů kolem 15";"- 18 % a u žen okolo 22 - 25"
"1";"cs: čeština";"NFC: oborová literatura";"PRO: profesní literatura";"FTS: formální a technické vědy";"TEC: technika";"rok 2015 průměrná kalkulovaná cena tepla s DPH z uhelných";"tepláren kolem 570";"Kč / GJ a z plynových tepláren a kotelen zhruba"
"1";"cs: čeština";"NFC: oborová literatura";"POP: populárně naučná literatura";"FTS: formální a technické vědy";"TEC: technika";"práce a nemají problém s pískem a prachem s velikostí";"zrn kolem 1";"mm . </s><s> Pokud byste ale chtěli dešťovou vodu čerpat ze"
"1";"cs: čeština";"NFC: oborová literatura";"POP: populárně naučná literatura";"FTS: formální a technické vědy";"TEC: technika";"pro expedici do odlehlých končin . </s><s> Zvýrazněná kružnice s náznakem";"stupnice kolem nahoře";"umístěného displeje s úhlopříčkou cca 38 mm , která možná"
"1";"cs: čeština";"NFC: oborová literatura";"POP: populárně naučná literatura";"FTS: formální a technické vědy";"TEC: technika";"po 100 000 km ( cena s prací a seřízením";"geometrie kolem 4500";"Kč ) , na třetí generaci vydrží náprava bez zásahů"
"1";"cs: čeština";"NFC: oborová literatura";"POP: populárně naučná literatura";"FTS: formální a technické vědy";"ICT: výpočetní technika";"Chipu obsahuje všechny funkce aktuální komerční edice programu s cenou";"licence kolem 4";"700 korun . </s><s> Win XP / Vista / 7 /"
"1";"cs: čeština";"NFC: oborová literatura";"POP: populárně naučná literatura";"FTS: formální a technické vědy";"ICT: výpočetní technika";"jsme ve spojení s vysokorychlostní Compact Flash kartou dosahovali přenosových";"rychlostí kolem 110";"MB / s při čtení a 100 MB / s"
"1";"cs: čeština";"NFC: oborová literatura";"POP: populárně naučná literatura";"FTS: formální a technické vědy";"ICT: výpočetní technika";"RAM , což v současné době představuje skupinu 16 paměťových";"čipů kolem GPU";"( viz vpravo ) . </s><s> Každý paměťový čip je ke"
"1";"cs: čeština";"NFC: oborová literatura";"POP: populárně naučná literatura";"FTS: formální a technické vědy";"ICT: výpočetní technika";"Solitairu . </s><s> Naopak . </s><s> Zabrousili jsme do trochu vyšší cenové";"kategorie kolem 30";"000 Kč , kde již mají výrobci dostatek prostoru na"
"1";"cs: čeština";"NFC: oborová literatura";"POP: populárně naučná literatura";"FTS: formální a technické vědy";"ICT: výpočetní technika";", Blu-ray ( jen bez ochrany proti kopírování ) </s><s> Úpravy";"videa kolem 400";"video a audio efektů </s><s> Import všechny běžné formáty zvuku a"
"1";"cs: čeština";"NFC: oborová literatura";"POP: populárně naučná literatura";"FTS: formální a technické vědy";"ICT: výpočetní technika";"zapadne do ostřicího prstence . </s><s> Levnější alternativou je upnutí gumového";"pásku kolem ostřicího";"prstence s následným převodem pro ostření . </s><s> Front focus a"
"1";"cs: čeština";"NFC: oborová literatura";"SCI: odborná literatura";"ITD: interdisciplinární";"ITD: interdisciplinární";"Německa . </s><s> Dosahoval délky asi 40 – 50 cm a";"hmotnosti kolem 0,8";"– 1 kg . </s><s> Živil se zřejmě rybami a snad"
"1";"cs: čeština";"NFC: oborová literatura";"POP: populárně naučná literatura";"ITD: interdisciplinární";"ITD: interdisciplinární";"existují demografické prognózy . </s><s> Teď je horní hranice průměrné délky";"života kolem 85";"let . </s><s> U nás muži 76 , ženy 82 ,"
"1";"cs: čeština";"NFC: oborová literatura";"POP: populárně naučná literatura";"ITD: interdisciplinární";"ITD: interdisciplinární";"40 km ³ sopečných hornin . </s><s> Proud horkého popela dosáhl";"výšky kolem 36";"kilometrů . </s><s> Dá se nalézt v deltě Nilu a na"
"1";"en: angličtina";"NFC: oborová literatura";"MEM: memoáry, autobiografie";"MEM: memoáry, autobiografie";"MEM: memoáry, autobiografie";"2 . praporu pokračovat v útoku s cílem zmocnit se";"výšin kolem Noville";". </s><s> Když jsme se o útoku dozvěděli , namíchlo mě"
"1";"cs: čeština";"NFC: oborová literatura";"MEM: memoáry, autobiografie";"MEM: memoáry, autobiografie";"MEM: memoáry, autobiografie";". v celém Spojeném království bylo na počátku 90 .";"let kolem 7500";"registrovaných léčitelů a u nás jich bylo před rozdělením ČSFR"
"1";"cs: čeština";"NFC: oborová literatura";"MEM: memoáry, autobiografie";"MEM: memoáry, autobiografie";"MEM: memoáry, autobiografie";"se začala objevovat stáda zvěře a na obzoru obrys sopečných";"kuželů kolem Gelaie";"( 2900 m ) . </s><s> Byli jsme v téměř nedotčené"
"1";"cs: čeština";"NFC: oborová literatura";"MEM: memoáry, autobiografie";"MEM: memoáry, autobiografie";"MEM: memoáry, autobiografie";"výběžku Afriky kolem Kapského města , na němž vystupuje do";"výšky kolem 1000";"metrů impozantní Stolová hora . </s><s> Písečné pláže jsou lemovány pásmem"
"1";"en: angličtina";"NFC: oborová literatura";"MEM: memoáry, autobiografie";"MEM: memoáry, autobiografie";"MEM: memoáry, autobiografie";", jeden z badatelů , kteří většinu kariéry věnovali urovnávání";"zmatku kolem HeLa";"kontaminace , rozesmál se . </s><s> „ Je to komické ,"
"1";"en: angličtina";"NFC: oborová literatura";"MEM: memoáry, autobiografie";"MEM: memoáry, autobiografie";"MEM: memoáry, autobiografie";"muži publikovala v Johns Hopkins Magazine . </s><s> „ Mám ze";"situace kolem Lacksovy";"rodiny špatný pocit , “ napsal . </s><s> „ Zaslouží si"
"1";"cs: čeština";"NMG: publicistika";"NEW: tradiční publicistika";"X: neuvedeno";"NTW: celostátní tisk";"výrobě počítačových databází právních vzorů . </s><s> Podle popisu nabízí databáze";"firmy kolem 2000";"vzorů smluv a podání úřadům , jež mohou využívat právní"
"1";"cs: čeština";"NMG: publicistika";"NEW: tradiční publicistika";"X: neuvedeno";"NTW: celostátní tisk";"<s> Zaměstnává 140 tisíc lidí ve stovce zemí světa , z";"toho kolem 3500";"v Česku . </s><s> Kotovaná je na burzách v Curychu ,"
"1";"cs: čeština";"NMG: publicistika";"NEW: tradiční publicistika";"X: neuvedeno";"NTW: celostátní tisk";"bilanční suma je ještě několikrát větší , pak dosahují návratnosti";"kapitálu kolem 14";"– 15 procent . </s><s> LN Sberbank chce být pátou největší"
"1";"cs: čeština";"NMG: publicistika";"NEW: tradiční publicistika";"X: neuvedeno";"NTW: celostátní tisk";"v Schrönbrunnu nejstarší zoo na světě . </s><s> Doporučuji i jízdu";"tramvají kolem Ringstraße";"a ledové zmrzlinové knedlíky v Eissalonu Tichy , “ dodala"
"1";"cs: čeština";"NMG: publicistika";"NEW: tradiční publicistika";"X: neuvedeno";"NTW: celostátní tisk";"2016 . </s><s> Podle studie proveditelnosti se pohybují náklady na zřízení";"jídelny kolem 20";"miliónů korun za stavební práce a 7 miliónů korun na"
"1";"cs: čeština";"NMG: publicistika";"NEW: tradiční publicistika";"X: neuvedeno";"NTW: celostátní tisk";"klientem mBank , vybírejte v zahraničí najednou více než 2500";"korun ( kolem 91";"eur , zhruba 101 dolarů či 65 liber nebo téměř"
"1";"cs: čeština";"NMG: publicistika";"NEW: tradiční publicistika";"X: neuvedeno";"NTW: celostátní tisk";"s touto událostí shodují . </s><s> „ Například dne 20 .";"května kolem 6";". 50 hodin také v Ostravě - Hrabůvce na ulici"
"1";"cs: čeština";"NMG: publicistika";"NEW: tradiční publicistika";"X: neuvedeno";"NTW: celostátní tisk";"průkaz . </s><s> Motorkář na stroji Honda CBR 900 upoutal pozornost";"policistů kolem 14";". 30 svou jízdou , když nerespektoval pravidla silničního provozu"
"1";"cs: čeština";"NMG: publicistika";"NEW: tradiční publicistika";"X: neuvedeno";"NTW: celostátní tisk";"málo , ale oproti jiným evropským zemím zaměstnávají velký počet";"lidí , kolem 30";"procent . </s><s> Navzdory tomu ale většina dotací míří právě do"
"1";"cs: čeština";"NMG: publicistika";"NEW: tradiční publicistika";"X: neuvedeno";"NTW: celostátní tisk";"ukončené v březnu se sešly celkem 63 žádosti s objemem";"výdajů kolem 4,4";"miliardy korun . </s><s> Celkem je na tuto oblast vyčleněno v"
"1";"cs: čeština";"NMG: publicistika";"NEW: tradiční publicistika";"X: neuvedeno";"NTW: celostátní tisk";"otevřít i další cestu , kterou by stát mohl do";"dění kolem OKD";"zasáhnout . </s><s> Připravil speciální úpravu insolvenčního zákona , která by"
"1";"cs: čeština";"NMG: publicistika";"NEW: tradiční publicistika";"X: neuvedeno";"NTW: celostátní tisk";"podobných případech rozhoduje . </s><s> Tam za to berou 4000 dánských";"korun ( kolem 14";"tisíc korun , pozn . red . ) , musí"
"1";"cs: čeština";"NMG: publicistika";"NEW: tradiční publicistika";"X: neuvedeno";"NTW: celostátní tisk";". </s><s> K poškození sluchu může vést už dlouhodobé vystavování se";"hluku kolem 70";"dB , což je běžná úroveň hluku podél hlavních silnic"
"1";"cs: čeština";"NMG: publicistika";"NEW: tradiční publicistika";"X: neuvedeno";"NTW: celostátní tisk";"na hrudi . </s><s> Rozhodčí s deskami přísně sledují každý pohyb";"vozu , kolem drží";"palce přihlížející . </s><s> Zdejší střední odborné učiliště včera uspořádalo závody"
"1";"cs: čeština";"NMG: publicistika";"NEW: tradiční publicistika";"X: neuvedeno";"NTW: celostátní tisk";"kraji vyměnilo kotel s pomocí evropských , státních či krajských";"prostředků kolem 4";"tisíc lidí . </s><s> V současnosti využívá ČR dotace z EU"
"1";"cs: čeština";"NMG: publicistika";"NEW: tradiční publicistika";"X: neuvedeno";"NTW: celostátní tisk";"asi pěti a půl tisíce voličů se voleb zúčastnilo 38";"procent : kolem 17";"procent dostaly ČSSD i KDU - ČSL , kolem 15"
"1";"cs: čeština";"NMG: publicistika";"NEW: tradiční publicistika";"X: neuvedeno";"NTW: celostátní tisk";", kdy narůstá progrese , je v našem případě u";"příjmů kolem 80";"tisíc korun měsíčně , což je kolem jednoho milionu ročně"
"1";"cs: čeština";"NMG: publicistika";"NEW: tradiční publicistika";"X: neuvedeno";"NTW: celostátní tisk";"dodal Hodek . </s><s> V Praze žije na ulici podle střízlivých";"odhadů kolem 1500";"lidí , fakticky však mnohem více . </s><s> Na zimu do"
"1";"cs: čeština";"NMG: publicistika";"NEW: tradiční publicistika";"X: neuvedeno";"NTW: celostátní tisk";"na těchto setkáních pravidelně náměstkyně Schillerová . </s><s> To ale podle";"lidí kolem EET";"nestačí . </s><s> „ Ministerstvo zcela podcenilo komunikaci a přípravu rozjezdu"
"1";"cs: čeština";"NMG: publicistika";"NEW: tradiční publicistika";"X: neuvedeno";"NTW: celostátní tisk";"do dvaceti tisíc korun je přitom psychologická hranice a velikost";"obrazovky kolem 125";"centimetrů patří mezi aktuálně nejpopulárnější . </s><s> Televize od Samsungu v"
"1";"cs: čeština";"NMG: publicistika";"NEW: tradiční publicistika";"X: neuvedeno";"NTW: celostátní tisk";"akce je totiž plánována většinou na víkend a účastní se";"jí kolem 50";"lidí z řad Celní správy i policie . </s><s> Problémem je"
"1";"cs: čeština";"NMG: publicistika";"NEW: tradiční publicistika";"X: neuvedeno";"NTW: celostátní tisk";"Nepálu a Bhútánu . </s><s> Celkově čítá světová populace těchto ohrožených";"savců kolem 2";"500 exemplářů . </s><s> Novorozeně Samička nosorožce indického přišla na svět"
"1";"cs: čeština";"NMG: publicistika";"NEW: tradiční publicistika";"X: neuvedeno";"NTW: celostátní tisk";"restaurací , kterých je v Česku podle Asociace hotelů a";"restaurací kolem 35";"tisíc , pokladní systémy , a to především kvůli elektronické"
"1";"cs: čeština";"NMG: publicistika";"NEW: tradiční publicistika";"X: neuvedeno";"NTW: celostátní tisk";"ředitel cizineckého úřadu bývalé jugoslávské republiky Slobodan Ujic , podle";"něhož kolem 60";"procent registrovaných migrantů již odešlo do Chorvatska . </s><s> Tesla investuje"
"1";"cs: čeština";"NMG: publicistika";"NEW: tradiční publicistika";"X: neuvedeno";"NTW: celostátní tisk";"generační obměny u rodinných firem je tu zároveň řada schopných";"lidí kolem 35";"let , kteří mají zkušenosti ze zahraničí , vrací se"
"1";"cs: čeština";"NMG: publicistika";"NEW: tradiční publicistika";"X: neuvedeno";"NTW: celostátní tisk";"zatímco procházíme po běžecké dráze , která se vine od";"recepce kolem dokola";"celým interiérem . </s><s> Neslouží ovšem k běhání , ale k"
"1";"cs: čeština";"NMG: publicistika";"NEW: tradiční publicistika";"X: neuvedeno";"NTW: celostátní tisk";"leží na lavičce i následujícího dne . </s><s> Zapáchá výkaly . </s><s>";"Much kolem jeho";"krví nasáklých modrých igelitů přibývá . </s><s> Kolemjdoucí jsou ohleduplní –"
"1";"cs: čeština";"NMG: publicistika";"NEW: tradiční publicistika";"X: neuvedeno";"NTW: celostátní tisk";"pro odběratele . </s><s> Do budoucna by se mohla pohybovat podle";"Korytáře kolem 550";"korun za gigajoule , nyní je o 110 korun vyšší"
"1";"cs: čeština";"NMG: publicistika";"NEW: tradiční publicistika";"X: neuvedeno";"NTW: celostátní tisk";"poklesl oproti předchozímu roku zhruba o 110 000 . </s><s> Bylo";"jich kolem 390";"000 . </s><s> Pod hranicí příjmové chudoby žilo loni asi 960"
"1";"cs: čeština";"NMG: publicistika";"NEW: tradiční publicistika";"X: neuvedeno";"NTW: celostátní tisk";"týmy . </s><s> Před pěti lety jste zpravidla končili na Bitvách";"národů kolem 15";". příčky , to je velký výkonnostní skok . </s><s> Jde"
"1";"cs: čeština";"NMG: publicistika";"NEW: tradiční publicistika";"X: neuvedeno";"NTW: celostátní tisk";"<s> „ Příklad Irska , které v době ekonomické krize dosahovalo";"úrovně kolem 130";"procent průměru Evropské unie a nyní se pohybuje kolem 180"
"1";"cs: čeština";"NMG: publicistika";"NEW: tradiční publicistika";"X: neuvedeno";"NTW: celostátní tisk";"výměníku tepla pomocí vody . </s><s> Pračkosušička tak spotřebuje ve fázi";"sušení kolem 40";"litrů vody , která zamíří do odpadu . </s><s> Z hlediska"
"1";"cs: čeština";"NMG: publicistika";"NEW: tradiční publicistika";"X: neuvedeno";"NTW: celostátní tisk";"Ondrových si drží marži na jeden prodaný litr benzinu a";"nafty kolem 70";"haléřů . </s><s> Její zisk je tak proti hlavním sítím na"
"1";"cs: čeština";"NMG: publicistika";"NEW: tradiční publicistika";"X: neuvedeno";"NTW: celostátní tisk";"týmu Margot Brouwerové z Leidenské observatoře v Nizozemsku analyzoval rozložení";"gravitace kolem 33";"tisíc galaxií a došel k závěru , že výsledky skutečně"
"1";"cs: čeština";"NMG: publicistika";"NEW: tradiční publicistika";"X: neuvedeno";"NTW: celostátní tisk";"projektech , kde převažují menší byty , byl podíl single";"klientely kolem 45";"procent , zjistila společnost na základě průzkumu mezi svými zákazníky"
"1";"cs: čeština";"NMG: publicistika";"NEW: tradiční publicistika";"X: neuvedeno";"NTW: celostátní tisk";"od roku méně , ale Trump mezi nimi dosahuje rekordní";"popularity kolem 90";"procent , což je srovnatelné s tím , co měl"
"1";"cs: čeština";"NMG: publicistika";"NEW: tradiční publicistika";"X: neuvedeno";"NTW: celostátní tisk";"výskyt kubánskomexické komáří DNA odhadují podíl hybridů na celkové populaci";"komárů kolem Jacobiny";"na pět až 30 procent . </s><s> Při mírnějších kritériích je"
"1";"cs: čeština";"NMG: publicistika";"NEW: tradiční publicistika";"X: neuvedeno";"NTW: celostátní tisk";"zvětšila . </s><s> Mezi roky 1991 až 1992 měli muži šanci";"dožití kolem 68";"let . </s><s> Naděje dožití u žen se pohybovala okolo 76"
"1";"cs: čeština";"NMG: publicistika";"NEW: tradiční publicistika";"X: neuvedeno";"NTW: celostátní tisk";"firmě , ženě a dětem , Tomáš se vrhnul do";"práce kolem Mydy";"Rabycad , s níž vydal poměrně krátce po sobě tři"
"1";"cs: čeština";"NMG: publicistika";"NEW: tradiční publicistika";"X: neuvedeno";"NTW: celostátní tisk";"méně často jako Eau Fraiche . </s><s> Se svou koncentrací vonných";"látek kolem 1";"až 2 procent slouží jen na osvěžení nebo ovonění . </s>"
"1";"cs: čeština";"NMG: publicistika";"NEW: tradiční publicistika";"X: neuvedeno";"REG: regionální tisk";"po dešti vracela . </s><s> NA MILOVICKÝ Votvírák dorazilo podle policejních";"údajů kolem 50";"tisíc lidí , některá čísla mluví ještě o vyšším počtu"
"1";"cs: čeština";"NMG: publicistika";"NEW: tradiční publicistika";"X: neuvedeno";"REG: regionální tisk";"Martina . </s><s> Přijede ke kostelu na bílém koni po ukončení";"mše kolem 11";". 15 hodin . </s><s> Lidé si opět připomenou známý výjev"
"1";"cs: čeština";"NMG: publicistika";"NEW: tradiční publicistika";"X: neuvedeno";"REG: regionální tisk";"<s> K požáru osobního automobilu Audi došlo v pátek 20 .";"května kolem 17";". hodiny v obci Církvice . </s><s> Oheň zachvátil celý vůz"
"1";"cs: čeština";"NMG: publicistika";"NEW: tradiční publicistika";"X: neuvedeno";"REG: regionální tisk";"severu , přinesl z lesa desítky kilogramů hub , z";"toho kolem 70";"kilo nasušil a přiznává : „ Už mi to houbaření"
"1";"cs: čeština";"NMG: publicistika";"NEW: tradiční publicistika";"X: neuvedeno";"REG: regionální tisk";"bohatším programem této akce se v posledních letech pohybuje počet";"návštěvníků kolem 10";"tisíc , “ doplnila Slováková . </s><s> I když se podobné"
"1";"cs: čeština";"NMG: publicistika";"NEW: tradiční publicistika";"X: neuvedeno";"REG: regionální tisk";"Západní ulici v Karlových Varech došlo v pondělí 21 . </s><s>";"ledna kolem 17";". hodiny . </s><s> Neznámý pachatel přišel maskovaný do prodejny a"
"1";"cs: čeština";"NMG: publicistika";"LEI: volnočasová publicistika";"X: neuvedeno";"HOU: bydlení, zahrada, hobby";"či v ložnici , kde stačí použít žárovku s úhlem";"vyzařování kolem 60";"– 80 ° ) . </s><s> Ještě úspornější budou svítidla nástěnná"
"1";"cs: čeština";"NMG: publicistika";"LEI: volnočasová publicistika";"X: neuvedeno";"HOU: bydlení, zahrada, hobby";"Šácholan hvězdovitý ( Magnolia stellata ) Roste pomalu a dosahuje";"výšky kolem 3";"metrů . </s><s> Kvete před vyrašením listů . </s><s> Netrpí chorobami ani"
"1";"cs: čeština";"NMG: publicistika";"LEI: volnočasová publicistika";"X: neuvedeno";"HOU: bydlení, zahrada, hobby";"neobsahují . </s><s> Jak se správně stravovat Všeobecně se doporučuje konzumace";"sacharidů kolem 60";"procent z celkového denního energetického příjmu . </s><s> Zbytek přijaté energie"
"1";"cs: čeština";"NMG: publicistika";"LEI: volnočasová publicistika";"X: neuvedeno";"HOU: bydlení, zahrada, hobby";"nechat vůli 15 cm pod horní částí bubnu . </s><s> Kapacita";"bubnu kolem 4";"kg vyhovuje dvoučlenné domácnosti , 6 kg a více uspokojí"
"1";"cs: čeština";"NMG: publicistika";"LEI: volnočasová publicistika";"X: neuvedeno";"HOU: bydlení, zahrada, hobby";". </s><s> Zbytek , tedy sušinu , tvoří asi 25 procent";"bílkovin , kolem 10";"procent minerálů ( mezi nimi železo , selen , draslík"
"1";"cs: čeština";"NMG: publicistika";"LEI: volnočasová publicistika";"X: neuvedeno";"HOU: bydlení, zahrada, hobby";"nebo záměrně přiznaný napájecí kabel . </s><s> Doporučuje se teplá barva";"světla , kolem 2700";"K . </s><s> STOJACÍ LAMPY </s><s> Jsou tichým společníkem při čtení a"
"1";"cs: čeština";"NMG: publicistika";"LEI: volnočasová publicistika";"X: neuvedeno";"HOU: bydlení, zahrada, hobby";"typická velkokvětá růže , zdravá a odolná rostlina dorůstající do";"výšky kolem 80";"cm . </s><s> Barva květů je světle krémově žlutá , jemně"
"1";"cs: čeština";"NMG: publicistika";"LEI: volnočasová publicistika";"X: neuvedeno";"LIF: životní styl";"a pak potřeme povrch rebarbory . </s><s> Necháme ztuhnout . </s><s> Doba";"přípravy kolem 70";"minut . 1 kousek asi 1320 kJ / 315 kcal"
"1";"cs: čeština";"NMG: publicistika";"LEI: volnočasová publicistika";"X: neuvedeno";"LIF: životní styl";"vychladnout na kovovou mřížku . </s><s> Lívanečky pečené s meruňkami Doba";"přípravy kolem 50";"minut . 1 kousek asi 986 kJ / 236 kcal"
"1";"cs: čeština";"NMG: publicistika";"LEI: volnočasová publicistika";"X: neuvedeno";"LIF: životní styl";"a sýrem . </s><s> Salát s hlívou a opečenou polentou </s><s> Doba";"přípravy kolem 40";"minut . 1 porce asi 2568 kJ / 611 kcal"
"1";"cs: čeština";"NMG: publicistika";"LEI: volnočasová publicistika";"X: neuvedeno";"LIF: životní styl";"ploše “ a shazovat sněhovou nadílku sami . </s><s> Při vrstvě";"sněhu kolem 30";"cm se totiž na střeše s rozlohou 100 m2 může"
"1";"cs: čeština";"NMG: publicistika";"LEI: volnočasová publicistika";"X: neuvedeno";"LIF: životní styl";", což v době , kdy mnoho žen odcházelo do";"důchodu kolem 55";", vlastně nebyl takový problém . </s><s> Zato teď to problém"
"1";"cs: čeština";"NMG: publicistika";"LEI: volnočasová publicistika";"X: neuvedeno";"LIF: životní styl";"solí a pepřem . </s><s> Podáváme s houbovými knedlíčky . </s><s> Doba";"přípravy kolem 60";"minut . </s><s> 1 porce asi 2774 kJ / 663 kcal"
"1";"cs: čeština";"NMG: publicistika";"LEI: volnočasová publicistika";"X: neuvedeno";"LIF: životní styl";"ve formičkách , opatrně je vyklopíme a podáváme . </s><s> Doba";"přípravy kolem 40";"minut . </s><s> 1 porce asi 2839 kJ / 676 kcal"
"1";"cs: čeština";"NMG: publicistika";"LEI: volnočasová publicistika";"X: neuvedeno";"LIF: životní styl";"těchto center i na léky . </s><s> I když je podobných";"center kolem 40";", jejich kapacita dlouhodobě nestačí všem zájemcům . </s><s> Pokud máte"
"1";"cs: čeština";"NMG: publicistika";"LEI: volnočasová publicistika";"X: neuvedeno";"LIF: životní styl";"pod rozpálený gril . </s><s> Poté ho ihned podáváme . </s><s> Doba";"přípravy kolem 40";"minut ( bez chlazení ) . 1 porce asi 885"
"1";"cs: čeština";"NMG: publicistika";"LEI: volnočasová publicistika";"X: neuvedeno";"LIF: životní styl";"na 180 ° C přibližně 25 minut dozlatova . </s><s> Doba";"přípravy kolem 60";"minut . 1 kousek asi 3144 kJ / 748 kcal"
"1";"cs: čeština";"NMG: publicistika";"LEI: volnočasová publicistika";"X: neuvedeno";"LIF: životní styl";"jemným mramorováním bílou čokoládou a přidáme čerstvé borůvky . </s><s> Doba";"přípravy kolem 90";"minut , 1 věneček asi 1519 kJ / 363 kcal </s>"
"1";"cs: čeština";"NMG: publicistika";"LEI: volnočasová publicistika";"X: neuvedeno";"SCT: společenský život";"podle odhadu má na výšku kolem 25 centimetrů a průměr";"hlavy kolem 40";"centimetrů , “ pochlubil se Radek Hora . </s><s> Dorazí babí"
"1";"cs: čeština";"NMG: publicistika";"LEI: volnočasová publicistika";"X: neuvedeno";"SCT: společenský život";"milionů Mayů . </s><s> Na svém vrcholu dosahovala mayská města hustoty";"osídlení kolem 800";"obyvatel na kilometr čtvereční , což je přibližně hustota osídlení"
"1";"cs: čeština";"NMG: publicistika";"LEI: volnočasová publicistika";"X: neuvedeno";"SPO: sport";"daleka , bydlí přímo v akademii . </s><s> Vejde se do";"ní kolem 240";"lidí . </s><s> Přespávat uvnitř komplexu se však smí až od"
"1";"cs: čeština";"NMG: publicistika";"LEI: volnočasová publicistika";"X: neuvedeno";"INT: zajímavosti ze světa";"<s> Ta místo balonu využívá letadlo , které ji vynese do";"výšky kolem 12";"km . </s><s> Následně se raketa odpojí a odstartuje do vesmíru"
"1";"cs: čeština";"NMG: publicistika";"LEI: volnočasová publicistika";"X: neuvedeno";"INT: zajímavosti ze světa";"dosáhl rychlosti 12 000 km / h a vystoupal do";"výšky kolem 100";"km . </s><s> Tam se od něj odpojí malá raketa a"
"1";"cs: čeština";"NMG: publicistika";"LEI: volnočasová publicistika";"X: neuvedeno";"INT: zajímavosti ze světa";"z jedné nádrže do druhé . </s><s> Tady se stovky kajmanů";"měřících kolem 50";"centimetrů vrhají do jedné z nádrží . </s><s> Jsou zabíjeni dříve"
"1";"cs: čeština";"NMG: publicistika";"LEI: volnočasová publicistika";"X: neuvedeno";"INT: zajímavosti ze světa";"prý to byla dobrá volba . </s><s> To už se z";"oblasti kolem Holambry";"stávala květinářská velmoc . </s><s> V 60 . letech to zkusilo"
"1";"cs: čeština";"NMG: publicistika";"LEI: volnočasová publicistika";"X: neuvedeno";"INT: zajímavosti ze světa";"Lu-ku na hranici provincií Jün-nan a S’-čchuan na jihozápadě Číny";"POPULACE : kolem 53";"tisíc NÁBOŽENSTVÍ : 90 % tibetští tantričtí buddhisté , 5"
"1";"cs: čeština";"NMG: publicistika";"LEI: volnočasová publicistika";"X: neuvedeno";"INT: zajímavosti ze světa";"4000 kilometrů , což je zhruba polovina z přibližné délky";"stezky kolem 7000";"až 8000 kilometrů . </s><s> Nevedla totiž rovně jako dálnice ,"
"1";"cs: čeština";"NMG: publicistika";"LEI: volnočasová publicistika";"X: neuvedeno";"INT: zajímavosti ze světa";"<s> PRŮLOMY </s><s> „ Kyj z Temže “ – dřevěná palice z";"doby kolem 3500";"před n . l . vykopaná v Londýně ( dole"
"1";"cs: čeština";"NMG: publicistika";"LEI: volnočasová publicistika";"X: neuvedeno";"INT: zajímavosti ze světa";"nebo vegetace </s><s> JBýložravý Torosaurus mohl dosahovat délky 9 metrů a";"hmotnosti kolem 8";"tun . </s><s> Pro tyranosaura byl více než důstojným soupeřem </s><s> KINGDOMINO </s>"
"1";"cs: čeština";"NMG: publicistika";"LEI: volnočasová publicistika";"X: neuvedeno";"INT: zajímavosti ze světa";"chytání míčků je zachyceno na malbách v egyptských hrobkách z";"období kolem 2000";"let př . n . l . </s><s> Dobré pro mozek </s>"
"1";"cs: čeština";"NMG: publicistika";"LEI: volnočasová publicistika";"X: neuvedeno";"INT: zajímavosti ze světa";"na Zemi velemlok čínský , dosahující délky 1,8 m a";"hmotnosti kolem 60";"kg . </s><s> Mezi žábami pak dominuje africký veleskokan goliáší ,"
"1";"cs: čeština";"NMG: publicistika";"LEI: volnočasová publicistika";"X: neuvedeno";"MIX: společnost";"Alm díky jeho 80 m vysoké věži opravdu nepřehlédnete </s><s> Z";"pastvin kolem Kechtalmu";"mává šéfredaktorka Iva Vondrová </s><s> V soutěsce Vorderkaserklamm rostou orchideje </s><s> Při"
"1";"cs: čeština";"NMG: publicistika";"LEI: volnočasová publicistika";"X: neuvedeno";"MIX: společnost";"velkými obtížemi . </s><s> Nejstarší Thaao </s><s> Kondoři žijí až do nadmořské";"výšky kolem 5000";"metrů , tedy v místech , kde neaklimatizovaný člověk obvykle"
"3";"en: angličtina";"FIC: beletrie";"NOV: próza";"X: neuvedeno";"X: neuvedeno";"to prostě nebylo možné . </s><s> Harry se bedlivě zaposlouchal do";"ticha kolem .";"</s><s> Vážně napůl očekával , že uslyší zaskřípat schody nebo zašustit"
"3";"en: angličtina";"FIC: beletrie";"NOV: próza";"X: neuvedeno";"X: neuvedeno";"zaburácela další rána , silnější než všechny předchozí . </s><s> Několik";"lidí kolem zaječelo";". </s><s> Malfoy se tiše uchechtl . </s><s> "" Polekají se dost"
"3";"en: angličtina";"FIC: beletrie";"NOV: próza";"X: neuvedeno";"X: neuvedeno";"oparu z vedra , takže ohrada s draky i stovky";"tváří kolem jako";"by se vznášely ve vzduchu ... </s><s> A pak uslyšel ,"
"3";"cs: čeština";"FIC: beletrie";"NOV: próza";"X: neuvedeno";"X: neuvedeno";"povahy , nepotřebovaly společnost , snad jako by se bály";"lidí kolem .";"</s><s> To ovšem neznamenalo , že by byly citově nějak vyhořelé"
"3";"fr: francouzština";"FIC: beletrie";"NOV: próza";"X: neuvedeno";"X: neuvedeno";"svého kapitána , postavil se do pozoru . </s><s> „ Nic";"podezřelého kolem ?";"“ zeptal se markýz . </s><s> „ Neviděl jsem nikoho ,"
"3";"en: angličtina";"FIC: beletrie";"NOV: próza";"X: neuvedeno";"X: neuvedeno";". </s><s> Je až s podivem , že uprostřed všeho toho";"hluku kolem dokáže";"vůbec někdo spát . </s><s> Nikdo se však neprobouzí . </s><s> Legionář"
"3";"en: angličtina";"FIC: beletrie";"NOV: próza";"X: neuvedeno";"X: neuvedeno";"si do Goliáše s gustem a pořádně kopl . </s><s> Několik";"mužů kolem se";"okamžitě vrhlo k zemi , ale náš klaun se nedal"
"3";"en: angličtina";"FIC: beletrie";"NOV: próza";"X: neuvedeno";"X: neuvedeno";"nevynese přinejmenším jednu či dvě mrtvoly . </s><s> Patrola prošla bez";"povšimnutí kolem a";"Porta láskyplně pohladil prase po hlavě . </s><s> „ O tom"
"3";"en: angličtina";"FIC: beletrie";"NOV: próza";"X: neuvedeno";"X: neuvedeno";"našli chutné sousto . </s><s> Ani neustávající proud lidí procházejících a";"projíždějících kolem je";"neodstrašil . </s><s> Vždycky rozmrzele zamávali křídly , ale pokračovali v"
"3";"ru: ruština";"FIC: beletrie";"NOV: próza";"X: neuvedeno";"X: neuvedeno";"matně zářící město . </s><s> Podél břehu se zatřpytila hedvábná stužka";"vlnek ; kolem potichu";"proplul černý člun a černý fez . </s><s> Východ nyní začal"
"3";"en: angličtina";"FIC: beletrie";"NOV: próza";"X: neuvedeno";"X: neuvedeno";"mdlý svit maličkých světlic a ozářila všechna plavidla na půl";"míle kolem ,";"jako by panoval bílý den . </s><s> Triumf tohoto výbuchu však"
"3";"en: angličtina";"FIC: beletrie";"NOV: próza";"X: neuvedeno";"X: neuvedeno";"<s> „ On nemá … “ </s><s> „ Měl bys poslechnout rady";"všech kolem a";"zavřít pusu , Pennethorne , “ podotkl Moreland . </s><s> „"
"3";"cs: čeština";"FIC: beletrie";"NOV: próza";"X: neuvedeno";"X: neuvedeno";"pusté ulice vyvolával úzkost , že z té zapšklosti a";"plytkosti kolem není";"úniku . </s><s> Na ubytovně stál před dveřmi pokoje kufr a"
"3";"cs: čeština";"FIC: beletrie";"NOV: próza";"X: neuvedeno";"X: neuvedeno";"<s> Ráda poslechla . </s><s> Celodenní šrumec , rámus a pohyb tolika";"lidí kolem .";"</s><s> Krájení nekonečné haldy brambor a okurek . </s><s> Oči zrudlé koupelí"
"3";"cs: čeština";"FIC: beletrie";"NOV: próza";"X: neuvedeno";"X: neuvedeno";"Kristýna cítila elektrické výboje proudící k tělu od Mikuláše ,";"proplouvajícího kolem .";"</s><s> Jsem jako žralok ! </s><s> Tomu přece taky receptory signalizují blízkou"
"3";"en: angličtina";"FIC: beletrie";"NOV: próza";"X: neuvedeno";"X: neuvedeno";", jako by chtěl zdůraznit svou důležitost a odlišnost od";"herců kolem .";"</s><s> „ Někteří z nás musejí jít pracovat . “ </s><s> Zapíchnutí"
"3";"nl: nizozemština";"FIC: beletrie";"NOV: próza";"X: neuvedeno";"X: neuvedeno";"za zábavou . </s><s> Všude byly plné restaurace , kavárny a";"divadla , kolem kvetlo";"město – ale oni teď sedí tady , na metafyzickém"
"3";"en: angličtina";"FIC: beletrie";"NOV: próza";"X: neuvedeno";"X: neuvedeno";"vnímáním se všechno slilo do nejasného hukotu a obličeje a";"barvy kolem tvořily";"jakési vybledlé pozadí oddělené od mé existence . </s><s> Jediné ,"
"3";"en: angličtina";"FIC: beletrie";"NOV: próza";"X: neuvedeno";"X: neuvedeno";"mozek měl prázdný , vnímal další výbuchy , slyšel výkřiky";"lidí kolem .";"</s><s> Zvedl se , nic neviděl , netušil , co se"
"3";"en: angličtina";"FIC: beletrie";"NOV: próza";"X: neuvedeno";"X: neuvedeno";"smích . </s><s> Sešli po schodech a připojili se k davu";"lidí kolem světle";"zeleného bazénu se slanou vodou , muži ve stejném počtu"
"3";"cs: čeština";"FIC: beletrie";"NOV: próza";"X: neuvedeno";"X: neuvedeno";"druhovi rychle něco přikázal . </s><s> Muž odklusal . </s><s> Stáli plni";"úzkosti kolem Iunina";"nehybného těla , nevědouce , co dělat , dokud nepřišel"
"3";"en: angličtina";"FIC: beletrie";"NOV: próza";"X: neuvedeno";"X: neuvedeno";"dveří . </s><s> „ Tři … “ </s><s> Mysl měl otupělou ze";"tmy kolem a";"přepadl ho strach , že spadne . </s><s> Znovu zatlačil ,"
"3";"en: angličtina";"FIC: beletrie";"NOV: próza";"X: neuvedeno";"X: neuvedeno";"navíc se k nim přidali ještě ruští zajatci . </s><s> Do";"kaváren kolem Ringstrasse";"přicházejí kurýři s rozkazy pro důstojníky , aby se hlásili"
"3";"zh: čínština";"FIC: beletrie";"NOV: próza";"X: neuvedeno";"X: neuvedeno";"pohybů je znát , že má praxi . </s><s> Na zdech";"pokoje kolem dokola";"žádná fotografie ani obrázek , natožpak kytky nebo zvířátka ,"
"3";"en: angličtina";"FIC: beletrie";"NOV: próza";"X: neuvedeno";"X: neuvedeno";", shluk nízkých nenápadných budov přilepených k žulové skále a";"obehnaných kolem dokola";"červeným plotem s ostnatým drátem . </s><s> Okna tam byla menší"
"3";"cs: čeština";"FIC: beletrie";"NOV: próza";"X: neuvedeno";"X: neuvedeno";"pár zkoušel v osobním autě , ale z těch zvědavých";"očí kolem penisy";"uvadaly a vagíny vysychaly . </s><s> Mezi vojáky v „ lágru"
"3";"en: angličtina";"FIC: beletrie";"NOV: próza";"X: neuvedeno";"X: neuvedeno";"se Waverly zdálo , že se ten hlas zhmotnil ze";"vzduchu kolem .";"</s><s> Probudila se a ke své úlevě uslyšela hlasité hučení ,"
"3";"cs: čeština";"FIC: beletrie";"NOV: próza";"X: neuvedeno";"X: neuvedeno";"tyhle dvě sestry - a samozřejmě , že i spousta";"lidí kolem ,";"z nichž některý maj básníka rádi a některý míň ,"
"3";"sv: švédština";"FIC: beletrie";"NOV: próza";"X: neuvedeno";"X: neuvedeno";"nějaké zvuky . </s><s> Vytí větru ji neděsilo , ani burácení";"moře kolem dokola";", tomu ještě rozuměla . </s><s> Ale ty ostatní zvuky ? </s>"
"3";"en: angličtina";"FIC: beletrie";"NOV: próza";"X: neuvedeno";"X: neuvedeno";"jak stojí opuštěná na pláži a pozoruje vytáhlé postavy cizích";"lidí kolem ,";"zatímco Duncan se baví se svými kumpány . </s><s> A plameny"
"3";"en: angličtina";"FIC: beletrie";"NOV: próza";"X: neuvedeno";"X: neuvedeno";"chicagskými listy , odkázaný na předměstí , tu měl dost";"místa kolem .";"</s><s> Stačila dvě patra , vytrvale se rozmáhající do všech stran"
"3";"cs: čeština";"FIC: beletrie";"NOV: próza";"X: neuvedeno";"X: neuvedeno";"říct , o co ti jde , bez těch hypoteticko-teoretickejch";"válů kolem ?";"“ </s><s> „ Odpověz . “ </s><s> Sklonila hlavu a zamyslela . </s>"
"3";"ko: korejština";"FIC: beletrie";"NOV: próza";"X: neuvedeno";"X: neuvedeno";"v koutě kuchyňské linky věřil , že je izolovaný od";"světa kolem ,";"ale ve skutečnosti se z něj šířil pach do všech"
"3";"en: angličtina";"FIC: beletrie";"NOV: próza";"X: neuvedeno";"X: neuvedeno";"a zamířila k výtahům . </s><s> Mila její spěch a tolik";"lidí kolem naplnily";"pocitem marnosti . </s><s> Co vlastně čekal , že tu uvidí"
"3";"en: angličtina";"FIC: beletrie";"NOV: próza";"X: neuvedeno";"X: neuvedeno";"<s> Okolnosti nebyly příznivé : poloha vzhledem ke dveřím , spousta";"lidí kolem ,";"čas potřebný na doběhnutí k autu , a za předpokladu"
"3";"en: angličtina";"FIC: beletrie";"NOV: próza";"X: neuvedeno";"X: neuvedeno";"dovnitř do hlavy ? </s><s> Až pak si všimnu té spousty";"lidí kolem .";"</s><s> Do tunelu přišlo asi deset trosečníků . </s><s> Stojí pospolu v"
"3";"en: angličtina";"FIC: beletrie";"NOV: próza";"X: neuvedeno";"X: neuvedeno";"s takovou zdvořilou naléhavostí , která jako by do drsné";"divočiny kolem vůbec";"nepatřila . </s><s> - - - </s><s> Zkontroluju pohledem jasně modrou oblohu"
"3";"en: angličtina";"FIC: beletrie";"NOV: próza";"X: neuvedeno";"X: neuvedeno";"palebnou pozici . </s><s> Moje jednotka se automaticky seřadí do obranného";"postavení kolem a";"kryje se za jeho obrněnýma nohama . </s><s> Nikdo nestojí o"
"3";"en: angličtina";"FIC: beletrie";"NOV: próza";"X: neuvedeno";"X: neuvedeno";", abych se na chvíli posadil , vystoupil z toho";"hluku kolem ;";"kdy přestanu cítit lehký pocit viny z toho , s"
"3";"cs: čeština";"FIC: beletrie";"NOV: próza";"X: neuvedeno";"X: neuvedeno";"z konce devatenáctého století – já měl strach i z";"lidí kolem ,";"z mých nových spolupracovníků , kteří byli mnohem víc podobní"
"3";"en: angličtina";"FIC: beletrie";"NOV: próza";"X: neuvedeno";"X: neuvedeno";"se dostavil onen pocit čisté rovnováhy a připraveného , čekajícího";"světa kolem .";"</s><s> Okem jsem zachytil Trojana , a když jsem hodil ,"
"3";"de: němčina";"FIC: beletrie";"NOV: próza";"X: neuvedeno";"X: neuvedeno";"pilíři . </s><s> „ Kde jsme ? “ zeptal se sestry";"spěchající kolem .";"</s><s> „ Právě přejíždíme Rýn . “ </s><s> Rýn , takže je"
"3";"de: němčina";"FIC: beletrie";"NOV: próza";"X: neuvedeno";"X: neuvedeno";"vagonu francouzského osobního , nyní lazaretního vlaku . </s><s> Z krajiny";"ubíhající kolem neviděl";"nic . </s><s> Zdálo se mu , že několikrát změnili směr"
"3";"de: němčina";"FIC: beletrie";"NOV: próza";"X: neuvedeno";"X: neuvedeno";"jen občas zavrzala podlahová prkna , když některý z vojáků";"stojících kolem přešlápl";"z nohy na nohu . </s><s> Zdálo se , že to"
"3";"de: němčina";"FIC: beletrie";"NOV: próza";"X: neuvedeno";"X: neuvedeno";"že s darebáky mohou udělat krátký proces bez toho otravného";"tlachání kolem a";"bez věčných námitek obhájců . </s><s> Na chodbách a v kantýně"
"3";"en: angličtina";"FIC: beletrie";"NOV: próza";"X: neuvedeno";"X: neuvedeno";"osaměle vůbec nepřipadala , když tu měla zvířata a ze";"všeho kolem dýchala";"Gusova přítomnost . </s><s> Bylo to zlou předtuchou . </s><s> Čekala ,"
"3";"cs: čeština";"FIC: beletrie";"NOV: próza";"X: neuvedeno";"X: neuvedeno";"jsem si na bitevním poli . </s><s> Byla plná suché loňské";"trávy , kolem už";"prorážel svěží duben . </s><s> Poprvé vidím živé hvězdy vleže ,"
"3";"da: dánština";"FIC: beletrie";"NOV: próza";"X: neuvedeno";"X: neuvedeno";", vykřikoval to za jízdy z plna hrdla do vzduchu";"proudícího kolem .";"</s><s> Henrik Krag svůj první úkol od Idy obdržel přes mobil"
"3";"en: angličtina";"FIC: beletrie";"NOV: próza";"X: neuvedeno";"X: neuvedeno";"chvíli uvidím , jak se ze tmy vynořuje pětice ďábelských";"očí ; kolem však";"panovalo naprosté ticho . </s><s> Pokaždé když jsem namířil lucernu do"
"3";"cs: čeština";"FIC: beletrie";"NOV: próza";"X: neuvedeno";"X: neuvedeno";"se ztratilo v zatáčce . </s><s> Rozhlédl se a sledoval okna";"domů kolem ,";"parčík s čerstvě vysázeným živým plotem , dřevěnými lavičkami před"
"3";"nl: nizozemština";"FIC: beletrie";"NOV: próza";"X: neuvedeno";"X: neuvedeno";"nohy byly zvyklé na linoleum , lekala se všech těch";"zrcadel kolem ,";"na zádech jejího pláště se rýsovalo sedlo bicyklu , lemy"
"3";"en: angličtina";"FIC: beletrie";"NOV: próza";"X: neuvedeno";"X: neuvedeno";"přeleze na bříško prstu a začne se procházet po čárách";"otisku , kolem dokola";", cik cak a ve smyčkách . </s><s> Má chuť rozbít"
"3";"ru: ruština";"FIC: beletrie";"NOV: próza";"X: neuvedeno";"X: neuvedeno";"malému obrazu , na němž byla namalována Sláva z ptačí";"perspektivy , kolem se";"ale nerozkládaly džungle a rýžová pole , nýbrž mrtvý měsíční"
"3";"cs: čeština";"FIC: beletrie";"NOV: próza";"X: neuvedeno";"X: neuvedeno";"aby se zahřál . </s><s> Paneláky se pomalu nořily do večerního";"světla , kolem se";"procházelo jen několik lidí se psy a nevšímali si ho"
"3";"en: angličtina";"FIC: beletrie";"NOV: próza";"X: neuvedeno";"X: neuvedeno";". </s><s> Navíc neumírali sami , protože jejich hrdinství zničilo spousty";"lidí kolem .";"</s><s> A proto to bylo složitější – i v případě ,"
"3";"en: angličtina";"FIC: beletrie";"NOV: próza";"X: neuvedeno";"X: neuvedeno";"se má víc bát zuřící živelné pohromy , nebo reakce";"lidí kolem .";"</s><s> Danna Olsenová měla pěkně upravený účes a hladkou pleť ,"
"3";"cs: čeština";"FIC: beletrie";"NOV: próza";"X: neuvedeno";"X: neuvedeno";"a soupeří v soutěži krásy s hustými korunami stromů Central";"parku kolem ,";"které jako vlny zelené vody dorážejí na nejbližší budovy ,"
"3";"cs: čeština";"FIC: beletrie";"NOV: próza";"X: neuvedeno";"X: neuvedeno";", která má nejmíň o čtyřicet pater víc než většina";"budov kolem .";"</s><s> Když k ní konečně dorazí , nemůže najít ten správný"
"3";"cs: čeština";"FIC: beletrie";"NOV: próza";"X: neuvedeno";"X: neuvedeno";", a radši otvírá oči a sleduje snahy o duchovno";"lidí kolem .";"</s><s> Zvoneček , poklona , tu už mnoho lidí nestihlo ,"
"3";"en: angličtina";"FIC: beletrie";"NOV: próza";"X: neuvedeno";"X: neuvedeno";", rázem strnula . </s><s> Vykrystalizovala do stovek tváří , rovnoměrně";"rozložených kolem ,";"každá trochu jiná . </s><s> Ostře z nich vystupoval každý knír"
"3";"en: angličtina";"FIC: beletrie";"NOV: próza";"X: neuvedeno";"X: neuvedeno";"do obličeje , zatímco hleděla do stolu , do talířů";"lidí kolem ,";"do výklenků s okny , kamkoli , kde jsem nebyl"
"3";"en: angličtina";"FIC: beletrie";"NOV: próza";"X: neuvedeno";"X: neuvedeno";", ta Portia . “ </s><s> „ Na jednu hru se";"toho kolem stalo";"až moc . </s><s> A teď ještě Hattie . </s><s> Člověk si"
"3";"cs: čeština";"FIC: beletrie";"NOV: próza";"X: neuvedeno";"X: neuvedeno";"jí přece jen dodávalo jistotu . </s><s> Pomalu se spouštěli do";"šera , kolem byly";"tmavé , skoro černé skály a tmavé stromy , a"
"3";"en: angličtina";"FIC: beletrie";"NOV: próza";"X: neuvedeno";"X: neuvedeno";"scenerii před sebou – na vlastní dům a prosté rysy";"krajiny kolem ,";"na holé zdi , na prázdná , očím podobná okna"
"3";"en: angličtina";"FIC: beletrie";"NOV: próza";"X: neuvedeno";"X: neuvedeno";"slyšet přímo před domem a zdá se , že do";"světa kolem se";"znovu vrací život . </s><s> V oknech sousedních domů se rozsvěcí"
"3";"en: angličtina";"FIC: beletrie";"NOV: próza";"X: neuvedeno";"X: neuvedeno";"ho na temeni hlavy uváže na uzel . </s><s> Z davu";"dětí kolem se";"ozvou polekané vzdechy . </s><s> Někdo z nich , i když"
"3";"sv: švédština";"FIC: beletrie";"COL: kratší próza";"X: neuvedeno";"X: neuvedeno";"a vytáhl šálu až k uším . </s><s> Kromě občasného zafunění";"kobylky kolem vládlo";"ticho , jaké lze zažít jen v zimním lese ,"
"3";"pl: polština";"FIC: beletrie";"COL: kratší próza";"X: neuvedeno";"X: neuvedeno";"o amnestii – pro sebe i ostatní , neustále jí";"z kolem stékaly";"potoky papíru . </s><s> Ženy ji úpěnlivě prosily o pomoc ,"
"3";"es: španělština";"FIC: beletrie";"COL: kratší próza";"X: neuvedeno";"X: neuvedeno";"aby si spolu popovídaly , naprosto netečné k rachotu letadla";"prolétajícího kolem ,";"tolik bílých kudrlinek , objemných a plných , tak družných"
"3";"en: angličtina";"FIC: beletrie";"COL: kratší próza";"X: neuvedeno";"X: neuvedeno";"nějaký čas . </s><s> První démon přilákal další a brzy se";"jich kolem potuloval";"celý tucet a střídavě zkoušeli síť . </s><s> Jen Stvořitel ví"
"3";"cs: čeština";"FIC: beletrie";"COL: kratší próza";"X: neuvedeno";"X: neuvedeno";"při našem milování utrhla v trávě nějakou podělanou kytku ,";"kterých kolem bylo";"milion , a počítá její pestíky nebo co . </s><s> Ani"
"3";"sr: srbština";"FIC: beletrie";"COL: kratší próza";"X: neuvedeno";"X: neuvedeno";"! “ </s><s> Když vešel do vesnice , překvapila ho nálada";"lidí kolem .";"</s><s> Jako obyčejný intendant věděl o poměrech na frontě málo . </s>"
"3";"cs: čeština";"FIC: beletrie";"COL: kratší próza";"X: neuvedeno";"X: neuvedeno";"v Alpách sviští 300 km za hodinu a ty hromady";"prachu kolem ,";"tak to tady není , protože tady ty dráhy jsou"
"3";"cs: čeština";"FIC: beletrie";"COL: kratší próza";"X: neuvedeno";"X: neuvedeno";"prázdnotou , jen chirurgické nářadí se povalovalo bez ladu a";"skladu kolem .";"</s><s> „ Vždyť vám říkám , že mě někdo praštil ,"
"3";"cs: čeština";"FIC: beletrie";"COL: kratší próza";"X: neuvedeno";"X: neuvedeno";"ním bylo čtyři sta metrů volného prostoru , ze šesti";"stran kolem stály";"nekonečné řady kabinek , každá věznící ve svých útrobách jednoho"
"3";"ro: rumunština";"FIC: beletrie";"VER: poezie";"X: neuvedeno";"X: neuvedeno";"poezii falešného a jak se dostat do mozkových závitů lidí";"spících kolem a";"vyprávěl mi , jak jednou něco četl vojákům ( byl"
"3";"cs: čeština";"FIC: beletrie";"VER: poezie";"X: neuvedeno";"X: neuvedeno";"<s> A přesto to mělo nějaký hluboký smysl . </s><s> Seskočit ze";"stromu – kolem to";"tíživé bytí , které nikomu nepatří a křiknout do parku"
"3";"cs: čeština";"FIC: beletrie";"VER: poezie";"X: neuvedeno";"X: neuvedeno";"mez a cesta byla suchá , </s><s> osení čnělo z vlažné";"hlíny , kolem zbělely";"květem drobné sněti stromků , a modř se rozlévala strání"
"3";"cs: čeština";"FIC: beletrie";"VER: poezie";"X: neuvedeno";"X: neuvedeno";"<s> který neznám </s><s> Zápisky smetí </s><s> Mezi odpadky </s><s> tolik skutečnosti </s><s> jiná verze";"vztahů kolem";"</s><s> je uvnitř </s><s> Tohle není moje tělo </s><s> jsem jen závislost </s><s> neodpovídající"
"3";"cs: čeština";"NFC: oborová literatura";"SCI: odborná literatura";"HUM: humanitní vědy";"ANT: antropologie, etnografie";"přišel , byl to jen hubený venkovský kluk vyplašený z";"města kolem ,";"kterého bylo člověku líto . </s><s> ( Postava jako vystřižená z"
"3";"cs: čeština";"NFC: oborová literatura";"SCI: odborná literatura";"HUM: humanitní vědy";"ANT: antropologie, etnografie";"novinář Mark Danner . 232 </s><s> Naši intelektuálové nemají strach ze";"světa kolem a";"nesedí „ doma za pecí “ : Karadžić byl rok"
"3";"en: angličtina";"NFC: oborová literatura";"POP: populárně naučná literatura";"HUM: humanitní vědy";"HIS: historie, biografie";"méně šetrný pokus o jeho odvodnění . </s><s> Do okrajového valu";"lemujícího kolem dokola";"celé jezero byl vykopán příkop , kterým mohla odtékat voda"
"3";"en: angličtina";"NFC: oborová literatura";"POP: populárně naučná literatura";"HUM: humanitní vědy";"HIS: historie, biografie";", navzdory špatné viditelnosti , proměnlivému počasí a hejnům žraloků";"kroužících kolem .";"</s><s> K uskladnění zachráněného nákladu byla na pobřeží postavena malá pevnůstka"
"3";"cs: čeština";"NFC: oborová literatura";"SCI: odborná literatura";"HUM: humanitní vědy";"LAN: filologie";"opuštěné Vilémovy družiny . </s><s> 767 / 769 – kol a";"kol / kolem .";"</s><s> První výraz je opakováním uvnitř verše , s prvkem gradace"
"3";"cs: čeština";"NFC: oborová literatura";"POP: populárně naučná literatura";"HUM: humanitní vědy";"ART: umění, architektura";"centra , jejichž absolutní pěší svět existuje na úkor ohromných";"parkovišť kolem ,";"v lepším případě pod budovou nebo na střeše centra . </s>"
"3";"cs: čeština";"NFC: oborová literatura";"PRO: profesní literatura";"SSC: sociální vědy";"ECO: ekonomie, obchod, logistika";"měst . </s><s> V centru Paříže je klid , ve věnci";"sídlišť kolem je";"to přesně obráceně , každé druhé místo je tam nějaká"
"3";"en: angličtina";"NFC: oborová literatura";"POP: populárně naučná literatura";"SSC: sociální vědy";"ECO: ekonomie, obchod, logistika";"není jen proběhnout cílovou páskou , ale inspirovat co nejvíce";"lidí kolem ,";"aby se přidali k vám . </s><s> V knihkupectvích existují celá"
"3";"en: angličtina";"NFC: oborová literatura";"POP: populárně naučná literatura";"SSC: sociální vědy";"POL: politika, vojenství";"<s> Zabíjel jsem čas v levné a nepříliš veselé kavárně Státní";"dumy – kolem posedávali";"poslanečtí asistenti , a dokonce i jeden či dva poslanci"
"3";"cs: čeština";"NFC: oborová literatura";"SCI: odborná literatura";"SSC: sociální vědy";"PSY: psychologie";"a znovu se rodíme s novým vnímáním sebe sama a";"světa kolem .";"</s><s> Toto poznání je pojmenováno jako poklad , který si hrdina"
"3";"en: angličtina";"NFC: oborová literatura";"POP: populárně naučná literatura";"NAT: přírodní vědy";"PHY: fyzika";"a planety , přímému pozorování detailů procesu však brání oblak";"prachu kolem ,";"jenž pohlcuje světlo viditelné části spektra . </s><s> Aby si astronomové"
"3";"sv: švédština";"NFC: oborová literatura";"POP: populárně naučná literatura";"NAT: přírodní vědy";"MED: lékařství";"bary , nám </s><s> ě </s><s> stí a zahrady a spousty lidí";"procházejících kolem v";"nep </s><s> ř </s><s> ehledném proudu . </s><s> V letadle do Prahy byla"
"3";"en: angličtina";"NFC: oborová literatura";"MEM: memoáry, autobiografie";"MEM: memoáry, autobiografie";"MEM: memoáry, autobiografie";"Chris Stainton hrál na piáno a tak deset , patnáct";"lidí kolem hrálo";"na lžíce a zpívalo . </s><s> Děsně nás to bavilo . </s>"
"3";"en: angličtina";"NFC: oborová literatura";"MEM: memoáry, autobiografie";"MEM: memoáry, autobiografie";"MEM: memoáry, autobiografie";"v koncích . </s><s> Celý to bylo přízračný , v očích";"lidí kolem jsem";"viděl strach . </s><s> Pattie se pochopitelně strašně naštvala , vzala"
"3";"cs: čeština";"NFC: oborová literatura";"MEM: memoáry, autobiografie";"MEM: memoáry, autobiografie";"MEM: memoáry, autobiografie";"<s> Krajina je zde úplně jiná – jsme ve výšce 600";"metrů , kolem se";"rozkládají kukuřičná pole i plantáže pomerančovníků , střídané zavlažovanými poli"
"3";"pl: polština";"NFC: oborová literatura";"MEM: memoáry, autobiografie";"MEM: memoáry, autobiografie";"MEM: memoáry, autobiografie";"je sama sebou , ale zároveň s sebou vleče souběh";"všeho kolem –";"svoji rodinu , rozhovory v ní , postele , kuchyně"
"3";"en: angličtina";"NFC: oborová literatura";"MEM: memoáry, autobiografie";"MEM: memoáry, autobiografie";"MEM: memoáry, autobiografie";"3 . kanálu . </s><s> Ukazovali záběry hořící budovy a vrtulníků";"kroužících kolem .";"</s><s> Bylo to tak děsivé . </s><s> Mozek mi běžel na plné"
"3";"cs: čeština";"NFC: oborová literatura";"MEM: memoáry, autobiografie";"MEM: memoáry, autobiografie";"MEM: memoáry, autobiografie";"náhodnému divákovi připadalo jako běh . </s><s> Naštěstí po náhodném divákovi";"kol kolem ani";"vidu ani slechu . </s><s> Ve výšce nade mnou vidím hada"
"3";"en: angličtina";"NFC: oborová literatura";"MEM: memoáry, autobiografie";"MEM: memoáry, autobiografie";"MEM: memoáry, autobiografie";"s prázdným nákladovým prostorem . </s><s> Začal jsem se proto vyptávat";"lidí kolem ,";"jestli někdo nepotřebuje něco za úplatu přivézt z východní Evropy"
"3";"cs: čeština";"NFC: oborová literatura";"ADM: administrativa";"ADM: administrativa";"ADM: administrativa";"bodem diskuze byl další postup jednání s SDB Pelhřimov ohledně";"pozemků kolem a";"pod bytovkou č . p . 101 . </s><s> Na závěr"
"3";"cs: čeština";"NMG: publicistika";"NEW: tradiční publicistika";"X: neuvedeno";"NTW: celostátní tisk";", většinou nejsou odvislé od vaší práce , ale od";"lidí kolem ,";"a to je strašně frustrující . </s><s> Rozhovor Robert Oppelt reportér"
"3";"cs: čeština";"NMG: publicistika";"NEW: tradiční publicistika";"X: neuvedeno";"NTW: celostátní tisk";"by se jednat o kruhový bar na středovém parketu provozní";"budovy , kolem budou";"stolky a židle , “ doplnil ho tehdy místostarosta Čeněk"
"3";"cs: čeština";"NMG: publicistika";"NEW: tradiční publicistika";"X: neuvedeno";"NTW: celostátní tisk";"rukou ovládá laptop . </s><s> Pod stolem se válí pár zmuchlaných";"papírů , kolem se";"šklebí otevírající se brána věčnosti , “ přibližuje svou práci"
"3";"cs: čeština";"NMG: publicistika";"NEW: tradiční publicistika";"X: neuvedeno";"NTW: celostátní tisk";"Daniela Homolová na své zahradě ) </s><s> Majitelka zahrady a spousta";"života kolem .";"</s><s> ( Hana Rejmanová ) </s><s> Vyrobit problém , a pak ho"
"3";"cs: čeština";"NMG: publicistika";"NEW: tradiční publicistika";"X: neuvedeno";"REG: regionální tisk";", ale nedávno jsem slyšel , že jste z nějaké";"vesnice kolem .";"</s><s> Odkud pocházíte ? </s><s> Josef S . </s><s> Pocházím z malé vísky"
"3";"cs: čeština";"NMG: publicistika";"NEW: tradiční publicistika";"X: neuvedeno";"REG: regionální tisk";", po které se do něj vrátí gastronomie . </s><s> Kromě";"toho kolem vyrostou";"dvě nové budovy , nabízející apartmány pro hotelové hosty . </s>"
"3";"cs: čeština";"NMG: publicistika";"NEW: tradiční publicistika";"X: neuvedeno";"REG: regionální tisk";"– jediný v České republice . </s><s> SV ( J )";"ET KOLEM Kdy";": pátek 16 . března od 18 hodin Kde :"
"3";"cs: čeština";"NMG: publicistika";"NEW: tradiční publicistika";"X: neuvedeno";"REG: regionální tisk";"nedokáží čerstvý vítr , vůni koní , vlhkého podzimu a";"lesů kolem popsat";". </s><s> Berte to jako tip na podzimní výlet . </s><s> Benice"
"3";"cs: čeština";"NMG: publicistika";"NEW: tradiční publicistika";"X: neuvedeno";"REG: regionální tisk";"s Davidem soucítím . </s><s> Ke hraní beru inspiraci hlavně od";"lidí kolem ,";"kteří šikanovaní byli , například spolužáci , “ říká Tomáš"
"3";"cs: čeština";"NMG: publicistika";"LEI: volnočasová publicistika";"X: neuvedeno";"HOU: bydlení, zahrada, hobby";"příští měsíc . </s><s> Pěkné bydlení to jistí . </s><s> Hodně krásných";"věcí kolem a";"inspirace ! “ </s><s> Jaroslav Zvoníček ze Štítné nad Vláří </s><s> „"
"3";"cs: čeština";"NMG: publicistika";"LEI: volnočasová publicistika";"X: neuvedeno";"LIF: životní styl";"chuť ) nebo jen zavřete oči a odstřihněte se od";"všeho kolem .";"</s><s> Těch pár minut , které věnujete sama sobě , dokáže"
"3";"cs: čeština";"NMG: publicistika";"LEI: volnočasová publicistika";"X: neuvedeno";"LIF: životní styl";"do práce . </s><s> Ten náš se rozplývá do dětí a";"všeho kolem .";"</s><s> A proto se hlavně my nakonec ráno probouzíme otrávené přesvědčením"
"3";"cs: čeština";"NMG: publicistika";"LEI: volnočasová publicistika";"X: neuvedeno";"SCT: společenský život";", všichni proti mně ... </s><s> Musela jsem se odstřihnout od";"všeho kolem a";"jsem na sebe pyšná , jak jsem to zvládla ,"
"3";"cs: čeština";"NMG: publicistika";"LEI: volnočasová publicistika";"X: neuvedeno";"INT: zajímavosti ze světa";", dokumentarista , nadšenec do adrenalinových sportů a bystrý pozorovatel";"všeho kolem .";"</s><s> THAJSKO OD SEVERU K JIHU </s><s> Ruce modré od indiga ,"
"3";"cs: čeština";"NMG: publicistika";"LEI: volnočasová publicistika";"X: neuvedeno";"INT: zajímavosti ze světa";", dokumentarista , nadšenec do adrenalinových sportů a bystrý pozorovatel";"všeho kolem .";"</s><s> NA BÍLÉ KOPCE , NEBO ZLATÉ PLÁŽE ? </s><s> Nemůžete se"
"3";"cs: čeština";"NMG: publicistika";"LEI: volnočasová publicistika";"X: neuvedeno";"MIX: společnost";"ale trajekty ji vířily a spodní voda byla studenější . </s><s>";"Trajektů kolem projelo";"asi deset . </s><s> Ledová voda se za nimi na mě"
