"1";"en: angličtina";"FIC: beletrie";"NOV: próza";"X: neuvedeno";"X: neuvedeno";"skákat nahoru dolů po celém sklepení ... "" </s><s> Studenti čtvrtého";"ročníku z Nebelvíru";"se na Moodyho první hodinu tak těšili , že ve"
"1";"en: angličtina";"FIC: beletrie";"NOV: próza";"X: neuvedeno";"X: neuvedeno";"a přemýšlel o tom , co se dozvěděl . </s><s> Za";"letu z Vandenbergu";"do jižního Utahu vyslechla komise přehrávku záznamu mezi Phantomem a"
"1";"en: angličtina";"FIC: beletrie";"NOV: próza";"X: neuvedeno";"X: neuvedeno";"neposkytnutí Ronovy dřívější výpovědi obhajobě i neustále se měnící stanoviska";"lidí z OSBI";". </s><s> Výčet pochybení byl dlouhý a pestrý a Barney se"
"1";"en: angličtina";"FIC: beletrie";"NOV: próza";"X: neuvedeno";"X: neuvedeno";"<s> "" Kdyby aspoň přestalo pršet , "" křičel jeden z";"přeživších z """;"dětské divize "" . </s><s> V dalším kráteru se granátník s"
"1";"en: angličtina";"FIC: beletrie";"NOV: próza";"X: neuvedeno";"X: neuvedeno";"velkými přáteli . </s><s> Bojovali spolu u Lewes , byli vězni";"Šimona z Montfortu";". </s><s> Jindřich často přemýšlel o Šimonovi . </s><s> Byl to vynikající"
"1";"de: němčina";"FIC: beletrie";"NOV: próza";"X: neuvedeno";"X: neuvedeno";"holou , hranatou hlavu a červené oči . </s><s> Po vzoru";"portýrů z nóbl";"hotelů měl na sobě tmavý oblek . </s><s> V ruce držel"
"1";"en: angličtina";"FIC: beletrie";"NOV: próza";"X: neuvedeno";"X: neuvedeno";"chybě , která zmařila naděje hanoverského týmu , měli Mistři";"hlavolamů z Granvillu";"šanci na umístění mezi třemi nejlepšími . </s><s> * </s><s> Když Kate"
"1";"en: angličtina";"FIC: beletrie";"NOV: próza";"X: neuvedeno";"X: neuvedeno";"jsem Margaret Huxtableová , “ představila se , „ sestra";"hraběte z Mertonu";". “ </s><s> „ Ach , výtečně , “ zvolal . </s>"
"1";"en: angličtina";"FIC: beletrie";"NOV: próza";"X: neuvedeno";"X: neuvedeno";"a poněkud trhaně se nadechla . </s><s> „ Představila jsem mu";"hraběte ze Sheringfordu";"jako svého snoubence . “ </s><s> „ Cože ? “ otázal"
"1";"en: angličtina";"FIC: beletrie";"NOV: próza";"X: neuvedeno";"X: neuvedeno";"divadla , “ pravila . </s><s> „ Budu sedět v lóži";"vévody z Morelandu";"se členy své rodiny . </s><s> Mám je informovat , že"
"1";"en: angličtina";"FIC: beletrie";"NOV: próza";"X: neuvedeno";"X: neuvedeno";"zatracená policie , my všichni jme selhali v případu té";"holčičky z Prosilia";". </s><s> Zhasnul světla a přešel k oknu . </s><s> Pod sebou"
"1";"cs: čeština";"FIC: beletrie";"NOV: próza";"X: neuvedeno";"X: neuvedeno";"se , Macliaue , “ protestovala . </s><s> „ Jsi synem";"pána z Brilhagu";". </s><s> Chovej se jako muž a vzpomeň si , že"
"1";"cs: čeština";"FIC: beletrie";"NOV: próza";"X: neuvedeno";"X: neuvedeno";"skvělý šlechtic a skvělý válečník . </s><s> Nepocházel z pokrevní linie";"panovníků z Domnonie";"nebo Bro - Waroch . </s><s> Jestliže motivem bylo zavraždit mě"
"1";"cs: čeština";"FIC: beletrie";"NOV: próza";"X: neuvedeno";"X: neuvedeno";"přesvědčila je , že Holubice smrti zaručeně pochází z domu";"pánů z Brilhagu";". </s><s> Očekával se příjezd krále Alaina , spiklenci měli dosáhnout"
"1";"da: dánština";"FIC: beletrie";"NOV: próza";"X: neuvedeno";"X: neuvedeno";"dívky , která tam byla . “ </s><s> Podal jí kopii";"fotky z Gossipu";". </s><s> Kimmie před kavárnou spolu s dalšími z party . </s>"
"1";"en: angličtina";"FIC: beletrie";"NOV: próza";"X: neuvedeno";"X: neuvedeno";"zvláštních jednotek , které sám vycvičil , a sedmi tisícovkami";"dobrovolníků z igboského";"klanu , s jejichž náčelníkem Williamse pojilo osobní přátelství . </s>"
"1";"zh: čínština";"FIC: beletrie";"NOV: próza";"X: neuvedeno";"X: neuvedeno";"spisovatel publikoval v hunanském časopisu Dongting článek „ Smutný příběh";"člověka ze Shennongjia";"“ , nevím , jak se sem dostal , ale"
"1";"sv: švédština";"FIC: beletrie";"NOV: próza";"X: neuvedeno";"X: neuvedeno";"chtěla zkusit , jak bude blesk fungovat . </s><s> Zeptáme se";"svědků z La";"Cave du Cardinal , ale pokud nikdo jiný , tak"
"1";"cs: čeština";"FIC: beletrie";"NOV: próza";"X: neuvedeno";"X: neuvedeno";"dostal nějaký falešný průkaz . </s><s> Což potvrzuje i zpráva Josefa";"Drahovzala z 20";". února 1951 , v níž píše jen o dvou"
"1";"en: angličtina";"FIC: beletrie";"NOV: próza";"X: neuvedeno";"X: neuvedeno";"plynul a zdálo se pravděpodobné , že výbuch v sídle";"vévody z Beaconfieldu";"někdo zaznamenal . </s><s> Zamířil jsem dolů , s plným vědomím"
"1";"en: angličtina";"FIC: beletrie";"NOV: próza";"X: neuvedeno";"X: neuvedeno";". </s><s> Všichni byli ve spodním prádle , tedy všichni kromě";"zpěvačky z Chez";"Hollywood s nápadnými platinově světlými vlasy a dvou mladých mužů"
"1";"en: angličtina";"FIC: beletrie";"NOV: próza";"X: neuvedeno";"X: neuvedeno";"nějakou nemoc , pomyslela si Waverly . </s><s> Všech sto třicet";"dívek z Empyrea";"sedělo u stolu a jedlo . </s><s> Měly na sobě obdobu"
"1";"en: angličtina";"FIC: beletrie";"NOV: próza";"X: neuvedeno";"X: neuvedeno";"přátele , možná by pastorka nakonec její matku a zbytek";"posádky z Empyrea";"pustila na svobodu , nebo aspoň dovolila , aby se"
"1";"en: angličtina";"FIC: beletrie";"NOV: próza";"X: neuvedeno";"X: neuvedeno";"než spravedlnost . </s><s> Vážně ti nerozumím , jeden z tvých";"kluků ze St";"Denis je mrtvej a ty se snažíš chránit nějakýho tlustýho"
"1";"en: angličtina";"FIC: beletrie";"NOV: próza";"X: neuvedeno";"X: neuvedeno";", a to jménem všech dětí – a vlastně i";"dospělých ! – z Bishop’s";"Lacey . </s><s> Myslím , že bývá celkem ku prospěchu dát"
"1";"en: angličtina";"FIC: beletrie";"NOV: próza";"X: neuvedeno";"X: neuvedeno";", odvedla její myšlenky od smrti Catherine Rossové a bláznivého";"starce z Hillheadu";". </s><s> Obvykle se při vyzvedávání Cassie u exmanžela příliš nezdržovala"
"1";"en: angličtina";"FIC: beletrie";"NOV: próza";"X: neuvedeno";"X: neuvedeno";"někdy přišla , když ještě žila . </s><s> Možná nová generace";"děcek z Wind";"Gap objevila zajímavější způsoby , jak zabít prázdniny . </s><s> Když"
"1";"en: angličtina";"FIC: beletrie";"NOV: próza";"X: neuvedeno";"X: neuvedeno";"Tak kde chceš začít , Camille ? “ usedl do";"jednoho z tvrdě";"vypolstrovaných křesel a složil hlavu do dlaní , konec kravaty"
"1";"en: angličtina";"FIC: beletrie";"NOV: próza";"X: neuvedeno";"X: neuvedeno";", jenže to nemělo smysl , protože měl namířeno do";"jednoho z nejdůkladněji";"střežených míst v hlavním městě . </s><s> Proto krátce po druhé"
"1";"en: angličtina";"FIC: beletrie";"NOV: próza";"X: neuvedeno";"X: neuvedeno";", nepije . </s><s> Za šest hodin měl řídit letadlo vnitrostátní";"linky z Cedar";"Rapids do Omahy . </s><s> Wayne - O se k odletu"
"1";"da: dánština";"FIC: beletrie";"NOV: próza";"X: neuvedeno";"X: neuvedeno";"a přehodí si ho přes rameno . </s><s> Potom vezme obraz";"vévody z Augustenborgu";"a nese ho směrem k ulici Gammel Strand . </s><s> Je"
"1";"en: angličtina";"FIC: beletrie";"NOV: próza";"X: neuvedeno";"X: neuvedeno";"jen dva , Duruelo a Pastranu . </s><s> Na vytrvalé naléhání";"prince z Eboli";", jednoho z nejoddanějších podporovatelů matky Terezie , Rubeo nakonec"
"1";"el: řečtina";"FIC: beletrie";"NOV: próza";"X: neuvedeno";"X: neuvedeno";"obytné domy a zbytky opevnění a především ovšem množství iluminovaných";"rukopisů ze středobyzantského";"období . </s><s> Pergamenové rukopisy nám snad nejlépe ze všech děl"
"1";"sv: švédština";"FIC: beletrie";"NOV: próza";"X: neuvedeno";"X: neuvedeno";"i cosi uklidňujícího . </s><s> Za temnými kukuřičnými poli probleskovala deštěm";"světla z Broken";"Wheel , stejně jako z Amyina domu , ve kterém"
"1";"cs: čeština";"FIC: beletrie";"NOV: próza";"X: neuvedeno";"X: neuvedeno";"? </s><s> Sborovou recitaci jedné z nejméně srozumitelné a odtažité Wolkerovy";"básně ze sbírkyHost";"do domu . </s><s> To přinese jen zívání při nácviku ,"
"1";"en: angličtina";"FIC: beletrie";"NOV: próza";"X: neuvedeno";"X: neuvedeno";"si sama nalila , a vychutnávám si přízeň příjemně zaskočených";"chlapců z D";"& ME . </s><s> „ Máme tu pořádný živel , “"
"1";"ja: japonština";"FIC: beletrie";"NOV: próza";"X: neuvedeno";"X: neuvedeno";"<s> „ Ten kníže jednal velmi moudře . “ </s><s> Přátelský tón";"pána z Čikuga";"způsobil , že i kněz se zbavil vnitřního napětí . </s>"
"1";"en: angličtina";"FIC: beletrie";"NOV: próza";"X: neuvedeno";"X: neuvedeno";"Kayne napůl žertem . </s><s> Thanates potřásl hlavou . </s><s> „ Král";"čarodějů z Dalashry";"své druhy neopustí , “ řekl pochmurně . </s><s> O hodinu"
"1";"en: angličtina";"FIC: beletrie";"NOV: próza";"X: neuvedeno";"X: neuvedeno";", “ řekl Thanates . </s><s> Cole ještě nikdy neslyšel krále";"čarodějů z Dalashry";"tak nejistého , a to ani tváří v tvář Obrahimovi"
"1";"en: angličtina";"FIC: beletrie";"COL: kratší próza";"X: neuvedeno";"X: neuvedeno";"těch kuten byla černota přímo absolutní . </s><s> I z tváře";"černocha z Kleshe";"snad vyzařovalo trochu té strašidelně bronzové žluti , ale tady"
"1";"en: angličtina";"FIC: beletrie";"COL: kratší próza";"X: neuvedeno";"X: neuvedeno";"perly . </s><s> Spodní část těla přecházela z bílé do světlounce";"modré , ze světlounce";"modré do světle zelené , ze světle zelené do mechově"
"1";"fr: francouzština";"FIC: beletrie";"COL: kratší próza";"X: neuvedeno";"X: neuvedeno";"který výrazně šetřil jakýmikoliv jasnými barvami . </s><s> Později jsem z";"církve , ze „";"systému “ vystoupil , abych mohl konečně létat , kam"
"1";"cs: čeština";"FIC: beletrie";"COL: kratší próza";"X: neuvedeno";"X: neuvedeno";"obranných bunkrů a měli tu svou předsunutou základnu vojáci strážního";"oddílu z 24";". pěšího pluku . </s><s> Poddůstojník Jan Koch , v té"
"1";"zh: čínština";"FIC: beletrie";"COL: kratší próza";"X: neuvedeno";"X: neuvedeno";"kdy se mu podařilo mistrně trefit bažanta . </s><s> 129 hrdinka";"zkazky z 2";". stol . př . n . l . ,"
"1";"ru: ruština";"FIC: beletrie";"COL: kratší próza";"X: neuvedeno";"X: neuvedeno";"tajemníci , se vysmrkal a začal číst : </s><s> „ Žádost";"šlechtice z Mirgorodského";"okresu , statkáře Ivana , syna Ivana Pererepenka , vypsaná"
"1";"cs: čeština";"FIC: beletrie";"COL: kratší próza";"X: neuvedeno";"X: neuvedeno";"bylo jedno . </s><s> Hrál jsem představení Monte Christa doslova z";"listu , z brutálně";"rozřezaného sešitového vydání , které jsem si opatřil . </s><s> Sestra"
"1";"cs: čeština";"FIC: beletrie";"COL: kratší próza";"X: neuvedeno";"X: neuvedeno";"<s> O pár týdnů později došlo k nečekanému propuštění dvou nadějných";"vědců z lyennského";"týmu , což překvapilo každého kromě zasvěcených z Institutu . </s>"
"1";"it: italština";"FIC: beletrie";"COL: kratší próza";"X: neuvedeno";"X: neuvedeno";"a karmínové premování fašistické mládeže : byl to jeden z";"dorostenců z N";". Usedl jsem ; on zůstal sedět s hlavou schýlenou"
"1";"cs: čeština";"FIC: beletrie";"VER: poezie";"X: neuvedeno";"X: neuvedeno";"cia ) </s><s> jsou totiž vlastníky báječných švýcarských hodinek </s><s> od jednoho";"fanatika ze španěl";"</s><s> a tak jim na nějakých pár kulkách </s><s> v lebce či"
"1";"cs: čeština";"NFC: oborová literatura";"SCI: odborná literatura";"HUM: humanitní vědy";"THE: divadlo, film, tanec";", II . kapelník </s><s> Hans Tschauner , ředitel městské kapely";"sestávající z 26";"členů , při velkých operách orchestr posílen o členy c"
"1";"cs: čeština";"NFC: oborová literatura";"SCI: odborná literatura";"HUM: humanitní vědy";"PHI: filozofie, náboženství";"za metropolitu společného útvaru . </s><s> Pravoslavná církev je podle sčítání";"lidu z r";". 2001 pátou nejpočetnější ( registrovanou ) náboženskou organizací v"
"1";"cs: čeština";"NFC: oborová literatura";"SCI: odborná literatura";"HUM: humanitní vědy";"PHI: filozofie, náboženství";"divadlo rozebral již citovaný E . Goffman běžné situace profesního";"života z „";"dramaturgické perspektivy “ , na základě metafory divadelního představení s"
"1";"en: angličtina";"NFC: oborová literatura";"POP: populárně naučná literatura";"HUM: humanitní vědy";"PHI: filozofie, náboženství";"bílém slonu Airávatovi vyšňořeném jako jihoindický chrámový slon ; detail";"malby z 19";". století ( vpravo ) . </s><s> INDROVA PŘÍZVISKA </s><s> Jak se"
"1";"en: angličtina";"NFC: oborová literatura";"POP: populárně naučná literatura";"HUM: humanitní vědy";"PHI: filozofie, náboženství";"ani s jakoukoliv jinou skupinou není příbuzných více než 700";"jazyků z Papui";"- Nové Guineje , jež tvoří téměř čtvrtinu všech na"
"1";"de: němčina";"NFC: oborová literatura";"SCI: odborná literatura";"HUM: humanitní vědy";"HIS: historie, biografie";"politicky ambiciozní skupiny . </s><s> Naproti tomu symbolická hodnota „ kloboukového";"zákona “ z 25";". listopadu 1925 byla zahraničními pozorovateli přeceňována . </s><s> Atatürk se"
"1";"en: angličtina";"NFC: oborová literatura";"SCI: odborná literatura";"HUM: humanitní vědy";"HIS: historie, biografie";"ochotně vzdali veškerých nároků na Nil výměnou za odsunutí britských";"jednotek z Heligolandu";". </s><s> Petersovo chování hluboce znepokojovalo německou vládu , jejíž zájmy"
"1";"fr: francouzština";"NFC: oborová literatura";"SCI: odborná literatura";"HUM: humanitní vědy";"HIS: historie, biografie";", že se Arafatovi nic nestane . </s><s> Rezoluce 1402 Rady";"bezpečnosti z 30";". března 2002 požadovala stažení Izraelců , ale Izraelci se"
"1";"fr: francouzština";"NFC: oborová literatura";"SCI: odborná literatura";"HUM: humanitní vědy";"HIS: historie, biografie";"července posunuty na neupřesněné pozdější datum , podle slov Mahmúda";"Abbáse z „";"technických důvodů “ . </s><s> Hamás toto „ jednostranné rozhodnutí “"
"1";"cs: čeština";"NFC: oborová literatura";"SCI: odborná literatura";"HUM: humanitní vědy";"HIS: historie, biografie";"náhodou přečkaly gigantický požár Malé Strany , Pražského hradu a";"Hradčan z 2";". června 1541 . </s><s> Po roce 1547 , kdy došlo"
"1";"sv: švédština";"NFC: oborová literatura";"SCI: odborná literatura";"HUM: humanitní vědy";"HIS: historie, biografie";"pocházejí . </s><s> V roce 1948 byla zodpovědnost za navracení uměleckých";"děl z Munich";"Central Collecting Point přenechána samotnému Německu . </s><s> Když byla práce"
"1";"cs: čeština";"NFC: oborová literatura";"SCI: odborná literatura";"HUM: humanitní vědy";"HIS: historie, biografie";"16 . března 1726 maltézští pozvali generála na pohřeb velkopřevora";"Leopolda z Herbersteinu";". </s><s> Na Boží Tělo 1728 celebroval u nich slavnostní mši"
"1";"cs: čeština";"NFC: oborová literatura";"SCI: odborná literatura";"HUM: humanitní vědy";"HIS: historie, biografie";"je třeba vzpomenout i řezané sklo , dochované ve sbírkách";"generalátu z Böhmbovy";"doby , ukazující vysokou kvalitu českého sklářství [ 181 ]"
"1";"cs: čeština";"NFC: oborová literatura";"SCI: odborná literatura";"HUM: humanitní vědy";"HIS: historie, biografie";"1915 ( starého data ) svůj Doklad o formování českého";"vojska ze zajatýchČechů";"a Slováků ( Dokladnaja zapiska o formirovanii češskogo vojska iz"
"1";"cs: čeština";"NFC: oborová literatura";"SCI: odborná literatura";"HUM: humanitní vědy";"HIS: historie, biografie";"nad zajatci a dovolovalo denní výdělek od 20 do 50";"kopějek ) z 18";". 8 . 1917 . </s><s> Norma , kterou podepsal náměstek"
"1";"cs: čeština";"NFC: oborová literatura";"POP: populárně naučná literatura";"HUM: humanitní vědy";"HIS: historie, biografie";"dr . Mannhardt . </s><s> „ Zákon na ochranu národa a";"státu z 28";". února 1933 a po smrti říšského prezidenta Hindenburga v"
"1";"cs: čeština";"NFC: oborová literatura";"POP: populárně naučná literatura";"HUM: humanitní vědy";"HIS: historie, biografie";", že jste to byl vy , kdo stylizoval text";"dopisu z 13";". srpna 1942 , který nyní držím v ruce ,"
"1";"cs: čeština";"NFC: oborová literatura";"POP: populárně naučná literatura";"HUM: humanitní vědy";"HIS: historie, biografie";"i společenský posun oproti arkádě v Náměšti představuje absence erbu";"pánů z Minsterberka";"a Pernštejnů , a naopak přítomnost nedávno přivdaných Slavatů z"
"1";"en: angličtina";"NFC: oborová literatura";"POP: populárně naučná literatura";"HUM: humanitní vědy";"HIS: historie, biografie";"vybudování Lačinského koridoru , což by odstranilo všechny problémy včetně";"obav z ázerbájdžánizace";", “ říká Vjačeslav Michajlov . </s><s> Pogosjan se však na"
"1";"cs: čeština";"NFC: oborová literatura";"POP: populárně naučná literatura";"HUM: humanitní vědy";"HIS: historie, biografie";"přičemž první den se jednání zúčastnilo 2423 delegátů , z";"toho z ČR";"1703 a ze SR 716 ( což je rovněž problematické"
"1";"en: angličtina";"NFC: oborová literatura";"POP: populárně naučná literatura";"HUM: humanitní vědy";"HIS: historie, biografie";". </s><s> Na zahájení vypadala účast působivě – přijelo asi 130";"delegátů z 22";"zemí . 20 Jenže důležité státy chyběly . </s><s> Nezúčastnilo se"
"1";"en: angličtina";"NFC: oborová literatura";"POP: populárně naučná literatura";"HUM: humanitní vědy";"HIS: historie, biografie";"vlády Iráku byl sdělen Úřadujícímu vyjednavači ve zprávě ministerstva zahraničí";"Iráku z 20";". března , která zplnomocňuje delegaci Jordánského hášimovského království k"
"1";"cs: čeština";"NFC: oborová literatura";"POP: populárně naučná literatura";"HUM: humanitní vědy";"HIS: historie, biografie";"kapacitu 1000 – 2000 osob , to znamenalo asi polovinu";"lidí z 20";"železničních vagónů . </s><s> Nad vchodem do budovy byl nápis „"
"1";"cs: čeština";"NFC: oborová literatura";"SCI: odborná literatura";"HUM: humanitní vědy";"MUS: hudba";"uplatňovat metodu elementárního zpěvu Antonína Hromádky , který do určité";"míry z Battkeho";"metody vycházel . </s><s> Výukové materiály A . Hromádky vyšly tiskem"
"1";"cs: čeština";"NFC: oborová literatura";"SCI: odborná literatura";"HUM: humanitní vědy";"LAN: filologie";"ale že ještě dlouho po jeho smrti , kdy desítky";"osobností z tzv";". pravicového tábora zůstávají mimo pozornost historiků ( například okruh"
"1";"cs: čeština";"NFC: oborová literatura";"SCI: odborná literatura";"HUM: humanitní vědy";"LAN: filologie";"a smyslu Máje se ještě jednou vracím k „ ohňostroji";"metafor ” ze 3";". a 4 . zpěvu . </s><s> Citoval jsem již výrok"
"1";"cs: čeština";"NFC: oborová literatura";"POP: populárně naučná literatura";"HUM: humanitní vědy";"LAN: filologie";"panství v královském Pruském Slezsku , syn pana Fabiána ,";"hraběte z Dohna";"; ženichovi 23 roky . </s><s> ( Nevěsta ) : Marie"
"1";"cs: čeština";"NFC: oborová literatura";"SCI: odborná literatura";"HUM: humanitní vědy";"INF: knihovnictví, informatika";", učitel přírodních věd na Smíchově , sem přivedl dvanáct";"dívek z 8";". třídy . </s><s> Kořenského vzorem byl J . A ."
"1";"en: angličtina";"NFC: oborová literatura";"POP: populárně naučná literatura";"HUM: humanitní vědy";"INF: knihovnictví, informatika";"Cocking ( 1776 – 1837 ) , který byl svědkem";"jednoho z Garnerinových";"představení v Londýně , se roku 1837 rozhodl , že"
"1";"cs: čeština";"NFC: oborová literatura";"SCI: odborná literatura";"HUM: humanitní vědy";"ART: umění, architektura";"bohatá řada studií . </s><s> Ve středu zájmu stanula postava opata";"Sugera ze Saint";"- Denis , která díky své pozoruhodné literární činnosti na"
"1";"cs: čeština";"NFC: oborová literatura";"SCI: odborná literatura";"HUM: humanitní vědy";"ART: umění, architektura";"1250 . </s><s> Nejstarší románská fáze mohla pocházet již z doby";"hrabat z Bogenu";"a mohla sloužit jako nejsevernější opěrný bod jejich državy v"
"1";"cs: čeština";"NFC: oborová literatura";"SCI: odborná literatura";"HUM: humanitní vědy";"ART: umění, architektura";"válcovými pruty . </s><s> Pětidílná přípora se dělí na způsob vějíře";"složeného z vyžlabených";"klenebních žeber , která se na konci zalamují , aby"
"1";"cs: čeština";"NFC: oborová literatura";"SCI: odborná literatura";"HUM: humanitní vědy";"ART: umění, architektura";"Rakušané či Slované spříznění s vídeňským dvorem . </s><s> Po smrti";"Albrechta z Ortenburku";"roku 1390 byl na tridentskou katedru zvolen jiný vídeňský kanovník"
"1";"cs: čeština";"NFC: oborová literatura";"SCI: odborná literatura";"HUM: humanitní vědy";"ART: umění, architektura";"Kateřiny odpovídají pojetím postav a skladebného slohu onomu měkčímu typu";"draperie z Rifiana";". </s><s> Bohatě skládaný šat Panny Marie na scéně Sacra Conversatione"
"1";"cs: čeština";"NFC: oborová literatura";"SCI: odborná literatura";"HUM: humanitní vědy";"ART: umění, architektura";"předimenzovanými chodidly . </s><s> Stejné pojetí postav nalezneme na desce Bolestného";"Krista z Hall";"u Innsbrucku . [ 76 ] Blízké je také pojetí"
"1";"cs: čeština";"NFC: oborová literatura";"SCI: odborná literatura";"HUM: humanitní vědy";"ART: umění, architektura";"opatřen archivoltou ve tvaru jen velmi mírně zahroceného oblouku ,";"vyzděného z pečlivě";"přitesaných kvádrů . </s><s> Po celém obvodu ( s výjimkou spodní"
"1";"cs: čeština";"NFC: oborová literatura";"POP: populárně naučná literatura";"HUM: humanitní vědy";"ART: umění, architektura";"lety . </s><s> Nově poskytnuté hypoteční úvěry byly podle informací Trend";"Reportu z 59";"procent využity na koupi nemovitosti , z více než 19"
"1";"cs: čeština";"NFC: oborová literatura";"SCI: odborná literatura";"SSC: sociální vědy";"ECO: ekonomie, obchod, logistika";"subjektu realizujícího projekt . </s><s> Ostatní náklady – nespadají ani do";"jedné z výše";"uvedených kategorií . </s><s> Například : </s><s> finanční rezervy vytvořené na identifikovaná"
"1";"cs: čeština";"NFC: oborová literatura";"PRO: profesní literatura";"SSC: sociální vědy";"ECO: ekonomie, obchod, logistika";"přímo na Kypru . </s><s> Jde pouze o necelých 900 milionů";"korun z výše";"uvedené sumy 26,2 miliardy korun . </s><s> Jedna z hlavních postav"
"1";"cs: čeština";"NFC: oborová literatura";"PRO: profesní literatura";"SSC: sociální vědy";"ECO: ekonomie, obchod, logistika";"působit , stíhal Bharara nejen za insider trading na stovku";"manažerů z Wall";"Street . </s><s> Jeho největším úlovkem byl miliardář Raj Rajaratnam ,"
"1";"cs: čeština";"NFC: oborová literatura";"PRO: profesní literatura";"SSC: sociální vědy";"ECO: ekonomie, obchod, logistika";"milníku , kdy mělo na LinkedInu profil přes půl miliardy";"profesionálů z více";"než 200 zemí . </s><s> Tato komunita navíc reprezentuje přes 10"
"1";"cs: čeština";"NFC: oborová literatura";"PRO: profesní literatura";"SSC: sociální vědy";"ECO: ekonomie, obchod, logistika";"hodně s ním . </s><s> K tomu tam byla spousta bývalých";"kolegů z ČSA";", takže ho občas na dvě nebo tři hodiny pohlídali"
"1";"cs: čeština";"NFC: oborová literatura";"PRO: profesní literatura";"SSC: sociální vědy";"ECO: ekonomie, obchod, logistika";"43 800 návštěvníků , kteří měli možnost vidět expozice 600";"firem z 22";"zemí světa . </s><s> Nejvíce zahraničních vystavovatelů přijelo ze Slovenska ,"
"1";"cs: čeština";"NFC: oborová literatura";"POP: populárně naučná literatura";"SSC: sociální vědy";"POL: politika, vojenství";". </s><s> „ Kauzu Kalivoda jsem přednášel na jednom metodickém setkání";"kriminalistů z ČR";"“ vzpomíná plk . Michal Mazánek , tehdejší šéf středočeské"
"1";"en: angličtina";"NFC: oborová literatura";"POP: populárně naučná literatura";"SSC: sociální vědy";"POL: politika, vojenství";"Massachusetts , McCormicka z Illinois , Phippse z Colorada ,";"Caldera z New";"Yorku nebo bývalého senátora Cranea z Massachusetts – , dozvědět"
"1";"cs: čeština";"NFC: oborová literatura";"SCI: odborná literatura";"SSC: sociální vědy";"PSY: psychologie";"bude bohatě naplněn v poezii „ pozemského přesahu “ čtyř";"sbírek z 60";". a 70 . let </s><s> Aby k nám tyto verše"
"1";"cs: čeština";"NFC: oborová literatura";"POP: populárně naučná literatura";"SSC: sociální vědy";"SOC: sociologie";"před válkou situace jiná . </s><s> Sukně se zkracovaly a část";"žen z „";"lepších “ rodin začala dokonce chodit na koncerty populární hudby"
"1";"cs: čeština";"NFC: oborová literatura";"POP: populárně naučná literatura";"SSC: sociální vědy";"SOC: sociologie";"která jako by chtěla vrátit do hry ideu etnického národního";"státu z 19";". století . </s><s> To je ale zvláště u nás logické"
"1";"cs: čeština";"NFC: oborová literatura";"SCI: odborná literatura";"SSC: sociální vědy";"REC: sport, rekreace, hobby";"kroků a velký záklon trupu , </s><s> prodloužený sprinterský skok do";"doskočiště z 2";"- 3 dvojkroků – pohyb stehna švihové nohy vpřed a"
"1";"en: angličtina";"NFC: oborová literatura";"POP: populárně naučná literatura";"SSC: sociální vědy";"REC: sport, rekreace, hobby";"podáváme se směsí z 50 g změklého másla , nastrouhané";"kůry z 1";"limety , 1 nakrájené červené čili papričky a soli podle"
"1";"cs: čeština";"NFC: oborová literatura";"SCI: odborná literatura";"NAT: přírodní vědy";"BIO: biologie";"k dispozici údaje z více než 4 000 hodnocených chráněných";"území ze 100";"zemí celého světa . </s><s> Jen pětina klasifikovaných lokalit mohla vykázat"
"1";"cs: čeština";"NFC: oborová literatura";"SCI: odborná literatura";"NAT: přírodní vědy";"BIO: biologie";"úspěšném . </s><s> Začátkem devadesátých let byl i do Ústavy České";"republiky z 16";". prosince 1992 ( ústavní zákon č . 1 /"
"1";"cs: čeština";"NFC: oborová literatura";"SCI: odborná literatura";"NAT: přírodní vědy";"BIO: biologie";"35 – 105 ha . </s><s> Získané rámcové výsledky odvozených minimálních";"areálů z 36";"lokalit ( diferencovaně podle rostlinných formací , stanovištních a porostních"
"1";"cs: čeština";"NFC: oborová literatura";"SCI: odborná literatura";"NAT: přírodní vědy";"BIO: biologie";"nejstarší doklad zpracování železné rudy lze považovat kovárnu z Býčí";"skály z 5";". stol . př . n . l . </s><s> Rozvoj"
"1";"cs: čeština";"NFC: oborová literatura";"SCI: odborná literatura";"NAT: přírodní vědy";"BIO: biologie";"projekt daleko přesáhl původně uvažovaný regionální rámec Beskyd . </s><s> Průběh";"projektu : Z doposud";"16 vypuštěných orlů ke konci roku 2010 úspěšně přežívá 13"
"1";"cs: čeština";"NFC: oborová literatura";"SCI: odborná literatura";"NAT: přírodní vědy";"BIO: biologie";"polohy ( nejčastěji zeměpisná délka a šířka ) postačí příjem";"signálu z minimálně";"tří družic ( výpočet tří pseudovzdálenosti ) , pro určení"
"1";"en: angličtina";"NFC: oborová literatura";"POP: populárně naučná literatura";"NAT: přírodní vědy";"BIO: biologie";"taxonomicky a diagnosticky důležité čelní oblasti lebky ( včetně nadočnicových";"oblouků ) z podstatně";"starších vrstev blízké lokality Belohdelie . </s><s> Tento 3,9 milionu let"
"1";"en: angličtina";"NFC: oborová literatura";"POP: populárně naučná literatura";"NAT: přírodní vědy";"BIO: biologie";", který je reprezentantem skutečně početné skupiny příbuzných forem ,";"pozůstávající z přibližně";"osmi set druhů řazených do více než osmdesáti rodů . </s>"
"1";"cs: čeština";"NFC: oborová literatura";"POP: populárně naučná literatura";"NAT: přírodní vědy";"BIO: biologie";"<s> Věrohodnost zprávy byla podepřena odkazem na výrok „ entomologa Sydney";"Camerona z University";"of Illinois “ . </s><s> Zpráva dále pokračuje : „ V"
"1";"en: angličtina";"NFC: oborová literatura";"POP: populárně naučná literatura";"NAT: přírodní vědy";"BIO: biologie";"nízkém zastoupení . </s><s> Proto ji nemohl nalézt ve svých rozborech";"vzorků z 80";". let . </s><s> Rozšířila se teprve nedávno , když parazitická"
"1";"cs: čeština";"NFC: oborová literatura";"PRO: profesní literatura";"NAT: přírodní vědy";"GEO: geografie, geologie";"www . zememeric . cz a nově též souhrn čerstvých";"informací z 69";"portálů a webových stránek orgánů a organizací státní správy ,"
"1";"cs: čeština";"NFC: oborová literatura";"PRO: profesní literatura";"NAT: přírodní vědy";"GEO: geografie, geologie";"kódem kvality 8 . </s><s> Při vytyčení nebyl využit výsledek zeměměřické";"činnosti z r";". 1904 , a proto nedošlo ke ztotožnění možných identických"
"1";"cs: čeština";"NFC: oborová literatura";"PRO: profesní literatura";"NAT: přírodní vědy";"GEO: geografie, geologie";". , a o dva roky později se objevujících nebeských";"jevů z r";". 10 př . n . l . </s><s> Svědectví o"
"1";"cs: čeština";"NFC: oborová literatura";"PRO: profesní literatura";"NAT: přírodní vědy";"GEO: geografie, geologie";"zřízeno 93 bodů , a došlo ke zmenšení průměrné délky";"stran ze 40";"km na 25 km . </s><s> V letech 1937 až 1939"
"1";"cs: čeština";"NFC: oborová literatura";"POP: populárně naučná literatura";"NAT: přírodní vědy";"GEO: geografie, geologie";"západočeských Kralovic vystavené v Mariánské Týnici jsou pravděpodobně pozůstatkem slovanského";"osídlení z 10";". – 11 . století . </s><s> Dokládají existenci vztyčených kamenů"
"1";"cs: čeština";"NFC: oborová literatura";"SCI: odborná literatura";"NAT: přírodní vědy";"CHE: chemie";"a redukuje velikost plísní . </s><s> Přídavek glycerolu snižuje vodní aktivitu";"média z přibližně";"0,99 na 0,95 , čímž se médium stává vhodným i"
"1";"en: angličtina";"NFC: oborová literatura";"POP: populárně naučná literatura";"NAT: přírodní vědy";"CHE: chemie";"rychlé návratnosti investic . ) </s><s> Giacomo Casanova , autor slavných";"memoárů z 18";". století , zaznamenal svoji návštěvu u alchymistky markýzy d’Urfé"
"1";"cs: čeština";"NFC: oborová literatura";"SCI: odborná literatura";"NAT: přírodní vědy";"MED: lékařství";"populaci . </s><s> Studie ESCAPE , do které bylo zařazeno 468";"dětí ze 32";"evropských center dětské nefrologie , ukázala , že intenzifikovaná kontrola"
"1";"cs: čeština";"NFC: oborová literatura";"PRO: profesní literatura";"NAT: přírodní vědy";"MED: lékařství";"který v Brně za 6 let svého fungování podpořil 53";"výzkumníků z 15";"zemí světa více než 236 miliony korun . </s><s> „ V"
"1";"cs: čeština";"NFC: oborová literatura";"PRO: profesní literatura";"NAT: přírodní vědy";"MED: lékařství";"v azylových centrech stejně jako u tzv . </s><s> agenturních pracovníků";"přicházejících z epidemiologicky";"problémových zemí hned před vstupem do ČR . </s><s> „ Harm"
"1";"cs: čeština";"NFC: oborová literatura";"PRO: profesní literatura";"NAT: přírodní vědy";"AGR: zemědělství, chovatelství";"od másla . </s><s> Špatnou jakostí chleba , vyrobeného z mouky";"namleté z tzv";". intervenčního obilí se v roce 1934 dokonce zabývalo ministerstvo"
"1";"cs: čeština";"NFC: oborová literatura";"PRO: profesní literatura";"NAT: přírodní vědy";"AGR: zemědělství, chovatelství";"zprávě , kterou předložil vládě . </s><s> SPÚ zbývá projednat 170";"výzev z 3501";". </s><s> Lesy ČR mají projednat ještě 62 z více než"
"1";"cs: čeština";"NFC: oborová literatura";"PRO: profesní literatura";"NAT: přírodní vědy";"AGR: zemědělství, chovatelství";"rozloze asi 8000 hektarů vyloví každý rok téměř 3200 tun";"ryb , z 90";"% jde o kapra , zbytek tvoří lín , candát"
"1";"cs: čeština";"NFC: oborová literatura";"PRO: profesní literatura";"NAT: přírodní vědy";"AGR: zemědělství, chovatelství";"škoikařský veletrh Piantarium v nizozemském Boskoopu . </s><s> Ze 126 nových";"kultivarů ze 14";"zemí světa , prezentovaných na 34 . ročníku veletrhu ,"
"1";"cs: čeština";"NFC: oborová literatura";"SCI: odborná literatura";"FTS: formální a technické vědy";"TEC: technika";", zahájení dialogu oznámení webovou službou OGC a následné odeslání";"zprávy z Web";"Notification Service je popsána výše . </s><s> Po oznámení , je"
"1";"cs: čeština";"NFC: oborová literatura";"PRO: profesní literatura";"FTS: formální a technické vědy";"TEC: technika";"odpovědného vedoucího projektu konstrukce prvního MTC 78000 , bylo svařování";"prvních z celkem";"dvanácti prstenců stožáru mimořádnou událostí . </s><s> „ Tyto hmotnosti a"
"1";"cs: čeština";"NFC: oborová literatura";"PRO: profesní literatura";"FTS: formální a technické vědy";"TEC: technika";"Pokorný </s><s> Znojmo opět zrůžovělo </s><s> Celkem 123 vzorků růžových vín a";"klaretů z 52";"vinařství mohli ochutnat návštěvníci mezinárodní soutěže růžových vín Jarovín rosé"
"1";"cs: čeština";"NFC: oborová literatura";"PRO: profesní literatura";"FTS: formální a technické vědy";"TEC: technika";"jednotky se skládají do modulů , které se vsazují do";"těla z tlakově";"litého hliníku . </s><s> Světelný tok nejvýkonnějšího svítidla s patnácti jednotkami"
"1";"cs: čeština";"NFC: oborová literatura";"PRO: profesní literatura";"FTS: formální a technické vědy";"TEC: technika";"objednání vzorků a širší portfolio výrobků , “ vysvětluje manažerka";"veletrhu z HKTDC";"Jenny Lam . </s><s> „ Mezinárodní hongkongské veletrhy osvětlení ( jarní"
"1";"cs: čeština";"NFC: oborová literatura";"PRO: profesní literatura";"FTS: formální a technické vědy";"TEC: technika";"mezery Narow Gap Weld je obzvláště výhodná při automatizovaném svařování";"dílců z extrémně";"silných materiálů . </s><s> Výpadkům výroby zabráníte automatickou výměnou spotřebních dílů"
"1";"cs: čeština";"NFC: oborová literatura";"PRO: profesní literatura";"FTS: formální a technické vědy";"TEC: technika";"NA NOVÉ KOTLE </s><s> O kotlíkové dotace , dosud financované z";"poloviny z MŽP";"a z poloviny z prostředků krajů , je obrovský zájem"
"1";"cs: čeština";"NFC: oborová literatura";"PRO: profesní literatura";"FTS: formální a technické vědy";"TEC: technika";"z dolu získán první uran , vyprodukoval 10 680 t";"uranu z 9,6";"mil . t rudniny . </s><s> Podle ministra Jana Mládka v"
"1";"cs: čeština";"NFC: oborová literatura";"PRO: profesní literatura";"FTS: formální a technické vědy";"TEC: technika";"armády a Národní kulturní památka České republiky - rotunda svaté";"Kateřiny z 12";". století , se zachovalými nástěnnými malbami z roku 1134"
"1";"cs: čeština";"NFC: oborová literatura";"PRO: profesní literatura";"FTS: formální a technické vědy";"TEC: technika";"bylo vše . </s><s> Jako překážka se jevila nutnost spárování peněz";"pocházejících z ARRA";"s dalšími zdroji , ale tato záležitost se vyřešila tak"
"1";"cs: čeština";"NFC: oborová literatura";"PRO: profesní literatura";"FTS: formální a technické vědy";"TEC: technika";"<s> Patří k nim především zvýšení prestiže technického školství ( 8,7";"bodu z 10";") , zlepšení financování technického školství ( 8,5 bodu z"
"1";"cs: čeština";"NFC: oborová literatura";"PRO: profesní literatura";"FTS: formální a technické vědy";"TEC: technika";"80 % původní jmenovité hodnoty , změní se ladění kompenzačního";"stupně ze 189";"na 211 Hz . </s><s> V důsledku tohoto přeladění se zvýší"
"1";"cs: čeština";"NFC: oborová literatura";"PRO: profesní literatura";"FTS: formální a technické vědy";"TEC: technika";"decentralizace výroby energií . </s><s> Začíná se používat pro výrobu elektřiny";"energie z pomalu";"tekoucích vodních toků , připravuje se skladování elektřiny přímo u"
"1";"cs: čeština";"NFC: oborová literatura";"PRO: profesní literatura";"FTS: formální a technické vědy";"TEC: technika";"promítá také vlastní předchozí zkušenost s danou firmou ( 7,2";"bodu z 10";") a termín dodání ( 6,3 bodu z 10 )"
"1";"cs: čeština";"NFC: oborová literatura";"PRO: profesní literatura";"FTS: formální a technické vědy";"TEC: technika";"se podělil na Twitteru a v blogovém příspěvku . </s><s> Autoři";"studie z Nature";"Medicine rychle zareagovali a pustili se do dalších analýz . </s>"
"1";"cs: čeština";"NFC: oborová literatura";"POP: populárně naučná literatura";"FTS: formální a technické vědy";"TEC: technika";") , kdy po přehrání CD systém ihned spustí reprodukci";"souborů z USB";"nosiče ( pokud je připojen ) a zejména Non-Stop Relay"
"1";"cs: čeština";"NFC: oborová literatura";"POP: populárně naučná literatura";"FTS: formální a technické vědy";"TEC: technika";"pitné vody pochází z obecní výtopny a ze dvou velkých";"kolektorů – z již";"zmíněného fasádního a také z kolektoru na střeše přilehlé moštárny"
"1";"cs: čeština";"NFC: oborová literatura";"POP: populárně naučná literatura";"FTS: formální a technické vědy";"TEC: technika";"ostatní závodníci okamžitě v rolích outsiderů . </s><s> Nesrovnatelná technika formulových";"monopostů z tzv";". kapitalistického světa a naopak z tzv . socialistických zemí"
"1";"cs: čeština";"NFC: oborová literatura";"POP: populárně naučná literatura";"FTS: formální a technické vědy";"TEC: technika";"velmi přesným závitem , který je zakončen na jedné straně";"částí z velmi";"tvrdé oceli ( doraz pohyblivý ) a „ momentovým “"
"1";"cs: čeština";"NFC: oborová literatura";"POP: populárně naučná literatura";"FTS: formální a technické vědy";"TEC: technika";"( Mespilus germanica ) , které zahradě dodávají nevšední kouzlo";"zahrady z 18";". století . </s><s> Na mnohých vyvýšených záhonech najdete i rostliny"
"1";"cs: čeština";"NFC: oborová literatura";"PRO: profesní literatura";"FTS: formální a technické vědy";"ICT: výpočetní technika";"se jako 0 až 7 ) . </s><s> Problém omezeného počtu";"znaků z diakritikou";"se řeší obvykle tak , že se obrazce znaků nahrají"
"1";"cs: čeština";"NFC: oborová literatura";"PRO: profesní literatura";"FTS: formální a technické vědy";"ICT: výpočetní technika";"CS2 a jsou řízeny zbývajícími 5 bity portu P .";"Čtení z LCD";"modulu není možné , proto je také vývod spojen s"
"1";"cs: čeština";"NFC: oborová literatura";"PRO: profesní literatura";"FTS: formální a technické vědy";"ICT: výpočetní technika";"označovaným jako Big Data . </s><s> Samozřejmým se stává komplexní zpracování";"dat z původně";"oddělených aplikací pro Asset management , Property management , Projektové"
"1";"cs: čeština";"NFC: oborová literatura";"POP: populárně naučná literatura";"FTS: formální a technické vědy";"ICT: výpočetní technika";"v e-mailové komunikaci klesl oproti minulému čtvrtletí o 5,8 procentního";"bodu ( z 59,2";"% na 53,4 % ) , aktuálně značně narostlo zneužívání"
"1";"cs: čeština";"NFC: oborová literatura";"POP: populárně naučná literatura";"FTS: formální a technické vědy";"ICT: výpočetní technika";"a blokování různých Java skriptů , cookies a trackerů třetích";"stran z vámi";"navštívených stránek . </s><s> Některé weby a domény jsou jimi totiž"
"1";"cs: čeština";"NFC: oborová literatura";"POP: populárně naučná literatura";"FTS: formální a technické vědy";"ICT: výpočetní technika";"u pamětí RAM pro případ nechtěné , náhodné změny hodnoty";"bitu ( z 1";"na 0 nebo opačně ) . </s><s> U ECC pamětí jsou"
"1";"cs: čeština";"NFC: oborová literatura";"POP: populárně naučná literatura";"FTS: formální a technické vědy";"ICT: výpočetní technika";"do historie 720 dní . </s><s> Umožňuje i doplnění a sestavení";"informací z jinak";"nesourodých světů a propojit tyto informace s HW . </s><s> Firma"
"1";"cs: čeština";"NFC: oborová literatura";"POP: populárně naučná literatura";"FTS: formální a technické vědy";"ICT: výpočetní technika";"proces implementace a integrace , “ dodává Hampel . </s><s> Podle";"Mošny z Epassu";"se nejčastěji integrují vysoce specializované aplikace , které nelze pokrýt"
"1";"cs: čeština";"NFC: oborová literatura";"POP: populárně naučná literatura";"FTS: formální a technické vědy";"ICT: výpočetní technika";"96 . </s><s> A nakonec se díky GDDR6 i zvýší propustnost";"paměti ze 192";"na 288 GB / s . Cena GTX 1660 by"
"1";"cs: čeština";"NFC: oborová literatura";"POP: populárně naučná literatura";"ITD: interdisciplinární";"ITD: interdisciplinární";"vystupovalo diatremou k povrchu maaru , vytlačilo nejdříve část sypkého";"materiálu z diatremy";"a vytvořiloval , přes který poté vystupující láva přetekla . </s>"
"1";"cs: čeština";"NFC: oborová literatura";"POP: populárně naučná literatura";"ITD: interdisciplinární";"ITD: interdisciplinární";", jako je např . práce Davida Zhanga a jeho";"kolegů z Hong";"Kongu a čínských univerzit o kolapsech a populační dynamice ,"
"1";"cs: čeština";"NFC: oborová literatura";"POP: populárně naučná literatura";"ITD: interdisciplinární";"ITD: interdisciplinární";". Život ohrožující infekce při poškození </s><s> střevní bariéry a vyplavení";"bakterií ze";"</s><s> střeva do krve nebo do okolních tkání ( zánět </s><s> pobřišnice"
"1";"cs: čeština";"NFC: oborová literatura";"MEM: memoáry, autobiografie";"MEM: memoáry, autobiografie";"MEM: memoáry, autobiografie";"ze 4 . t . m . a druhý od";"Adrieny z 5";". t . m . , oba vyslané 6 . </s>"
"1";"en: angličtina";"NFC: oborová literatura";"MEM: memoáry, autobiografie";"MEM: memoáry, autobiografie";"MEM: memoáry, autobiografie";"Rick Grech , kterej hrál s Family , jednou z";"kapel ze Speakeasy";". </s><s> Byli jsme dobrý kamarádi a Rick byl bezva chlap"
"1";"it: italština";"NFC: oborová literatura";"MEM: memoáry, autobiografie";"MEM: memoáry, autobiografie";"MEM: memoáry, autobiografie";"se můžeme setkat s celou řadou originálních obrazů a metafor";"pocházejících z docela";"obyčejné každodennosti , s přirovnáními k prostým přírodním dějům a"
"1";"en: angličtina";"NFC: oborová literatura";"MEM: memoáry, autobiografie";"MEM: memoáry, autobiografie";"MEM: memoáry, autobiografie";"by minové pole opatřily varovnými cedulemi . </s><s> Možná při spolupráci";"lumpů ze Soldatenklau";"a místních organizací nacistické strany spoléhali jeden na druhého ,"
"1";"en: angličtina";"NFC: oborová literatura";"MEM: memoáry, autobiografie";"MEM: memoáry, autobiografie";"MEM: memoáry, autobiografie";"dopisy a pohlednice z Polska , dále Mimmy Briggsové (";"Bambergerové ) z NewYorku";", a v neposlední řadě i Kaethe a Paulovi Hahnovým"
"1";"cs: čeština";"NFC: oborová literatura";"MEM: memoáry, autobiografie";"MEM: memoáry, autobiografie";"MEM: memoáry, autobiografie";"fašistům v řadách letectva . </s><s> Když bylo pro posilu východní";"fronty z RAF";"uvolněno 21 vybraných letců pod vedením štkpt . </s><s> Františka Fajtla"
"1";"cs: čeština";"NFC: oborová literatura";"MEM: memoáry, autobiografie";"MEM: memoáry, autobiografie";"MEM: memoáry, autobiografie";", kterým karta padá . </s><s> Komunismus je prostě mocenská svévole";"jedné z daleko";"nejmenších menšin . </s><s> V Americe se žádnej bolševismus do lidí"
"1";"en: angličtina";"NFC: oborová literatura";"MEM: memoáry, autobiografie";"MEM: memoáry, autobiografie";"MEM: memoáry, autobiografie";": ‚ Jak můžete tvrdit , že je dvanáct zvířecích";"hlav z Jüan-ming-jüan";"( Starý letní palác v Pekingu – pozn . red"
"1";"en: angličtina";"NFC: oborová literatura";"MEM: memoáry, autobiografie";"MEM: memoáry, autobiografie";"MEM: memoáry, autobiografie";"něm uklouzla . </s><s> Ano , přesně tak . </s><s> Zavraždí nenarozeného";"hraběte z Downtonu";"mýdlem . </s><s> Takovou zápletku by nevymysleli ani v Dynastii za"
"1";"cs: čeština";"NFC: oborová literatura";"MEM: memoáry, autobiografie";"MEM: memoáry, autobiografie";"MEM: memoáry, autobiografie";"Hlavním štábu jsem vydržel něco přes rok . </s><s> Bystrému oku";"slídilů z 5";". oddělení ( kontrašpionáže ) neušly mé styky s Bartošem"
"1";"cs: čeština";"NMG: publicistika";"NEW: tradiční publicistika";"X: neuvedeno";"NTW: celostátní tisk";"z velké části z daní ze zisku , daní z";"mezd , z DPH";"a podobně . </s><s> Potřeba odkladu </s><s> Představitelé ICT UNIE proto vyzvali"
"1";"cs: čeština";"NMG: publicistika";"NEW: tradiční publicistika";"X: neuvedeno";"NTW: celostátní tisk";"přístup na trh práce znesnadněn . </s><s> „ Narůstá proto počet";"lidí z EU";", kteří často pracují také za velmi problematických podmínek . </s>"
"1";"cs: čeština";"NMG: publicistika";"NEW: tradiční publicistika";"X: neuvedeno";"NTW: celostátní tisk";", že banky musí nově ruským orgánům hlásit finanční transakce";"občanů z EU";". </s><s> Otázkou je , jak tato situace oboustranné ekonomické blokády"
"1";"cs: čeština";"NMG: publicistika";"NEW: tradiční publicistika";"X: neuvedeno";"NTW: celostátní tisk";"odposlechu Elysejského paláce . </s><s> Tisková konference k uctění památky obětem";"terorismu z 13";". listopadu . </s><s> Říjen - Calais výdej jídla v centru"
"1";"cs: čeština";"NMG: publicistika";"NEW: tradiční publicistika";"X: neuvedeno";"NTW: celostátní tisk";"( ANO ) , loni zvýšila tržby meziročně o 11";"procent z 2,7";"miliardy na 3,01 miliardy korun . </s><s> Čistý zisk Prechezy vzrostl"
"1";"cs: čeština";"NMG: publicistika";"NEW: tradiční publicistika";"X: neuvedeno";"NTW: celostátní tisk";". </s><s> Zlepšila však odhad letošního růstu britské ekonomiky na 2,8";"procenta z dříve";"předpokládaných 2,5 procenta . </s><s> Předpověděla rovněž , že inflace se"
"1";"cs: čeština";"NMG: publicistika";"NEW: tradiční publicistika";"X: neuvedeno";"NTW: celostátní tisk";"symbolem nového německého fotbalu , jehož základní sestava se od";"té z 90";". let liší k nepoznání . </s><s> ( Ještě v týmu"
"1";"cs: čeština";"NMG: publicistika";"NEW: tradiční publicistika";"X: neuvedeno";"NTW: celostátní tisk";"2014 nashromáždil sběratel Ladislav Šejnoha z Lanškrouna 400 tisíc autobusových";"jízdenek z 57";"zemí světa . </s><s> Nejstarší jízdenka je z roku 1929 ."
"1";"cs: čeština";"NMG: publicistika";"NEW: tradiční publicistika";"X: neuvedeno";"NTW: celostátní tisk";"Německu . </s><s> Loni více než zdvojnásobila zisk na 1,691 miliardy";"eur z 681";"miliónů eur v předchozím roce . </s><s> Drahoš : Stát by"
"1";"cs: čeština";"NMG: publicistika";"NEW: tradiční publicistika";"X: neuvedeno";"NTW: celostátní tisk";"třineckého útočníka . </s><s> Povedená dělovka brněnského Jozefa Kováčika od modré";"čáry z 26";". minuty tak byla nakonec vítězná . </s><s> „ Zaplaťpánbůh za"
"1";"cs: čeština";"NMG: publicistika";"NEW: tradiční publicistika";"X: neuvedeno";"NTW: celostátní tisk";"s ohledem na utajované skutečnosti říct nechce , podle některých";"zdrojů z BIS";"to ale mohlo být již v dávnější minulosti při práci"
"1";"cs: čeština";"NMG: publicistika";"NEW: tradiční publicistika";"X: neuvedeno";"NTW: celostátní tisk";"banka Riksbank snížila svou základní úrokovou sazbu na minus 0,50";"procenta z minus";"0,35 procenta . </s><s> Snížení úroků bylo výraznější , než očekávali"
"1";"cs: čeština";"NMG: publicistika";"NEW: tradiční publicistika";"X: neuvedeno";"NTW: celostátní tisk";"vynesla Susanne Bierové Emmy za režii . </s><s> Po odchodu Jona";"Stewarta z Daily";"Show skončila dlouholetá nadvláda kanálu Comedy Central na poli varietních </s>"
"1";"cs: čeština";"NMG: publicistika";"NEW: tradiční publicistika";"X: neuvedeno";"NTW: celostátní tisk";"EU v Bratislavě dokonce vyzval ostatní členské státy k vyloučení";"Maďarska z EU";". </s><s> Kontroverzní výroky řekl při rozhovoru pro německý list Die"
"1";"cs: čeština";"NMG: publicistika";"NEW: tradiční publicistika";"X: neuvedeno";"NTW: celostátní tisk";"Evropské rady Donalda Tuska , že na změkčení podmínek odchodu";"Británie z EU";"má britská vláda zapomenout . </s><s> Jedinou alternativou tvrdého brexitu je"
"1";"cs: čeština";"NMG: publicistika";"NEW: tradiční publicistika";"X: neuvedeno";"NTW: celostátní tisk";"společnosti TPA Horwath </s><s> Milan Mikulka , </s><s> Škoda Auto připomíná výročí";"Upíra z Feratu";"</s><s> Závodní Škoda Fabia vyjede na víkendové Rallye Bohemia v netradiční"
"1";"cs: čeština";"NMG: publicistika";"NEW: tradiční publicistika";"X: neuvedeno";"NTW: celostátní tisk";"jakým jsme byli konfrontováni například včera . </s><s> Snížit trest pirátovi";"silnic z 15,5";"na 6,5 roku vězení , spolu se změnou kvalifikace ,"
"1";"cs: čeština";"NMG: publicistika";"NEW: tradiční publicistika";"X: neuvedeno";"NTW: celostátní tisk";", která někdejší ministryni zahraničí nepřestává stíhat od oné osudné";"noci z 11";". na 12 . září 2012 , se s eskalujícím"
"1";"cs: čeština";"NMG: publicistika";"NEW: tradiční publicistika";"X: neuvedeno";"NTW: celostátní tisk";"že i dnes o nezletilé děti po rozvodu či rozchodu";"rodičů z více";"než 80 % pečují matky . </s><s> Z rodičů , kteří"
"1";"cs: čeština";"NMG: publicistika";"NEW: tradiční publicistika";"X: neuvedeno";"NTW: celostátní tisk";"a zítra vždy od 18 hodin . </s><s> Liberečtí jdou do";"playoff z 2";". příčky , Příbram obsadila 7 . místo . </s><s> „"
"1";"cs: čeština";"NMG: publicistika";"NEW: tradiční publicistika";"X: neuvedeno";"NTW: celostátní tisk";"Jakubu Klouzalovi , který do roku 2011 pracoval jako ředitel";"jednoho z IT";"odborů na ministerstvu zahraničí . </s><s> Pak ale policii odevzdal informace"
"1";"cs: čeština";"NMG: publicistika";"NEW: tradiční publicistika";"X: neuvedeno";"NTW: celostátní tisk";"bude obhajovat mýto i svou pozici </s><s> PRAHA Ministra dopravy Dana";"Ťoka z ANO";"čeká dnes při jednání vlády těžká práce . </s><s> Bude muset"
"1";"cs: čeština";"NMG: publicistika";"NEW: tradiční publicistika";"X: neuvedeno";"NTW: celostátní tisk";"odvětví na importu , “ říká Mahdalová . </s><s> Po výpadku";"dovozů z EU";"kvůli embargu na potraviny před dvěma lety se největším dodavatelem"
"1";"cs: čeština";"NMG: publicistika";"NEW: tradiční publicistika";"X: neuvedeno";"NTW: celostátní tisk";"opravena souběžně s výstavbou autobusového terminálu . </s><s> Kvůli protahování převodu";"nádraží z ČD";"na Správu železniční dopravní cesty ( SŽDC ) ale tehdy"
"1";"cs: čeština";"NMG: publicistika";"NEW: tradiční publicistika";"X: neuvedeno";"NTW: celostátní tisk";"“ doplňuje Kliment . </s><s> Podle něj chce Diamo využít socialistického";"zákona z 80";". let minulého století . </s><s> Ten totiž říká , že"
"1";"cs: čeština";"NMG: publicistika";"NEW: tradiční publicistika";"X: neuvedeno";"NTW: celostátní tisk";"chráněnými živočichy , “ řekl Ležatka . </s><s> Plzeň dokončuje plán";"čerpání z EU";"</s><s> Plzeň dokončuje strategii ITI , tedy integrovaných teritoriálních investic velké"
"1";"cs: čeština";"NMG: publicistika";"NEW: tradiční publicistika";"X: neuvedeno";"NTW: celostátní tisk";", že se nám podařilo snížit dlužnou částku u bydlících";"nájemníků ze 173";"000 na 126 128 korun . </s><s> I proto nemuselo v"
"1";"cs: čeština";"NMG: publicistika";"NEW: tradiční publicistika";"X: neuvedeno";"NTW: celostátní tisk";"krajiny s loukami a rybníky . </s><s> Pak topografie hospodářského dvora";"Fuksových z Lešic";". </s><s> Katastrální mapa vodňanských blat . </s><s> Když vlak zastavil ,"
"1";"cs: čeština";"NMG: publicistika";"NEW: tradiční publicistika";"X: neuvedeno";"NTW: celostátní tisk";"záchytným bodem a jistotou , “ uvádí Knotová . </s><s> Aktivitu";"studentů z Open";"Gate , kteří sami hledají příležitosti , kde druhým pomoci"
"1";"cs: čeština";"NMG: publicistika";"NEW: tradiční publicistika";"X: neuvedeno";"NTW: celostátní tisk";"balony to nedokážou , “ uvedli na webu projektu inženýři";"projektu z Alphabet";"X Lab . </s><s> Projekt Loon využívá balonovou síť ve výšce"
"1";"cs: čeština";"NMG: publicistika";"NEW: tradiční publicistika";"X: neuvedeno";"NTW: celostátní tisk";"autonomní přistání dronu na jedoucím vozidle dostalo české družstvo 97,653";"bodu ze 100";"možných . </s><s> Skončili tak na druhém místě za týmem z"
"1";"cs: čeština";"NMG: publicistika";"NEW: tradiční publicistika";"X: neuvedeno";"NTW: celostátní tisk";"průmyslu a obchodu . </s><s> » Mělo by se rozjíždět čerpání";"dotací z EU";", je tam velké , minimálně dvouleté zdržení . </s><s> Neviděl"
"1";"cs: čeština";"NMG: publicistika";"NEW: tradiční publicistika";"X: neuvedeno";"NTW: celostátní tisk";". </s><s> Letos se o titul nejlepšího podnikatele světa ucházelo 59";"byznysmenů ze 49";"zemí . </s><s> Byli mezi nimi třeba majitelé hotelových řetězců Marriott"
"1";"cs: čeština";"NMG: publicistika";"NEW: tradiční publicistika";"X: neuvedeno";"NTW: celostátní tisk";", protože každý z nich seděl uzavřen v samostatné místnosti";"jedné z dlouhodobě";"nevyužívaných budov v centru města . </s><s> Partiturou akce se stala"
"1";"cs: čeština";"NMG: publicistika";"NEW: tradiční publicistika";"X: neuvedeno";"NTW: celostátní tisk";"května 1987 </s><s> Na výzvu redakce iDNES . cz ohledně autorství";"fotografie z 1";". května 1987 reagovali tři lidé . </s><s> Mimo Ľuba Bechného"
"1";"cs: čeština";"NMG: publicistika";"NEW: tradiční publicistika";"X: neuvedeno";"NTW: celostátní tisk";"archeology . </s><s> Její součástí budou i překlady významných latinsky psaných";"listin ze 13";". a 14 . století . </s><s> Pro školáky se zase"
"1";"cs: čeština";"NMG: publicistika";"NEW: tradiční publicistika";"X: neuvedeno";"NTW: celostátní tisk";", zase sice upozorňuje , že se jedná o ministra";"zahraničí z ČSSD";", nikoliv už to , že soc . dem ."
"1";"cs: čeština";"NMG: publicistika";"NEW: tradiční publicistika";"X: neuvedeno";"NTW: celostátní tisk";"<s> O celý vyšetřovací spis nyní poslanci požádali na popud Matěje";"Fichtnera z ANO";". </s><s> Pokud budou členové výboru trvat na tom , že"
"1";"cs: čeština";"NMG: publicistika";"NEW: tradiční publicistika";"X: neuvedeno";"NTW: celostátní tisk";"tedy bohatou historií přezdívá , se sjelo 125 chlapců i";"dívek z 8";". a 9 . tříd . </s><s> Na šesti speciálních stanovištích"
"1";"cs: čeština";"NMG: publicistika";"NEW: tradiční publicistika";"X: neuvedeno";"NTW: celostátní tisk";"vyloučili </s><s> PRAHA – Ruské hokejistky byly diskvalifikovány za porušení dopingových";"pravidel ze 6";". místa na minulých ZOH v Soči a není ani"
"1";"cs: čeština";"NMG: publicistika";"NEW: tradiční publicistika";"X: neuvedeno";"NTW: celostátní tisk";"které poslanci navrhují sólově . </s><s> Například u radikálního plánu Jaroslava";"Foldyny z ČSSD";", který chce vyřadit ekologické spolky rovnou ze všech řízení"
"1";"cs: čeština";"NMG: publicistika";"NEW: tradiční publicistika";"X: neuvedeno";"NTW: celostátní tisk";"letech jsme ochotně a bez větších problémů přijali tisíce bosenských";"muslimů z válkou";"zničené Jugoslávie . </s><s> A nedávno jsme se ženou a dětmi"
"1";"cs: čeština";"NMG: publicistika";"NEW: tradiční publicistika";"X: neuvedeno";"NTW: celostátní tisk";"se konaly senátní volby , v nichž se vybíralo 171";"senátorů z 348";". </s><s> Vládní hnutí Republika v pohybu Emmanuela Macrona získalo jen"
"1";"cs: čeština";"NMG: publicistika";"NEW: tradiční publicistika";"X: neuvedeno";"NTW: celostátní tisk";"dá chápat volební úspěch strany Vox , která obsadila dvanáct";"křesel ze 109";". </s><s> Doposud přitom Vox příliš úspěšná nebyla , za čtyři"
"1";"cs: čeština";"NMG: publicistika";"NEW: tradiční publicistika";"X: neuvedeno";"NTW: celostátní tisk";"jako jsou mléko či maso . </s><s> Soběstačnost máme pokrytu u";"mléka z 85";"% , drůbeže z 57 % , vajec z 56"
"1";"cs: čeština";"NMG: publicistika";"NEW: tradiční publicistika";"X: neuvedeno";"NTW: celostátní tisk";", jak reorganizovat islám ve Francii . </s><s> Zvažuje i zavedení";"daně z halal";"výrobků . </s><s> Simone Radačičová , </s><s> Okamurovci straší kvótami , co"
"1";"cs: čeština";"NMG: publicistika";"NEW: tradiční publicistika";"X: neuvedeno";"NTW: celostátní tisk";"49 procent v ní získá nový investor . </s><s> Podle nejmenovaného";"zdroje z CEFC";"se v předchozích dnech jednalo s velkou čínskou státní společností"
"1";"cs: čeština";"NMG: publicistika";"NEW: tradiční publicistika";"X: neuvedeno";"NTW: celostátní tisk";"Volby v říjnu 2014 vyhrálo ANO , když získalo 17";"mandátů z 65";". </s><s> Původně měl být lídrem bývalý primátor Jan Kasl ,"
"1";"cs: čeština";"NMG: publicistika";"NEW: tradiční publicistika";"X: neuvedeno";"NTW: celostátní tisk";", “ říká Stehlík . </s><s> Týká se to jak eroze";"půdy z převážně";"kukuřičných polí , tak sucha a nutného zadržování vláhy v"
"1";"cs: čeština";"NMG: publicistika";"NEW: tradiční publicistika";"X: neuvedeno";"NTW: celostátní tisk";"obměna , v nejbližších letech je nutno nahradit nejméně jedenáct";"soudců z 68";". </s><s> Nic se nemění na tom , že Nejvyšší soud"
"1";"cs: čeština";"NMG: publicistika";"NEW: tradiční publicistika";"X: neuvedeno";"NTW: celostátní tisk";"roce 2016 / 2017 se na fakultu dostalo celkem 25";"zájemců ze 116";", u kterých se lze podle bodových výsledků domnívat ,"
"1";"cs: čeština";"NMG: publicistika";"NEW: tradiční publicistika";"X: neuvedeno";"NTW: celostátní tisk";"se značka Regionální potravina uděluje , ji má přes 400";"produktů ze 13";"regionů Čech a Moravy . </s><s> Přímo ve Zlínském kraji jich"
"1";"cs: čeština";"NMG: publicistika";"NEW: tradiční publicistika";"X: neuvedeno";"NTW: celostátní tisk";"porota vybírala v degustaci naslepo z více než 2 300";"vzorků z 50";"zemí . </s><s> Primátor Stout , tmavé pivo irského typu s"
"1";"cs: čeština";"NMG: publicistika";"NEW: tradiční publicistika";"X: neuvedeno";"NTW: celostátní tisk";"sedí Babišova manželka Monika , což podle advokátů znamená konflikt";"zájmů z „";"rodinných důvodů “ . </s><s> Řešení , která bruselští právníci Babišovi"
"1";"cs: čeština";"NMG: publicistika";"NEW: tradiční publicistika";"X: neuvedeno";"NTW: celostátní tisk";"budou rychlobruslařka Martina Sáblíková a snowboardkrosařka Eva Samková , absence";"hráčů z NHL";"může hrát do karet českým hokejistům … </s><s> „ Je tam"
"1";"cs: čeština";"NMG: publicistika";"NEW: tradiční publicistika";"X: neuvedeno";"NTW: celostátní tisk";"spolu se svými kolegy architekt Petr Všetečka . </s><s> Nevybíravá přestavba";"památníku z 50";". let podle Všetečky zcela popřela principy , z nichž"
"1";"cs: čeština";"NMG: publicistika";"NEW: tradiční publicistika";"X: neuvedeno";"NTW: celostátní tisk";"Tiffanymu totiž ukrajují cla , která Peking zavedl na dovoz";"šperků z USA";". </s><s> Od 1 . června se zvýšila z 10 na"
"1";"cs: čeština";"NMG: publicistika";"NEW: tradiční publicistika";"X: neuvedeno";"NTW: celostátní tisk";"deník Daily Telegraph jste uvedl , že jste odchod Velké";"Británie z EU";"očekával od doby , co se rozhodla nepřijmout euro . </s>"
"1";"cs: čeština";"NMG: publicistika";"NEW: tradiční publicistika";"X: neuvedeno";"NTW: celostátní tisk";"na koupi podílu v Toyotě . </s><s> Huawei vyrábí stanice bez";"součástek z USA";"</s><s> TECHNOLOGIE </s><s> Čínská společnost Huawei Technologies začala vyrábět základnové stanice pro"
"1";"cs: čeština";"NMG: publicistika";"NEW: tradiční publicistika";"X: neuvedeno";"NTW: celostátní tisk";". </s><s> V přepočtu na čistý alkohol spotřeba stoupla na 8,4";"litru z 8,2";"litru v roce 2017 . </s><s> Dukovany mají zelenou </s><s> Vláda schválila"
"1";"cs: čeština";"NMG: publicistika";"NEW: tradiční publicistika";"X: neuvedeno";"NTW: celostátní tisk";"odklad brexitu spolu s novými volbami . </s><s> Dohodu o vystoupení";"Británie z EU";", jak ji dojednal premiér Boris Johnson , totiž považuje"
"1";"cs: čeština";"NMG: publicistika";"NEW: tradiční publicistika";"X: neuvedeno";"NTW: celostátní tisk";"kategorii obsadil čtvrtkař Michal Desenský , který byl členem sedmé";"štafety z ME";"v Berlíně . </s><s> Nejlepším kolektivem se znovu staly basketbalistky Sokola"
"1";"cs: čeština";"NMG: publicistika";"NEW: tradiční publicistika";"X: neuvedeno";"NTW: celostátní tisk";"<s> Slavnosti každoročně připomínají působení hudebního génia Josepha Haydna na zámku";"hrabat z Morzinu";"v Dolní Lukavici v letech 1758 - 61 . </s><s> Lidí"
"1";"cs: čeština";"NMG: publicistika";"NEW: tradiční publicistika";"X: neuvedeno";"NTW: celostátní tisk";"a bylo provázeno přesunem krve , a tedy kyslíku a";"glukózy , z „";"luxusních “ a pro tu chvíli postradatelných funkcí směrem ke"
"1";"cs: čeština";"NMG: publicistika";"NEW: tradiční publicistika";"X: neuvedeno";"REG: regionální tisk";". </s><s> Hostům k bodům nepomohla ani kontaktní branka útočníka Radima";"Drmely ze 41";". minuty . </s><s> Žarošice proti posílenému soupeři z Břeclavska nezačaly"
"1";"cs: čeština";"NMG: publicistika";"NEW: tradiční publicistika";"X: neuvedeno";"REG: regionální tisk";"řecko římském žáků , kadetů a seniorů za účasti 95";"závodníků ze 16";"oddílů Česka , Slovenska , Polska , Maďarska a Ukrajiny"
"1";"cs: čeština";"NMG: publicistika";"NEW: tradiční publicistika";"X: neuvedeno";"REG: regionální tisk";"jinak nepotkali . </s><s> I proto bylo součástí festivalu taneční vystoupení";"dětí z 15";". </s><s> ZŠ , zahrála i Senior kapela . </s><s> Na Seniorské"
"1";"cs: čeština";"NMG: publicistika";"NEW: tradiční publicistika";"X: neuvedeno";"REG: regionální tisk";". </s><s> Markéta se do české reprezentace kvalifikovala vítězstvím 1 .";"místa z 11";"týmů ( obhájila tedy stejný výsledek z minulého roku )"
"1";"cs: čeština";"NMG: publicistika";"NEW: tradiční publicistika";"X: neuvedeno";"REG: regionální tisk";"snů . </s><s> Na zámku se sešlo přes 400 výtvarných prací";"dětí z 30";"škol a školek , a to nejen obrázků , ale"
"1";"cs: čeština";"NMG: publicistika";"NEW: tradiční publicistika";"X: neuvedeno";"REG: regionální tisk";"50 speciálních akcích se do něj dosud zapojilo 6 866";"žáků z 96";"základních škol , kteří se seznámili s 63 obory . </s>"
"1";"cs: čeština";"NMG: publicistika";"NEW: tradiční publicistika";"X: neuvedeno";"REG: regionální tisk";"Kanjiža . </s><s> Na letošním 8 . ročníku se představilo 352";"závodníků ze 42";"oddílů a 15 evropských států . </s><s> Tato rekordní mezinárodní účast"
"1";"cs: čeština";"NMG: publicistika";"NEW: tradiční publicistika";"X: neuvedeno";"REG: regionální tisk";"nejcennější předměty ze sbírky muzea , návštěvníci uvidí i nápisy";"vězňů ze 17";". století , “ pokračoval . </s><s> Podle něj i některých"
"1";"cs: čeština";"NMG: publicistika";"NEW: tradiční publicistika";"X: neuvedeno";"REG: regionální tisk";"korun . </s><s> Proluka vznikla na konci 80 . let minulého";"století z velmi";"kuriózních důvodů . </s><s> Byly tam původně dva domy podobné jako"
"1";"cs: čeština";"NMG: publicistika";"NEW: tradiční publicistika";"X: neuvedeno";"REG: regionální tisk";"jsou rizikovější , např . část Holýšova je zásobena z";"vrtů z Líšiné";". </s><s> Tam už je vydatnost oproti začátku roku nižší a"
"1";"cs: čeština";"NMG: publicistika";"NEW: tradiční publicistika";"X: neuvedeno";"REG: regionální tisk";"<s> Do akce se zapojí přes 100 divadel , souborů a";"institucí z více";"než 30 českých měst . </s><s> Divadlo v Lidovém domě Vsetín </s>"
"1";"cs: čeština";"NMG: publicistika";"LEI: volnočasová publicistika";"X: neuvedeno";"HOU: bydlení, zahrada, hobby";". </s><s> První archeologické nálezy zlatých a měděných břitů pocházejí z";"Egypta ze 4";". století před naším letopočtem . </s><s> O dvě století později"
"1";"cs: čeština";"NMG: publicistika";"LEI: volnočasová publicistika";"X: neuvedeno";"HOU: bydlení, zahrada, hobby";"dva modely Universum Spa uvedeny na trh </s><s> 2005 úprava názvu";"společnosti z U";". S . Spa při příležitosti 10 . výročí založení"
"1";"cs: čeština";"NMG: publicistika";"LEI: volnočasová publicistika";"X: neuvedeno";"HOU: bydlení, zahrada, hobby";"( Tescoma ) pro přípravu originálních smažených sladkých a slaných";"rozetek z vafl";"ového těsta , cena 299 Kč , </s><s> Vykrajovátka s razítkem"
"1";"cs: čeština";"NMG: publicistika";"LEI: volnočasová publicistika";"X: neuvedeno";"HOU: bydlení, zahrada, hobby";"době byste měli v zahradě najít oku lahodící barevné kombinace";"složené z důvěrně";"známých rostlin , které jsou doma právě v naší zeměpisné"
"1";"cs: čeština";"NMG: publicistika";"LEI: volnočasová publicistika";"X: neuvedeno";"HOU: bydlení, zahrada, hobby";"dvougeneračního domu vložením vlastního vstupu ze severní strany a přemístěním";"ložnice z 1";". np do prostoru galerie s vybudováním potřebného hygienického zázemí"
"1";"cs: čeština";"NMG: publicistika";"LEI: volnočasová publicistika";"X: neuvedeno";"HOU: bydlení, zahrada, hobby";"po uši – do fantastických barev , vůní i slastného";"pocitu z nikdy";"nekončících prázdnin . </s><s> Není divu , že přátelé místu přezdívají"
"1";"cs: čeština";"NMG: publicistika";"LEI: volnočasová publicistika";"X: neuvedeno";"HOU: bydlení, zahrada, hobby";"při posezení na terase a ochutnávání některého z mnoha lahodných";"moků ze skvěle";"zásobených sklepů se můžete kochat pohledem na dozrávající hrozny ,"
"1";"cs: čeština";"NMG: publicistika";"LEI: volnočasová publicistika";"X: neuvedeno";"HOU: bydlení, zahrada, hobby";"a exteriéru . </s><s> Uvnitř domu kontrastuje tmavé obložení stěn a";"stropů z černě";"mořeného smrkového dřeva se světlejším dřevem . </s><s> Dynamický tvar budovy"
"1";"cs: čeština";"NMG: publicistika";"LEI: volnočasová publicistika";"X: neuvedeno";"HOU: bydlení, zahrada, hobby";"dní . </s><s> Přerušení nebo omezení dodávky vody nebo odvádění odpadních";"vod z výše";"uvedeného důvodu je provozovatel povinen oznámit odběrateli alespoň tři dny"
"1";"cs: čeština";"NMG: publicistika";"LEI: volnočasová publicistika";"X: neuvedeno";"LIF: životní styl";"roli v Pojišťovně štěstí . </s><s> Stálo tam asi dva tisíce";"holek z DAMU";", FAMU a já zůstala , jen abych paní profesorce"
"1";"cs: čeština";"NMG: publicistika";"LEI: volnočasová publicistika";"X: neuvedeno";"LIF: životní styl";"si připravíme : Na rybu : 80 g strouhanky •";"kůru ze 2";"citronů • 6 snítek tymiánu • sůl • drcený barevný"
"1";"cs: čeština";"NMG: publicistika";"LEI: volnočasová publicistika";"X: neuvedeno";"LIF: životní styl";"„ kapkejků “ nebo máslových sušenek , které upečete podle";"receptu ze str";". 38 ) přizvete děti , o zábavu nebude nouze"
"1";"cs: čeština";"NMG: publicistika";"LEI: volnočasová publicistika";"X: neuvedeno";"LIF: životní styl";"se zabývala ( kniha TRAGICKÝ BÁL . </s><s> ŽIVOT A SMRT";"PAVLÍNY ZE SCHWARZENBERGU";") , měla devět dětí , a to bylo naprosto"
"1";"cs: čeština";"NMG: publicistika";"LEI: volnočasová publicistika";"X: neuvedeno";"LIF: životní styl";"adaptovat se , “ podotýká Th om McDade , vedoucí";"výzkumu z Laboratory";"for Human Biology Research na Northwestern University . </s><s> „ Rodiče"
"1";"cs: čeština";"NMG: publicistika";"LEI: volnočasová publicistika";"X: neuvedeno";"LIF: životní styl";"hotel právě tam . </s><s> Designérské Studio Tack nakombinovalo původní prvky";"domu z 19";". století s moderními . </s><s> Hotel má i terasu s"
"1";"cs: čeština";"NMG: publicistika";"LEI: volnočasová publicistika";"X: neuvedeno";"SCT: společenský život";". </s><s> Ti počítají s tím , že šéfové České národní";"banky z a";"č á tkem února kvůli obavám z deflace srazí korunu"
"1";"cs: čeština";"NMG: publicistika";"LEI: volnočasová publicistika";"X: neuvedeno";"SCT: společenský život";"“ uvedla Ivana Buriánková z České pojišťovny . </s><s> Podle Jana";"Marka z DIRECT";"pojišťovny je onemocnění dětí nejčastějším důvodem zrušení zájezdu . </s><s> Kolik"
"1";"cs: čeština";"NMG: publicistika";"LEI: volnočasová publicistika";"X: neuvedeno";"SCT: společenský život";"z nich ale bohužel nepřežil . </s><s> Jediný , kdo z";"kostela ze 17";". století vyvázl živý , byl kněz – nejspíš při"
"1";"cs: čeština";"NMG: publicistika";"LEI: volnočasová publicistika";"X: neuvedeno";"SCT: společenský život";"celý outfit originálně dotáhla použitím stuh a tkaniček . </s><s> Včetně";"batohu ze second";"handu a brýlí z H & M . </s><s> P ."
"1";"cs: čeština";"NMG: publicistika";"LEI: volnočasová publicistika";"X: neuvedeno";"SPO: sport";"brankovišti Detroitu : v posledních čtyřech zápasech inkasoval jen osm";"branek ze 124";"střel a tým s ním v zádech získal šest z"
"1";"cs: čeština";"NMG: publicistika";"LEI: volnočasová publicistika";"X: neuvedeno";"SPO: sport";"střely / na branku 16 / 6 </s><s> 7 / 2";"střely z pok";". území 7 / 5 </s><s> Netradiční rozestavení Poprvé v sezoně"
"1";"cs: čeština";"NMG: publicistika";"LEI: volnočasová publicistika";"X: neuvedeno";"SPO: sport";"kterého se už nesebral . </s><s> Naopak Hamilton ovládl následných osm";"závodů z 11";"a své soky z Ferrari zdeptal . </s><s> 2019 Pošesté a"
"1";"cs: čeština";"NMG: publicistika";"LEI: volnočasová publicistika";"X: neuvedeno";"INT: zajímavosti ze světa";"užití . </s><s> OSTROV NOAH Aucklandská zoo ve spolupráci s ochránci";"přírody z Rotoroa";"Island Trustu se rozhodli napomoci biodiverzitě poněkud neortodoxním způsobem :"
"1";"cs: čeština";"NMG: publicistika";"LEI: volnočasová publicistika";"X: neuvedeno";"INT: zajímavosti ze světa";"<s> Ukazuje , že polibek mělo ve své historii jen 46";"procent ze 168";"zkoumaných kultur . </s><s> Vyskytuje se ve blízkovýchodních a evropských kulturách"
"1";"cs: čeština";"NMG: publicistika";"LEI: volnočasová publicistika";"X: neuvedeno";"INT: zajímavosti ze světa";"že vede rovnoběžně se stezkou , podél níž chce skupina";"investorů ze Scottsdale";"vybudovat kabinovou lanovku . </s><s> Kabiny pro osm lidí by přepravovaly"
"1";"cs: čeština";"NMG: publicistika";"LEI: volnočasová publicistika";"X: neuvedeno";"INT: zajímavosti ze světa";"Robot Ladybird ( anglicky „ slunéčko sedmitečné “ ) od";"tvůrců z University";"of Sydney si svůj název vysloužil podle toho , že"
"1";"cs: čeština";"NMG: publicistika";"LEI: volnočasová publicistika";"X: neuvedeno";"INT: zajímavosti ze světa";"v důsledku toho by vznikala nová pracovní místa . </s><s> Podle";"vědců z Copenhagen";"Consensus Centre by se každý dolar investovaný do bezdrátových sítí"
"1";"cs: čeština";"NMG: publicistika";"LEI: volnočasová publicistika";"X: neuvedeno";"INT: zajímavosti ze světa";"Zair , Afghánistán … ) . </s><s> Snímky jeho i dalších";"autorů z VII";"Photo Agency můžete do konce listopadu vidět v nové galerii"
"1";"cs: čeština";"NMG: publicistika";"LEI: volnočasová publicistika";"X: neuvedeno";"INT: zajímavosti ze světa";"ještěrů - včetně zmíněných varanů komodských . </s><s> Podle nové studie";"odborníků z University";"of Queensland skýtají jedy ještěrů a hadů velké množství látek"
"1";"cs: čeština";"NMG: publicistika";"LEI: volnočasová publicistika";"X: neuvedeno";"INT: zajímavosti ze světa";"pevnosti spotřebovala více jak 200 miliónů cihel </s><s> Křesadlový zámek jednoranné";"muškety z 18";". století </s><s> JB 3D model ravelinu s reduitem a bastionu"
"1";"cs: čeština";"NMG: publicistika";"LEI: volnočasová publicistika";"X: neuvedeno";"INT: zajímavosti ze světa";"<s> V současnosti dovedou divy </s><s> Snímek zachycuje Baracka Obamu simulovaného programem";"vědců z University";"of Washington </s><s> Virtuální moderátor čínské televize zvládá čtení textu doprovázet"
"1";"cs: čeština";"NMG: publicistika";"LEI: volnočasová publicistika";"X: neuvedeno";"MIX: společnost";"Mikuláše jako výchovný prostředek . </s><s> Mikuláš je pro děti synonymem";"dárečků – z 95";"% jsou to sladkosti a ovoce . </s><s> Ve případů tvoří"
"1";"cs: čeština";"NMG: publicistika";"LEI: volnočasová publicistika";"X: neuvedeno";"MIX: společnost";"byla úvaha překladatele Jana Mattuše v pravidelném sobotním sloupku Lidových";"novin ze 7";". ledna 2017 nadepsaná Ztraceni v jazyce . </s><s> Překladatel Mattuš"
"1";"cs: čeština";"NMG: publicistika";"LEI: volnočasová publicistika";"X: neuvedeno";"MIX: společnost";"The Feeling , Mikea Rutherforda z Genesis a bubeníka Nicka";"Masona z Pink";"Floyd při závěrečném ceremoniálu olympiády v Londýně . </s><s> VZHŮRU NA"
"1";"cs: čeština";"NMG: publicistika";"LEI: volnočasová publicistika";"X: neuvedeno";"MIX: společnost";"ukřižování Ježíše Krista byly po nákladné rekonstrukci zasazeny do původních";"rámů ze 17";". století . </s><s> V rámci akce lze mimořádně navštívit i"
"1";"cs: čeština";"NMG: publicistika";"LEI: volnočasová publicistika";"X: neuvedeno";"MIX: společnost";". “ JAROSLAV DOLEŽEL ROZLUŠTIL DNA pšenice s pomocí 200";"vědců z 20";"zemí . </s><s> Zabýváte se oborem , který je pro řadu"
"3";"en: angličtina";"FIC: beletrie";"NOV: próza";"X: neuvedeno";"X: neuvedeno";"utekly bychom , schovaly se v misii , žadonily bychom";"u Z .";"G . , dokud by nám nepřislíbil pomoc … </s><s> „"
"3";"en: angličtina";"FIC: beletrie";"NOV: próza";"X: neuvedeno";"X: neuvedeno";"co se matky týče , věci se neodvíjejí od A";"do Z ,";"láska neroste ani neklesá jako křivka burzovních hodnot , odhalení"
"3";"en: angličtina";"NFC: oborová literatura";"POP: populárně naučná literatura";"HUM: humanitní vědy";"INF: knihovnictví, informatika";"E , devět tisíc písmen T a jen dvě stě";"písmen Z .";"Společně s Morsem podle toho sestavili abecedu . </s><s> Zatímco původně"
"3";"cs: čeština";"NFC: oborová literatura";"POP: populárně naučná literatura";"NAT: přírodní vědy";"BIO: biologie";"tím operací relativně jednoduchou . </s><s> Jedním z četných a neobvyklých";"zážitků Z .";"Pince z doby jeho fungování v roli sociálního kurátora bylo"
"3";"cs: čeština";"NFC: oborová literatura";"PRO: profesní literatura";"NAT: přírodní vědy";"GEO: geografie, geologie";"s tížnicí , což zpřesňuje výsledky a díky fixaci svislé";"osy Z na";"všech stanoviscích usnadňuje registraci . </s><s> Kompenzátor nebo sklonoměr mají skenery"
"3";"cs: čeština";"NFC: oborová literatura";"SCI: odborná literatura";"NAT: přírodní vědy";"CHE: chemie";"vazeb , a proto je u nich možný vznik geometrické";"izomerie ( Z a";"E ) . </s><s> Jednotlivé geometrické izomery jsou chemická individua lišící"
"3";"cs: čeština";"NFC: oborová literatura";"SCI: odborná literatura";"NAT: přírodní vědy";"CHE: chemie";"<s> Přítomnost dvojné vazby ve struktuře má za následek vznik geometrických";"izomerů Z a";"E , které byly diskutovány v předchozí kapitole Izomerie . </s>"
"3";"cs: čeština";"NFC: oborová literatura";"PRO: profesní literatura";"FTS: formální a technické vědy";"TEC: technika";"svítidla ( ? ~ 55 % ) a celkového udržovacího";"činitele z =";"0,8 byl minimální potřebný počáteční světelný tok svítidla ? sv"
"3";"cs: čeština";"NFC: oborová literatura";"PRO: profesní literatura";"FTS: formální a technické vědy";"TEC: technika";"elektrárny Temelín . </s><s> Organizátor akce , Asociace českých a slovenských";"zinkoven , z .";"s . , se vždy snaží ( současně se zajímavým"
"3";"cs: čeština";"NFC: oborová literatura";"POP: populárně naučná literatura";"FTS: formální a technické vědy";"TEC: technika";"týká i cenovek . - r </s><s> TABLETOVÝ KALEIDOSKOP </s><s> Barcelona bez";"Xperie Z";"</s><s> Každoroční světový kongres MWC v Barceloně je nejvýznamnější událostí pro"
"3";"cs: čeština";"NFC: oborová literatura";"POP: populárně naučná literatura";"FTS: formální a technické vědy";"TEC: technika";"stěny ( systém IZO Plus - tloušťka 30 cm s";"U Z 0,16";"W / m 2 K , systém IZO Comfort -"
"3";"cs: čeština";"NFC: oborová literatura";"SCI: odborná literatura";"FTS: formální a technické vědy";"ICT: výpočetní technika";". </s><s> A - výpočtem ( A - computation ) Turingova";"stroje Z nazýváme";"konečnou posloupnost 1 , 2 , ... , p okamžitých"
"3";"cs: čeština";"NFC: oborová literatura";"PRO: profesní literatura";"FTS: formální a technické vědy";"ICT: výpočetní technika";"IT , aby jim pomohl prozkoumat a dosáhnout nových obchodních";"cílů Z Business";"stratég </s><s> Business potřebuje vůdce , který dokáže interpretovat trendy na"
"3";"cs: čeština";"NFC: oborová literatura";"POP: populárně naučná literatura";"FTS: formální a technické vědy";"ICT: výpočetní technika";". </s><s> V našem případě dojde po spuštění skriptu k připojení";"jednotky » Z :";"« se složkou » Screenshosts « , sdílené na serveru"
"3";"cs: čeština";"NMG: publicistika";"NEW: tradiční publicistika";"X: neuvedeno";"NTW: celostátní tisk";"si svou sólovou desku nahraju úplně sama od A až";"do Z ,";"takže jsem si na sebe ušila bič , musím si"
"3";"cs: čeština";"NMG: publicistika";"NEW: tradiční publicistika";"X: neuvedeno";"NTW: celostátní tisk";"zcela jiné než u jejích rodičů . </s><s> Jsou na požadavky";"generace Z čeští";"zaměstnavatelé připraveni ? </s><s> Podle výzkumu Instant Research od firmy Ipsos"
"3";"cs: čeština";"NMG: publicistika";"NEW: tradiční publicistika";"X: neuvedeno";"NTW: celostátní tisk";"i finále mistrovství ČR v počítačových hrách . </s><s> V okolí";"pavilónu Z se";"po loňském úspěchu bude opět konat Agrotec SPORT Life Rally"
"3";"cs: čeština";"NMG: publicistika";"NEW: tradiční publicistika";"X: neuvedeno";"NTW: celostátní tisk";"nejpozději </s><s> Podle stejného průzkumu nejčastěji nakupuje dárky na poslední chvíli";"generace Z ,";"tedy lidé narození v letech 1995 až 2003 . </s><s> Oproti"
"3";"cs: čeština";"NMG: publicistika";"LEI: volnočasová publicistika";"X: neuvedeno";"LIF: životní styl";"textu ... </s><s> A to je jeden díl . </s><s> Krát 116";"dílů Z 11";"600 stran ! </s><s> Pořád stejný rytmus , den co den"
"3";"cs: čeština";"NMG: publicistika";"LEI: volnočasová publicistika";"X: neuvedeno";"LIF: životní styl";"změny přece dělají živí lidé . </s><s> Vystupte ze své komfortní";"zóny z *";"Nemáte tušení , čím žijí dnešní děti či dospívající ? </s>"
"3";"cs: čeština";"NMG: publicistika";"LEI: volnočasová publicistika";"X: neuvedeno";"LIF: životní styl";". </s><s> „ Díky testování nových receptur vím , že 100";"lidí Z 100";"chutí . </s><s> Proto se rozhodně neřídím jen svými chutěmi . </s>"
"3";"cs: čeština";"NMG: publicistika";"LEI: volnočasová publicistika";"X: neuvedeno";"LIF: životní styl";". </s><s> Jsou totiž určené těm nejmenším . </s><s> Ačkoliv od A";"do Z vznikají";"na pražské Letné , nejčastěji je nosí děti rodičů ,"
"3";"cs: čeština";"NMG: publicistika";"LEI: volnočasová publicistika";"X: neuvedeno";"SCT: společenský život";"Spencer , 1 litr 76 Kč ) </s><s> ÚČES OD A";"DO Z Nebaví";"vás stále nosit rozpuštěné vlasy nebo klasický culík ? </s><s> V"
"3";"cs: čeština";"NMG: publicistika";"LEI: volnočasová publicistika";"X: neuvedeno";"INT: zajímavosti ze světa";"- rozrývá břehy a hráze , drasticky zbavuje vodní prostředí";"vegetace z (";"spásá vodní i pobřežní rostliny , hlavně stulíky a ostřice"
