"1";"en: angličtina";"FIC: beletrie";"NOV: próza";"X: neuvedeno";"X: neuvedeno";"by strýce Ver - nona určitě rozčililo . </s><s> Jméno Harryho";"školy u Dursleyových";"ještě nikdo nevyslovil nahlas . </s><s> Strýc Vernon zkřivil svůj obrovský"
"1";"fr: francouzština";"FIC: beletrie";"NOV: próza";"X: neuvedeno";"X: neuvedeno";"<s> Zachráněni </s><s> Kolem Arkanoe je patnáct mužů , kteří vyvázli z";"bitvy u Silara";"a uprchli do hor . </s><s> Cestou na sever se skrývali"
"1";"en: angličtina";"FIC: beletrie";"NOV: próza";"X: neuvedeno";"X: neuvedeno";"<s> Máma mě mohla zavolat – byla jsem jen na konci";"ulice u Rhondy";"! </s><s> Neuvědomila si , že to musí být transatlantický hovor"
"1";"en: angličtina";"FIC: beletrie";"NOV: próza";"X: neuvedeno";"X: neuvedeno";"baseballovou pálku . </s><s> Skočil jsem s dalekohledem na hřeben poblíž";"tábořiště u Fish";"Creeku a snažil se zahlédnout bratry Keyhoeovy na jejich terénních"
"1";"en: angličtina";"FIC: beletrie";"NOV: próza";"X: neuvedeno";"X: neuvedeno";"bylo dvanáct a vyrazily jsme s Maud do oddělení dámského";"prádla u Deningse";"v Chardu koupit punčochy na tancovačku – nutila mě ,"
"1";"en: angličtina";"FIC: beletrie";"NOV: próza";"X: neuvedeno";"X: neuvedeno";"jsem cosi zařídit do Buffala a zastavil jsem se u";"nich - - u Eunice";"a Georgea Charneyových . </s><s> Jejich dům se nacházel v krajině"
"1";"sv: švédština";"FIC: beletrie";"NOV: próza";"X: neuvedeno";"X: neuvedeno";"jež podle tvrzení nějakého génia z reklamní agentury – možná";"zaměstnaného u Wolleho";"& Wolleho – stimulovala prodej . </s><s> Medvěd a had si"
"1";"en: angličtina";"FIC: beletrie";"NOV: próza";"X: neuvedeno";"X: neuvedeno";"žádné problémy s tlupami indiánů , kteří občas procházeli kolem";"ranče u Ztracená";"řeky cestou do svých tradičních lovišť . </s><s> Tři muži ,"
"1";"fr: francouzština";"FIC: beletrie";"NOV: próza";"X: neuvedeno";"X: neuvedeno";"Kasdan zemřel 23 . srpna 1962 . </s><s> Při napadení ze";"zálohy u Bafangu";"na západě Kamerunu . </s><s> Bylo mu devatenáct let . “ </s>"
"1";"de: němčina";"FIC: beletrie";"NOV: próza";"X: neuvedeno";"X: neuvedeno";"případech . </s><s> U Nikopolu , u Polany i u Dukelského";"průsmyku , u Ipolyságu";"( Šahy ) a také u Szczucina , poblíž města"
"1";"en: angličtina";"FIC: beletrie";"NOV: próza";"X: neuvedeno";"X: neuvedeno";"€ </s><s> V jednu hodinu po půlnoci odešel John Matthew z";"bufetu U Moea";"a zamířil domů . </s><s> Tohrment se neukázal . </s><s> Možná už"
"1";"en: angličtina";"FIC: beletrie";"NOV: próza";"X: neuvedeno";"X: neuvedeno";"z cigarety . </s><s> Viděl jsem , jak se z okénka";"spolujezdce u Shenova";"roveru line obláček dýmu . </s><s> „ Rád bych si něco"
"1";"da: dánština";"FIC: beletrie";"NOV: próza";"X: neuvedeno";"X: neuvedeno";"prostoru . </s><s> O čtyři a půl hodiny později dojede do";"loděnice u Nordskovenu";"v Jægerspris . </s><s> Do časového rozvrhu zahrnul i oběd u"
"1";"da: dánština";"FIC: beletrie";"NOV: próza";"X: neuvedeno";"X: neuvedeno";"kdy ho může čekat doma ? </s><s> Teď pojede do malého";"statku u Ferslevu";", zaparkuje pick up zpět do stodoly a vklouzne do"
"1";"en: angličtina";"FIC: beletrie";"NOV: próza";"X: neuvedeno";"X: neuvedeno";"efekt . </s><s> Některé biaferské jednotky bylo třeba přesunout z pravého";"křídla u Umuakpu";"a 13 . září tam nigerijští průzkumníci odhalili slabé místo"
"1";"en: angličtina";"FIC: beletrie";"NOV: próza";"X: neuvedeno";"X: neuvedeno";"v téměř všech sektorech . </s><s> Poučili se z nové taktiky";"použité u Owerri";"a nikde se nepouštěli do frontálních výpadů , ale osvobozovali"
"1";"de: němčina";"FIC: beletrie";"NOV: próza";"X: neuvedeno";"X: neuvedeno";", který se rád velmi neformálně stýká s účastníky nelegálních";"zápasů u Trebiciana";". </s><s> Můžete mluvit o štěstí , že si u nás"
"1";"en: angličtina";"FIC: beletrie";"NOV: próza";"X: neuvedeno";"X: neuvedeno";"<s> Myšlenkami byl u muže , který mu právě plivl do";"tváře , u Clemenzy";", jenž na něj stále upíral pohled , a u"
"1";"sv: švédština";"FIC: beletrie";"NOV: próza";"X: neuvedeno";"X: neuvedeno";"v panickém strachu patřičně podráždil . </s><s> Proběhla dál kolem činžovních";"domů u Zinkensdammu";", přeběhla Rohovou ulici a zastavila se až ve stínu"
"1";"en: angličtina";"FIC: beletrie";"NOV: próza";"X: neuvedeno";"X: neuvedeno";"se cesta mírně stáčela k jihozápadu a míjela jižní zeď";"hřbitova u sv";". Tancreda . </s><s> Kdybych se nepodívala doprava , vůbec bych"
"1";"sv: švédština";"FIC: beletrie";"NOV: próza";"X: neuvedeno";"X: neuvedeno";"si už užila nad svůj náležitý podíl . </s><s> Z dočasného";"umístění u Säpo";"jí zbývaly ještě čtyři roky , a už zažila víc"
"1";"en: angličtina";"FIC: beletrie";"NOV: próza";"X: neuvedeno";"X: neuvedeno";": „ Musíte být Lev Děmidov . “ </s><s> V dobách";"působení u KGB";"potkal Lev řadu skvělých a současně nelítostných agentů s mozkem"
"1";"en: angličtina";"FIC: beletrie";"NOV: próza";"X: neuvedeno";"X: neuvedeno";"jedna ze známých skutečností , která se dostala do jeho";"složky u CIA";". </s><s> Když si všiml , že se na něho Milo"
"1";"pl: polština";"FIC: beletrie";"NOV: próza";"X: neuvedeno";"X: neuvedeno";"jste ji nejednou zahlédnout , protože pracovala v kadeřnictví nedaleko";"metra u Bohemian";"Street , tam u Chase . </s><s> Určitě se vám vybaví"
"1";"tr: turečtina";"FIC: beletrie";"NOV: próza";"X: neuvedeno";"X: neuvedeno";"věcně bez jakéhokoliv vzrušení , „ tomu chlapíkovi z ochranky";"hotelu u Ayasofye";"a lidem z Dobyvatelovy mešity . </s><s> Nebyli si jistí ,"
"1";"de: němčina";"FIC: beletrie";"NOV: próza";"X: neuvedeno";"X: neuvedeno";"<s> Rusové nebudou dělat žádné velké rozdíly . </s><s> Od jeho poslední";"návštěvy u Langenstrase";"se okolí značně změnilo . </s><s> V Europacafé se už netančilo"
"1";"en: angličtina";"FIC: beletrie";"NOV: próza";"X: neuvedeno";"X: neuvedeno";", zavěšeni do sebe , zastavili a nahlédli do výkladních";"skříní u Switzera";"nebo Browna Thomase . </s><s> Nejvíc milovala město právě v tuhle"
"1";"en: angličtina";"FIC: beletrie";"NOV: próza";"X: neuvedeno";"X: neuvedeno";"dál než ke koupi prstenu a k rezervaci toho správného";"stolu u Jammeta";". </s><s> Co v takové situaci lidé obvykle dělávají ? “ </s>"
"1";"sv: švédština";"FIC: beletrie";"NOV: próza";"X: neuvedeno";"X: neuvedeno";"<s> A podobně se i cítil . </s><s> Po návratu z noční";"návštěvy u Reipera";"oka nezamhouřil . </s><s> Jen ležel v posteli , zíral do"
"1";"en: angličtina";"FIC: beletrie";"NOV: próza";"X: neuvedeno";"X: neuvedeno";"aby jí zavolal dřív a neupozornil ji , že z";"večeře u Chez";"Michel nic nebude . </s><s> Promarnila kvůli tomu svůj jediný večer"
"1";"en: angličtina";"FIC: beletrie";"NOV: próza";"X: neuvedeno";"X: neuvedeno";"jen svou jinakost oproti všem kolem . </s><s> Na sklonku své";"dráhy u SIS";"už jen záviděl mužům a ženám své generace , s"
"1";"de: němčina";"FIC: beletrie";"NOV: próza";"X: neuvedeno";"X: neuvedeno";"zničenej , že fakt nevím , co by dělal nebýt";"návštěv u Infry";"v nemocnici . </s><s> Jednak tam zabíjel čas , jednak chtěl"
"1";"fr: francouzština";"FIC: beletrie";"NOV: próza";"X: neuvedeno";"X: neuvedeno";"na smrt nemocného člověka , a s vynaložením snahy hodné";"chvály u tak";"mladé bytosti , začal táta bezodkladně všechny kolem sebe tyranizovat"
"1";"cs: čeština";"FIC: beletrie";"NOV: próza";"X: neuvedeno";"X: neuvedeno";"jsme tedy strávili své poslední společné ráno cestou do hlavního";"tábora u Powder";"River . </s><s> Snažila jsem se řídit podle kompasu a armádní"
"1";"cs: čeština";"FIC: beletrie";"NOV: próza";"X: neuvedeno";"X: neuvedeno";"která se nevyvinula u žádného jiného živočicha , jen u";"člověka , u homo";"sapiens . </s><s> On Elišku otevřel , odemkl , objevil ,"
"1";"en: angličtina";"FIC: beletrie";"NOV: próza";"X: neuvedeno";"X: neuvedeno";". </s><s> Takové soustředění sil a prostředků Chatham za osmadvacet let";"práce u Scotland";"Yardu nezažil . </s><s> Doufal jen , že zato bude mít"
"1";"en: angličtina";"FIC: beletrie";"NOV: próza";"X: neuvedeno";"X: neuvedeno";"a probrat , co by HubSpot mohl mít z tvého";"angažmá u HBO";"“ . </s><s> Na schůzce Spinner vyjádří svůj údiv nad tím"
"1";"nl: nizozemština";"FIC: beletrie";"NOV: próza";"X: neuvedeno";"X: neuvedeno";"la raison … “ zpívá ne moc hlasitě gramofon uprostřed";"hovoru u asi";"deseti stolečků . </s><s> Yvette se vesele přihlásí : „ La"
"1";"cs: čeština";"FIC: beletrie";"COL: kratší próza";"X: neuvedeno";"X: neuvedeno";"a vyloupil vlak a letadlem se vrátil do svého neutěšeného";"brlohu u Hot";"Springs . </s><s> Kriminalističtí experti a psychologové se později shodli v"
"1";"cs: čeština";"FIC: beletrie";"COL: kratší próza";"X: neuvedeno";"X: neuvedeno";"sestřelili z koně a vůbec minutu po minutě z celodenní";"bitvy u Lipjag";", ve které jeho pluk zlomil vůli toho samozvance Lenina"
"1";"en: angličtina";"FIC: beletrie";"COL: kratší próza";"X: neuvedeno";"X: neuvedeno";", jelikož nás dnes přihlouplý stát daní podle složení výfukových";"plynů , u jaga";"se prohnete , poněvadž vyprodukuje od dost víc CO2 než"
"1";"pl: polština";"FIC: beletrie";"COL: kratší próza";"X: neuvedeno";"X: neuvedeno";"Ceaușescových fantasmagorií . </s><s> Potom taxík odbočí do jedné z postranních";"uliček u Piața";"Muncii a všechno zakrní . </s><s> Dál už auto nemůže jet"
"1";"cs: čeština";"FIC: beletrie";"COL: kratší próza";"X: neuvedeno";"X: neuvedeno";". </s><s> A pozornost kriminalistů krouží také kolem toho vojenského opasku";"nalezeného u Křesanovského";"potoka , krouží zprvu ve větších obloucích , ale ty"
"1";"fr: francouzština";"NFC: oborová literatura";"SCI: odborná literatura";"HUM: humanitní vědy";"PHI: filozofie, náboženství";"muset kombinovat obě dvě . </s><s> Uvažme například jednu z nejzvláštnějších";"kapitol u Lévy";"- Bruhla , pojednávající o prvním dojmu , který na"
"1";"cs: čeština";"NFC: oborová literatura";"SCI: odborná literatura";"HUM: humanitní vědy";"PHI: filozofie, náboženství";"praví i andělé , kteří se na tvé straně zúčastnili";"bitvy u Badru";". “ 52 </s><s> Podobné verše , objasňující nečekané vítězství muslimů"
"1";"cs: čeština";"NFC: oborová literatura";"SCI: odborná literatura";"HUM: humanitní vědy";"PHI: filozofie, náboženství";". </s><s> Málikovci to zdůvodňují prorockou tradicí : „ V den";"bitvy u Badru";"Prorok pravil muži po svém boku : ‚ Vrať se"
"1";"en: angličtina";"NFC: oborová literatura";"POP: populárně naučná literatura";"HUM: humanitní vědy";"PHI: filozofie, náboženství";"zachovaný stojí na překrásném místě , kterým je vrcholek mořského";"útesu u Súnionu";"v jižní Attice . </s><s> Vedle Poseidóna existovala řada dalších vodních"
"1";"fr: francouzština";"NFC: oborová literatura";"POP: populárně naučná literatura";"HUM: humanitní vědy";"PHI: filozofie, náboženství";"zvolenému způsobu života : u Epikúra blaženému životu bez příměsi";"bolesti , u Chrysippa";"životu v souladu a jednotě s rozumem . </s><s> Učení o"
"1";"fr: francouzština";"NFC: oborová literatura";"POP: populárně naučná literatura";"HUM: humanitní vědy";"PHI: filozofie, náboženství";", přestože podle pozdního midraše služebnice ( tj . lid";"Izraele ) u Rákosovéhomoře";"spatřila , co ( prorok ) Ezechiel ben Buzi ve"
"1";"fr: francouzština";"NFC: oborová literatura";"SCI: odborná literatura";"HUM: humanitní vědy";"HIS: historie, biografie";"srovnání s Bílou horou , kde proti sobě poprvé od";"bojů u Nieuportu";"( 1600 ) stanuly a svedly pravidelnou bitvu značně velké"
"1";"cs: čeština";"NFC: oborová literatura";"SCI: odborná literatura";"HUM: humanitní vědy";"HIS: historie, biografie";"mikulášencům odmítá přiřknout pohlavní výstřelky . </s><s> 95 Viz SLČ podle";"vydání u nakl";". </s><s> Svoboda , s . 179 . </s><s> 96 Traktát mistra"
"1";"cs: čeština";"NFC: oborová literatura";"SCI: odborná literatura";"HUM: humanitní vědy";"HIS: historie, biografie";"Böhmba , zůstává otevřeno . </s><s> S Trojicí v nástavci hlavního";"oltáře u sv";". Františka se setkáme už v prvním desetiletí , v"
"1";"cs: čeština";"NFC: oborová literatura";"SCI: odborná literatura";"HUM: humanitní vědy";"HIS: historie, biografie";"Františka . </s><s> Reiner byl sice uložen k poslednímu odpočinku u";"dominikánů u sv";". Jiljí , nicméně obřady vedl sám křižovnický generál . </s>"
"1";"cs: čeština";"NFC: oborová literatura";"SCI: odborná literatura";"HUM: humanitní vědy";"HIS: historie, biografie";"rádci . </s><s> Ze služebních míst tu zastával funkci regenschoriho a";"administrátora u sv";". Valentina P . Jan Felix Pacher , P ."
"1";"cs: čeština";"NFC: oborová literatura";"SCI: odborná literatura";"HUM: humanitní vědy";"HIS: historie, biografie";"Voskovec ( Vasilij Jindřich Vaksman ) </s><s> Voskovec po ukončení vojenské";"služby ( u 36";". pěšího pluku ) odešel do Ruska . </s><s> Od roku"
"1";"en: angličtina";"NFC: oborová literatura";"POP: populárně naučná literatura";"HUM: humanitní vědy";"HIS: historie, biografie";". </s><s> Velmi zajímavý je soubor tradic , který klade místo";"bitvy u Watling";"Street a Boudiccin hrob do severního Walesu . </s><s> Velmi starý"
"1";"en: angličtina";"NFC: oborová literatura";"POP: populárně naučná literatura";"HUM: humanitní vědy";"HIS: historie, biografie";". </s><s> Tajemná královna </s><s> Jak uvádí Graham Webster , pro dějiště";"bitvy u Watle";"Street svědčí objev hromadného hrobu mužů pohřbených spolu se zbraněmi"
"1";"cs: čeština";"NFC: oborová literatura";"POP: populárně naučná literatura";"HUM: humanitní vědy";"HIS: historie, biografie";"Ladislava Pohrobka . </s><s> Krátce poté byl jmenován též kanovníkem metropolitní";"kapituly u sv";". Víta v Praze . </s><s> Zemřel v roce 1455 ,"
"1";"cs: čeština";"NFC: oborová literatura";"POP: populárně naučná literatura";"HUM: humanitní vědy";"HIS: historie, biografie";"mechanismu v roce 1990 bylo předem dohodnuto ještě v rámci";"dohod u „";"kulatého stolu “ , a proto se očekávalo , že"
"1";"cs: čeština";"NFC: oborová literatura";"POP: populárně naučná literatura";"HUM: humanitní vědy";"HIS: historie, biografie";"banky pro republiky při jednotné měně znamenaly hrozbu nekontrolovatelného tisku";"peněz u ekonomicky";"slabšího partnera ( Slovenska ) a tedy „ nadělování “"
"1";"cs: čeština";"NFC: oborová literatura";"POP: populárně naučná literatura";"HUM: humanitní vědy";"HIS: historie, biografie";"práci . </s><s> Teprve po dvou měsících se dostal do vápencového";"lomu u Płaszówa";". </s><s> Práce byla těžká , nakládal kámen na vozíky ,"
"1";"cs: čeština";"NFC: oborová literatura";"POP: populárně naučná literatura";"HUM: humanitní vědy";"HIS: historie, biografie";"svého dílu odpovědnosti ovšem nezůstal ani nejvyšší německý velitel frontového";"úseku u Yprés";", generál Berthold von Deimling ( 1853 – 1944 )"
"1";"cs: čeština";"NFC: oborová literatura";"POP: populárně naučná literatura";"HUM: humanitní vědy";"HIS: historie, biografie";"slušnému vojákovi . </s><s> Ale díky bojovému plynu došlo ke zhroucení";"fronty u Yprés";"a tímto způsobem může být dosaženo i rozhodujícího vítězného obratu"
"1";"de: němčina";"NFC: oborová literatura";"POP: populárně naučná literatura";"HUM: humanitní vědy";"HIS: historie, biografie";"– Křestní list Antona Schmida ( Matrika římskokatolického městského farního";"úřadu u Sv";". Rocha a Šebestiána , Vídeň , sv . 72"
"1";"fr: francouzština";"NFC: oborová literatura";"POP: populárně naučná literatura";"HUM: humanitní vědy";"MUS: hudba";"volantem , když její auto 20 . července sjede ze";"silnice u Chalons";"- sur - Marne . </s><s> Nazítří , přes poranění hrudního"
"1";"cs: čeština";"NFC: oborová literatura";"SCI: odborná literatura";"HUM: humanitní vědy";"LAN: filologie";"Ibrahim ( 2007 a 2009 ) upozorňuje na začátky české";"polymetrie u M";". Z . Poláka a zabývá se i alexandrínem překladu"
"1";"cs: čeština";"NFC: oborová literatura";"SCI: odborná literatura";"HUM: humanitní vědy";"LAN: filologie";"ve formě nemá ; 21 . měsíc ) . </s><s> Vyjadřování";"negace u česky";"hovořících dětí stručně komentuje J . Pačesová ( 1979 ,"
"1";"cs: čeština";"NFC: oborová literatura";"POP: populárně naučná literatura";"HUM: humanitní vědy";"LAN: filologie";"Krakovské ulice . </s><s> Ve Vídni 14 . století proslul dům";"kajícnic u sv";". Jeronýma , v němž si nejeden vážený občan našel"
"1";"cs: čeština";"NFC: oborová literatura";"SCI: odborná literatura";"HUM: humanitní vědy";"INF: knihovnictví, informatika";"pramennou předlohu a tou je latinská kronika kvardiána olomouckých minoritů";"kláštera u sv";". Jakuba , Paulina Zaczkowicze ze 17 . století . </s>"
"1";"cs: čeština";"NFC: oborová literatura";"POP: populárně naučná literatura";"HUM: humanitní vědy";"INF: knihovnictví, informatika";"testování , nepředstavují nic zcela mimořádného . </s><s> Připomínají spíše odstranění";"závad u nově";"koupeného vozidla v době jeho záběhu . </s><s> Podrobné vyšetřování události"
"1";"en: angličtina";"NFC: oborová literatura";"POP: populárně naučná literatura";"HUM: humanitní vědy";"INF: knihovnictví, informatika";"otestovat , dokud tvůrci politik nezačnou vidět přínos shromažďování pravděpodobnostních";"soudů u zdánlivě";"jedinečných událostí a hlavně také v hodnocení jejich přesnosti . </s>"
"1";"cs: čeština";"NFC: oborová literatura";"SCI: odborná literatura";"HUM: humanitní vědy";"ART: umění, architektura";"součástí výzdobného motivu mříže , může souviset s někdejším názvem";"domu U Sv";". Xaveria , doloženým v roce 1726 . </s><s> Právě planoucí"
"1";"cs: čeština";"NFC: oborová literatura";"SCI: odborná literatura";"HUM: humanitní vědy";"ART: umění, architektura";"železářského podniku , zatímco fajfkářem báseň nejspíše nazývala majitele sousedního";"domu U Ttří";"Uhrů , soustružníka dřeva a kostí , Sigmunda Geitlera . </s>"
"1";"cs: čeština";"NFC: oborová literatura";"SCI: odborná literatura";"HUM: humanitní vědy";"ART: umění, architektura";"komplexnějšího úhlu pohledu . </s><s> Uvedení řádu augustiniánů eremitů z pražského";"kláštera u sv";". Tomáše na Malé Straně do slezské metropole bylo totiž"
"1";"cs: čeština";"NFC: oborová literatura";"SCI: odborná literatura";"SSC: sociální vědy";"ECO: ekonomie, obchod, logistika";"podnikatele je přihlásit se do 8 dnů od vzniku živnostenského";"oprávnění u místně";"příslušné správy sociálního zabezpečení a zároveň u zvolené zdravotní pojišťovny"
"1";"cs: čeština";"NFC: oborová literatura";"PRO: profesní literatura";"SSC: sociální vědy";"ECO: ekonomie, obchod, logistika";"podrobnějším popisem řadící kulisy . </s><s> Zkrátka – kdo nezná ovládání";"převodovek u Evobusu";", s autobusem se bez předchozí instruktáže nebo rutinní zkušenosti"
"1";"cs: čeština";"NFC: oborová literatura";"PRO: profesní literatura";"SSC: sociální vědy";"ECO: ekonomie, obchod, logistika";"např . při napojování rolí papíru u převíjecích a podobných";"strojů , u tzv";". letmé výměny rolí , při montáži tiskových štočků u"
"1";"cs: čeština";"NFC: oborová literatura";"PRO: profesní literatura";"SSC: sociální vědy";"ECO: ekonomie, obchod, logistika";". </s><s> Pop-up stánky , které zaujmou </s><s> Hlavním předpokladem zájmu či";"zastavení u pop-up";"storu je , že nabízí sortiment , který netřeba dlouho"
"1";"cs: čeština";"NFC: oborová literatura";"PRO: profesní literatura";"SSC: sociální vědy";"ECO: ekonomie, obchod, logistika";"se zvyšuje v průběhu nočních i denních směn . </s><s> Nárůst";"rizika u po";"sobě jdoucích nočních směn je však podstatně vyšší než u"
"1";"cs: čeština";"NFC: oborová literatura";"PRO: profesní literatura";"SSC: sociální vědy";"ECO: ekonomie, obchod, logistika";"generál Francouzské cizinecké legie si u mě objednal obraz slavné";"bitvy u Camarónu";"a dodnes mu , pokud vím , visí v kanceláři"
"1";"en: angličtina";"NFC: oborová literatura";"POP: populárně naučná literatura";"SSC: sociální vědy";"POL: politika, vojenství";". 4 Putin však nebyl sovětský superšpión . </s><s> Za šestnáct";"let u KGB";"to nedotáhl výš než na podplukovníka a podle svých vlastních"
"1";"cs: čeština";"NFC: oborová literatura";"POP: populárně naučná literatura";"SSC: sociální vědy";"LAW: právo";". </s><s> Přesto loni vypukl největší světový skandál s praním špinavých";"peněz u Danske";"Bank . </s><s> Přes svou estonskou pobočku měla umožnit podezřelé finanční"
"1";"cs: čeština";"NFC: oborová literatura";"POP: populárně naučná literatura";"SSC: sociální vědy";"LAW: právo";"k ochraně slabší strany smluvního vztahu a překonání racionální apatie";"poškozených u velmi";"nízkých nároků , je nutno se v prvé řadě zamyslet"
"1";"cs: čeština";"NFC: oborová literatura";"SCI: odborná literatura";"SSC: sociální vědy";"PSY: psychologie";". skupinová vývojová krize , která vzniká nakupením zásadních psychických";"změn u více";"členů . </s><s> ( Sobotková in Špatenková , 2004 , s"
"1";"cs: čeština";"NFC: oborová literatura";"SCI: odborná literatura";"SSC: sociální vědy";"PSY: psychologie";"významný . </s><s> dimenzi vlastní kompetentnost došlo u Kataríny k nárůstu";"hodnot u 4";"položek formulovaných záporně : „ Někdy zjišťuji , že je"
"1";"cs: čeština";"NFC: oborová literatura";"SCI: odborná literatura";"SSC: sociální vědy";"PSY: psychologie";"( u „ šelmy “ ) ale i k vývoji";"přizpůsobení ( u „";"kořisti “ ) . </s><s> Cílem této agrese je získat určitou"
"1";"cs: čeština";"NFC: oborová literatura";"SCI: odborná literatura";"SSC: sociální vědy";"PSY: psychologie";"se více pomáhat ostatním , hledala práci v oblasti pomáhajících";"služeb u těžce";"nemocných lidí a byla patrná tendence obětovat své potřeby na"
"1";"de: němčina";"NFC: oborová literatura";"POP: populárně naučná literatura";"SSC: sociální vědy";"SOC: sociologie";". </s><s> Strážci tradic jsou samotné rodiny ; smysl pravidel a";"rituálů u tradičně";"žijících Romů spočívá v zachování starých příbuzenských pout , děděných"
"1";"cs: čeština";"NFC: oborová literatura";"SCI: odborná literatura";"SSC: sociální vědy";"REC: sport, rekreace, hobby";"cvičení došlo k pozitivním , statisticky významným úpravám v délce";"svalů u m";". iliopsoas . m . rectus femoris , m ."
"1";"cs: čeština";"NFC: oborová literatura";"SCI: odborná literatura";"SSC: sociální vědy";"REC: sport, rekreace, hobby";") . </s><s> Postoje k integraci se zlepšily u třiceti tří";"dětí , u 6";"dětí se zhoršily a u 7 dětí zůstaly nezměněny . </s>"
"1";"en: angličtina";"NFC: oborová literatura";"POP: populárně naučná literatura";"SSC: sociální vědy";"REC: sport, rekreace, hobby";"kontrolu nemocí ( CDC ) 25 oxybenzon , složku opalovacích";"přípravků , u 97";"procent Američanů , kteří se podrobili testu . </s><s> To je"
"1";"cs: čeština";"NFC: oborová literatura";"SCI: odborná literatura";"SSC: sociální vědy";"EDU: pedagogika";"rozvíjení a používání zraku , u SP rozvíjení a používání";"sluchu , u ŘP";"rozvíjení a používání řeči , u SN změnu hodnotových orientací"
"1";"cs: čeština";"NFC: oborová literatura";"SCI: odborná literatura";"SSC: sociální vědy";"EDU: pedagogika";"chování . </s><s> Specific - kým problémem je i mimořádný význam";"rodiny u MP";", nízká míra tolerance a vysoká míra předpojatosti na straně"
"1";"cs: čeština";"NFC: oborová literatura";"SCI: odborná literatura";"SSC: sociální vědy";"EDU: pedagogika";"<s> Výjimečně mladší učitelé prokázali úplnou znalost ( prostřednictvím zcela správné";"odpovědi u více";"než jednoho respondenta ) u problematiky prvotní úlohy osob v"
"1";"cs: čeština";"NFC: oborová literatura";"SCI: odborná literatura";"NAT: přírodní vědy";"BIO: biologie";"k jednotlivým ekologickým faktorům . </s><s> Ekologickou valenci podle různých poloh";"optima u stenovalentních";"a euryvalentních druhů je možné znázornit také schematicky ( obr"
"1";"cs: čeština";"NFC: oborová literatura";"SCI: odborná literatura";"NAT: přírodní vědy";"BIO: biologie";"- letých byla v průměru rozdílná exprese asi u 1000";"genů , u 50";"- letých dvojčat byla u více než 3000 genů . </s>"
"1";"cs: čeština";"NFC: oborová literatura";"SCI: odborná literatura";"NAT: přírodní vědy";"BIO: biologie";"studie předních amerických onkologických center s primárním cílem na léčbu";"strachu u život";"ohrožujících rakovin a sekundárními cíly na léčbu deprese a studium"
"1";"cs: čeština";"NFC: oborová literatura";"PRO: profesní literatura";"NAT: přírodní vědy";"BIO: biologie";"Zbarvení lemu ocasní ( a také hřbetní a řitní )";"ploutve u Aequidens";"sp . závisí na potravě . </s><s> Je - li rybám"
"1";"en: angličtina";"NFC: oborová literatura";"POP: populárně naučná literatura";"NAT: přírodní vědy";"BIO: biologie";"už právem , či neprávem , u největšího prozaika naší";"profese , u T";". H . Huxleyho . </s><s> Našel jsem čtyři případy ,"
"1";"cs: čeština";"NFC: oborová literatura";"SCI: odborná literatura";"NAT: přírodní vědy";"PHY: fyzika";"parametry teoretických křivek zisku ( hustota plazmatu vstupující do fitu";"prostřednictvím U a";"efektivní teplota plazmatu ) vycházejí v obou přístupech téměř stejné"
"1";"cs: čeština";"NFC: oborová literatura";"SCI: odborná literatura";"NAT: přírodní vědy";"PHY: fyzika";"tedy orientován ve směru jisté krystalografické osy . </s><s> Vysvětlení polarizačních";"měření u Si";"nanokrystalů ( obr . 9 . 16 ) ovšem nemůže"
"1";"cs: čeština";"NFC: oborová literatura";"PRO: profesní literatura";"NAT: přírodní vědy";"GEO: geografie, geologie";"tratí na území ČR , zkušenosti se správou prostorové polohy";"koleje u SŽDC";", atd . </s><s> Velký ohlas sklidil příspěvek doc . Šímy"
"1";"cs: čeština";"NFC: oborová literatura";"PRO: profesní literatura";"NAT: přírodní vědy";"GEO: geografie, geologie";"resp . všech ) měření použitých pro určení výsledných hodnot";"souřadnic ( u postprocesních";"metod pak složek vektorů , ze kterých se souřadnice počítají"
"1";"cs: čeština";"NFC: oborová literatura";"PRO: profesní literatura";"NAT: přírodní vědy";"GEO: geografie, geologie";"Pass pro projekt zvýšení bezpečnosti a změny geometrie nebezpečného úseku";"zatáčky u Illecillewaet";"Glacier . </s><s> Měřické i zemní práce a pokládka asfaltu pomalu"
"1";"cs: čeština";"NFC: oborová literatura";"SCI: odborná literatura";"NAT: přírodní vědy";"CHE: chemie";"základních živin , vybraných vitaminů , minerálních látek a stopových";"prvků u téměř";"všech zdravých osob v dané populační skupině . </s><s> Skutečná potřeba"
"1";"cs: čeština";"NFC: oborová literatura";"SCI: odborná literatura";"NAT: přírodní vědy";"MED: lékařství";"byla adrenalektomie provedena otevřenou cestou . </s><s> Soubor obsahuje 62 expanzí";"nadledvin u 55";"pacientů ( u 7 pacientů byl nález oboustranný ) . </s>"
"1";"cs: čeština";"NFC: oborová literatura";"SCI: odborná literatura";"NAT: přírodní vědy";"MED: lékařství";"pro rearanžment . </s><s> V dalším textu se zaměříme na proces";"rearanžování u B";"- lymfocytů . </s><s> Obecně vzato , v úvodu celý proces"
"1";"cs: čeština";"NFC: oborová literatura";"SCI: odborná literatura";"NAT: přírodní vědy";"MED: lékařství";"ukazuje tabulka 41 . </s><s> Tab . 42 . </s><s> Nejčastější typy";"terapie u CLL";". </s><s> CLL představuje z hlediska molekulárně-genetické analýzy jedno z nejsložitějších"
"1";"cs: čeština";"NFC: oborová literatura";"SCI: odborná literatura";"NAT: přírodní vědy";"MED: lékařství";"případně její mimokostní propagaci . </s><s> V detekci kostních i mimokostních";"ložisek u MM";"je přínosné i radioizotopové vyšetření pomocí technecia ( MIBI )"
"1";"cs: čeština";"NFC: oborová literatura";"SCI: odborná literatura";"NAT: přírodní vědy";"MED: lékařství";", v budoucnu může mít zásadní vliv na efektivitu intenzivní";"péče u KCT";"</s><s> Monitorování intrakraniálního tlaku </s><s> ( ICP , intracranial pressure ) </s><s> standardní"
"1";"cs: čeština";"NFC: oborová literatura";"SCI: odborná literatura";"NAT: přírodní vědy";"MED: lékařství";"organizmu retinuje sodík a rozvíjejí se otoky . </s><s> Ztráta svalové";"tkáně u kriticky";"nemocných v sepsi , po traumatu apod . je nevyhnutelná"
"1";"cs: čeština";"NFC: oborová literatura";"SCI: odborná literatura";"NAT: přírodní vědy";"MED: lékařství";"000 obyvatel , z toho komorová fibrilace je příčinou srdeční";"zástavy u 17";"/ 100 000 obyvatel . </s><s> Efektivní a kauzální léčbou komorové"
"1";"cs: čeština";"NFC: oborová literatura";"SCI: odborná literatura";"NAT: přírodní vědy";"MED: lékařství";"bez neurologického deficitu s poraněním subtypu A3 referovali návrat do";"zaměstnání u konzervativně";"léčené skupiny nemocných za 13,8 měsíců , zatímco u operovaných"
"1";"cs: čeština";"NFC: oborová literatura";"SCI: odborná literatura";"NAT: přírodní vědy";"MED: lékařství";", hlavy , končetin , kloubů . </s><s> Stupňuje se pocit";"vyčerpanosti , u tropiky";"se přidává nauzea , zvracení , průjem a neproduktivní kašel"
"1";"cs: čeština";"NFC: oborová literatura";"SCI: odborná literatura";"NAT: přírodní vědy";"MED: lékařství";"<s> Tedy i pro jednotlivé ( většinou neznámé ) geny polygenního";"systému u multifaktoriálně";"podmíněných znaků . </s><s> Při odvození H - W zákonitosti budeme"
"1";"cs: čeština";"NFC: oborová literatura";"SCI: odborná literatura";"NAT: přírodní vědy";"MED: lékařství";"únavy jsou však příčiny psychické , které stojí za symptomem";"únavy u více";"než dvou třetin případů . </s><s> Nejčastěji jde o úzkostnou nebo"
"1";"cs: čeština";"NFC: oborová literatura";"SCI: odborná literatura";"NAT: přírodní vědy";"MED: lékařství";"a metodika : Soubor zahrnuje celkem 121 totálních náhrad kolenního";"kloubu u 107";"pacientů s průměrným věkem 71,3 roku ( 52 – 86"
"1";"cs: čeština";"NFC: oborová literatura";"SCI: odborná literatura";"NAT: přírodní vědy";"MED: lékařství";"CIS . ( 120 , 121 ) Dalším predikátorem kognitivního";"deficitu u RS";"jsou intrakortikální demyelinizační léze . ( 122 ) Byly nalezeny"
"1";"cs: čeština";"NFC: oborová literatura";"SCI: odborná literatura";"NAT: přírodní vědy";"MED: lékařství";"účinku amantadinu ve srovnání s placebo skupinou . </s><s> Příslibem zlepšení";"kognice u RS";"může být též užívání amfetaminů . </s><s> Benedict et al ."
"1";"cs: čeština";"NFC: oborová literatura";"SCI: odborná literatura";"NAT: přírodní vědy";"MED: lékařství";"časných stadiích demence není dominantním symptomem . </s><s> Patologický podklad kognitivního";"deficitu u PN";"je stále předmětem diskusí . </s><s> Studie , které se těmito"
"1";"cs: čeština";"NFC: oborová literatura";"SCI: odborná literatura";"NAT: přírodní vědy";"MED: lékařství";"<s> Podle jiných autorů je současná přítomnost alzheimerovské patologie důležitějším substrátem";"demence u PN";"než změny asociované s Lewyho tělísky . </s><s> U některých pacientů"
"1";"cs: čeština";"NFC: oborová literatura";"SCI: odborná literatura";"NAT: přírodní vědy";"MED: lékařství";"příznaky PN . </s><s> Nicméně DBS nedokáže ovlivnit progresi probíhajícího procesu";"neurodegenerace u PN";"a po letech pacienti i přes veškerou dostupnou léčbu dospějí"
"1";"cs: čeština";"NFC: oborová literatura";"SCI: odborná literatura";"NAT: přírodní vědy";"MED: lékařství";". </s><s> Projasnění je nazváno intrakraniální translucence . </s><s> Kaudální posun mozkových";"struktur u MMC";"vede ke kompresi IV . mozkové komory a tím ke"
"1";"cs: čeština";"NFC: oborová literatura";"SCI: odborná literatura";"NAT: přírodní vědy";"MED: lékařství";"normální pulzatilitou v umbilikální artérii . </s><s> Rozdíl v histopatologických nálezech";"placenty u early";"- onset a late - onset klinickými podtypy FGR by"
"1";"cs: čeština";"NFC: oborová literatura";"SCI: odborná literatura";"NAT: přírodní vědy";"MED: lékařství";"% případů byla v jiné studii prokázána maligní onemocnění močového";"traktu u dosud";"zdravých mužů ve věku 50 – 60 let , kteří"
"1";"cs: čeština";"NFC: oborová literatura";"SCI: odborná literatura";"NAT: přírodní vědy";"MED: lékařství";". </s><s> V Japonsku bylo vyšetřeno 1956 infertilních mužů , z";"nichž u 16";"byla diagnostikována imotilní spermatozoa a u čtyř byl prokázán defekt"
"1";"cs: čeština";"NFC: oborová literatura";"SCI: odborná literatura";"NAT: přírodní vědy";"MED: lékařství";"metastazektomie ( p < 0,001 ) . </s><s> Dalšími možnostmi lokální";"terapie u mRCC";"jsou paliativní cévní intervenční výkony s embolizací krvácejícího inoperabilního nádoru"
"1";"cs: čeština";"NFC: oborová literatura";"SCI: odborná literatura";"NAT: přírodní vědy";"MED: lékařství";"po 12 . měsíci věku je po aplikaci dvou dávek";"vakcíny u >";"98 % očkovaných navozena sérokonverze . </s><s> V České republice bylo"
"1";"cs: čeština";"NFC: oborová literatura";"SCI: odborná literatura";"NAT: přírodní vědy";"MED: lékařství";"hlavy , závratě , kolapsové stavy při vstávání po ukončení";"léčby ( u hypotoniků";") , nausea , průjem po ukončení aplikace , vzestup"
"1";"cs: čeština";"NFC: oborová literatura";"SCI: odborná literatura";"NAT: přírodní vědy";"MED: lékařství";"chirurgickým výkonem . </s><s> RADIOTERAPIE U LOKÁLNĚ POKROČILÉHO KARCINOMU PANKREATU </s><s> Cílem";"léčby u lokálně";"pokročilého karcinomu pankreatu je kontrola onemocnění . </s><s> Resekabilními se stane"
"1";"cs: čeština";"NFC: oborová literatura";"SCI: odborná literatura";"NAT: přírodní vědy";"MED: lékařství";"byla provedena randomizovaná studie fáze 3 , testující úlohu radioterapie";"prostaty u nově";"diagnostikovaného metastazujícího karcinomu prostaty . </s><s> Studie zahrnovala 2061 pacientů a"
"1";"cs: čeština";"NFC: oborová literatura";"SCI: odborná literatura";"NAT: přírodní vědy";"MED: lékařství";"spol . z Kalifornské univerzity v Los Angeles mapovali oblasti";"relapsu u 270";"pacientů s karcinomem prostaty s PSA selháním po radikální prostatektomii"
"1";"cs: čeština";"NFC: oborová literatura";"SCI: odborná literatura";"NAT: přírodní vědy";"MED: lékařství";"řádově jednotky tisíc dolarů na pacienta , v případě plošného";"testování u tak";"frekventních diagnóz , jako je karcinom plic , se náklady"
"1";"cs: čeština";"NFC: oborová literatura";"SCI: odborná literatura";"NAT: přírodní vědy";"MED: lékařství";"prodloužená adjuvantní léčba neratinibem navazující na trastuzumab snižuje relativní riziko";"relapsu u ER";"+ BC o 40 % , • deeskalace se naopak"
"1";"cs: čeština";"NFC: oborová literatura";"PRO: profesní literatura";"NAT: přírodní vědy";"MED: lékařství";"toxokarózu . </s><s> Myslet je potřeba i na možnost akutního retrovirového";"syndromu u HIV";"- pozitivních . </s><s> Faryngitida či tonsilitida do obrazu akutní toxoplasmózy"
"1";"cs: čeština";"NFC: oborová literatura";"PRO: profesní literatura";"NAT: přírodní vědy";"MED: lékařství";"u DM 1 . typu predominantně lokalizují ve střední periférii";"sítnice , u DM";"2 . typu pak v oblasti zadního pólu oka . </s>"
"1";"cs: čeština";"NFC: oborová literatura";"PRO: profesní literatura";"NAT: přírodní vědy";"MED: lékařství";"v České republice pro lékaře sérii seminářů na téma profylaxe";"trombózy u onkologicky";"nemocných pacientů . </s><s> Odbornou garanci poskytly Česká společnost pro trombózu"
"1";"cs: čeština";"NFC: oborová literatura";"PRO: profesní literatura";"NAT: přírodní vědy";"MED: lékařství";". coli . </s><s> Během prvního týdne došlo k ústupu klinických";"obtíží u 45";"pacientů , u jedné pacientky musela být kvůli rozvoji pyelonefritidy"
"1";"cs: čeština";"NFC: oborová literatura";"POP: populárně naučná literatura";"NAT: přírodní vědy";"MED: lékařství";"jak reaguje mozek na obraz bolesti u osoby milované a";"bolesti u zcela";"neznámého člověka . </s><s> Pokusným osobám byly předvedeny záběry na končetiny"
"1";"en: angličtina";"NFC: oborová literatura";"POP: populárně naučná literatura";"NAT: přírodní vědy";"MED: lékařství";". </s><s> V roce 1968 endokrinolog Ian Gilliland studoval účinky prodlouženého";"půstu u 46";"pacientů . </s><s> Přijal je do nemocnice na pozorování , aby"
"1";"cs: čeština";"NFC: oborová literatura";"PRO: profesní literatura";"NAT: přírodní vědy";"AGR: zemědělství, chovatelství";"„ podíval "" na problematiku mastitid a zvýšeného počtu somatických";"buněk u přežvýkavcu";". </s><s> Nemoci mléčné žlázy , respektive celý chov dojnic vyžaduje"
"1";"cs: čeština";"NFC: oborová literatura";"PRO: profesní literatura";"NAT: přírodní vědy";"AGR: zemědělství, chovatelství";"váženým průměrem . </s><s> S ohledem na velký význam samotného založení";"porostu u maku";"je kvalita osiva této plodiny velmi důležitá . </s><s> I semena"
"1";"cs: čeština";"NFC: oborová literatura";"PRO: profesní literatura";"NAT: přírodní vědy";"AGR: zemědělství, chovatelství";"oblasti vytyčené v okolí města dosud veterináři potvrdili africký mor";"prasat u více";"než dvou set uhynulých , zastřelených či odchycených divokých prasat"
"1";"cs: čeština";"NFC: oborová literatura";"PRO: profesní literatura";"NAT: přírodní vědy";"AGR: zemědělství, chovatelství";"změny . </s><s> Podobný proces snižování ploch pěstovaných plodin proběhl u";"cukrovky , u výše";"zmíněných pícnin na orné půdě , ve výměrách chmelnic ,"
"1";"cs: čeština";"NFC: oborová literatura";"PRO: profesní literatura";"FTS: formální a technické vědy";"TEC: technika";"útvaru výstavba jaderných elektráren ČEZ </s><s> Ekonomika výroby elektřiny určuje trend";"výkonu u nově";"stavěných jaderných elektráren nad 1000 MWe . </s><s> O instalaci malých"
"1";"cs: čeština";"NFC: oborová literatura";"PRO: profesní literatura";"FTS: formální a technické vědy";"TEC: technika";"tomu měl sloužit prodej čistých a vysokoprocentních biopaliv . </s><s> Na";"bionaft u mohou";"jezdit autobusy a kamiony , na bioetanol speciálně upravená auta"
"1";"cs: čeština";"NFC: oborová literatura";"PRO: profesní literatura";"FTS: formální a technické vědy";"TEC: technika";"táhel ( 8 fází u NOK1 , resp . 7";"fází u NOK2";") , fáze </s><s> včetně vnášení předpětí i bez ( max"
"1";"cs: čeština";"NFC: oborová literatura";"PRO: profesní literatura";"FTS: formální a technické vědy";"TEC: technika";"> 0 ; při výpočtu nebyl tedy uvažován obrácený tah";"komína u (";"? pk < 0 ) , kdy by se všechny"
"1";"cs: čeština";"NFC: oborová literatura";"PRO: profesní literatura";"FTS: formální a technické vědy";"TEC: technika";"dieselového motoru ) jen jeden pohyblivý díl , namísto několika";"desítek u generačně";"starších agregátů . </s><s> Konkrétně : rotory rychloběžných generátorů snášejí vysoké"
"1";"cs: čeština";"NFC: oborová literatura";"PRO: profesní literatura";"FTS: formální a technické vědy";"TEC: technika";"EN 1993 - 1 - 11 na tažené prvky ocelových";"konstrukcí u SVÚM";"a . ? s . v Čelákovicích . </s><s> Únavová zkouška"
"1";"cs: čeština";"NFC: oborová literatura";"PRO: profesní literatura";"FTS: formální a technické vědy";"TEC: technika";"UV zářením ; * obsahuje cizorodá tělesa ( kromě loveckého";"materiálu u volně";"žijící zvěře ) ; * je u něj překročen nejvyšší"
"1";"cs: čeština";"NFC: oborová literatura";"PRO: profesní literatura";"FTS: formální a technické vědy";"TEC: technika";"<s> Základní pravidla aukcí : Doba podpory 30 tisíc hodin plného";"výkonu , u iKVET";"45 tisíc hodin . </s><s> Maximální doba podpory v kalendářním roce"
"1";"cs: čeština";"NFC: oborová literatura";"PRO: profesní literatura";"FTS: formální a technické vědy";"TEC: technika";"na cca 80 procent . </s><s> Účastníme se výběrových řízení u";"developerů , u SVJ";", u bytových družstev , u neziskových organizací … </s><s> Pokud"
"1";"cs: čeština";"NFC: oborová literatura";"POP: populárně naučná literatura";"FTS: formální a technické vědy";"TEC: technika";"jsou kovové . </s><s> Indikační OLED diody i iluminace knoflíku multifunkčního";"ovladače u X";"- i60 a tlačítek vypínačů svítí bíle , jejich mezikruží"
"1";"cs: čeština";"NFC: oborová literatura";"POP: populárně naučná literatura";"FTS: formální a technické vědy";"TEC: technika";"vývoji této technologie pracuje již 17 let a vývoj pohonných";"jednotek u Qorosu";"má na starosti Klaus Schmidt , který dříve pracoval u"
"1";"cs: čeština";"NFC: oborová literatura";"POP: populárně naučná literatura";"FTS: formální a technické vědy";"TEC: technika";". </s><s> Počítejte ale s minimálně desetilitrovým průměrem a nějakou spotřebou";"oleje , u ST220";"se 166 kW i s častým celkovým opotřebením v důsledku"
"1";"cs: čeština";"NFC: oborová literatura";"POP: populárně naučná literatura";"FTS: formální a technické vědy";"TEC: technika";"celé rodiny iny pohonných jednotek pro osobní a užitkové modely";"Mercedesu u s";"podélnou i příčnou zástavbou bou a pohonem předních , zadních"
"1";"cs: čeština";"NFC: oborová literatura";"POP: populárně naučná literatura";"FTS: formální a technické vědy";"TEC: technika";"servisu , který se dodnes pouští i do generálních oprav";"motorů ( u loganu";"ale zatím nebyla potřeba ) . </s><s> Zákazníků má tolik ,"
"1";"cs: čeština";"NFC: oborová literatura";"POP: populárně naučná literatura";"FTS: formální a technické vědy";"TEC: technika";"2 . 0 HPi vadné vysokotlaké čerpadlo . </s><s> Netěsnosti podtlakového";"okruhu u 2";". 2 HDi : Následně nefunkční regulace turbodmychadla , EGR"
"1";"cs: čeština";"NFC: oborová literatura";"POP: populárně naučná literatura";"FTS: formální a technické vědy";"TEC: technika";", zatím uznáváno na záruku . </s><s> Nefunkční připojování pohonu zadních";"kol ( u 4";"WD , vzácně ) : Více v článku . </s><s> Zakarbonovaný"
"1";"cs: čeština";"NFC: oborová literatura";"SCI: odborná literatura";"FTS: formální a technické vědy";"ICT: výpočetní technika";"čas , x představuje stavový vektor , y je vektor";"výstupů , u značí";"vektor vstupů a z představuje vektor veličin , jejichž vyhodnocením"
"1";"de: němčina";"NFC: oborová literatura";"PRO: profesní literatura";"FTS: formální a technické vědy";"ICT: výpočetní technika";"a vytvoří se nový soubor cstartup . r90 . </s><s> Nastavení";"assembleru u Embedded";"Workbench týkající se "" Processor Configuration "" a "" Memory"
"1";"cs: čeština";"NFC: oborová literatura";"PRO: profesní literatura";"FTS: formální a technické vědy";"ICT: výpočetní technika";"určen pro malé i velké výrobce a propojí každý ovladač";"nástrojů u CNC";"strojů bez ohledu na značku a s možností monitorovat a"
"1";"cs: čeština";"NFC: oborová literatura";"PRO: profesní literatura";"FTS: formální a technické vědy";"ICT: výpočetní technika";"dle mého názoru pravděpodobnost , že dojde k překročení rozsahu";"sekvence u Surrogate";"key je daleko vyšší . * Zdrojový systém – Identifikátor"
"1";"cs: čeština";"NFC: oborová literatura";"POP: populárně naučná literatura";"FTS: formální a technické vědy";"ICT: výpočetní technika";"bylo ale poměrně snadné zrekonstruovat z dat pro účtování a";"údajů u CSM";"kompletní profil jízdy vozu od jejího začátku až k tragickému"
"1";"cs: čeština";"NFC: oborová literatura";"POP: populárně naučná literatura";"FTS: formální a technické vědy";"ICT: výpočetní technika";"přenášet ebook </s><s> V režimu tablet drží mu trochu víko u";"základny u díky";"vestavěným magnetům , musíte se však smířit s celkovou hmotností"
"1";"cs: čeština";"NFC: oborová literatura";"POP: populárně naučná literatura";"FTS: formální a technické vědy";"ICT: výpočetní technika";"<s> Celá věc má i druhou stranu mince , zákaz polohových";"služeb u Swarmu";"de facto úplně vypne podstatu aplikace , a někdy může"
"1";"cs: čeština";"NFC: oborová literatura";"POP: populárně naučná literatura";"FTS: formální a technické vědy";"ICT: výpočetní technika";"fps Pokud si zvolíte rozlišení nižší , lze využít bezztrátového";"zoomu – u Full";"HD 3 × a u HD dokonce 4 × . </s>"
"1";"cs: čeština";"NFC: oborová literatura";"POP: populárně naučná literatura";"FTS: formální a technické vědy";"ICT: výpočetní technika";"PrtScn či Print Scrn , která však uloží obsah celé";"obrazovky , u více";"monitorů dokonce všech , do schránky . </s><s> Stiskem kombinace Alt"
"1";"cs: čeština";"NFC: oborová literatura";"POP: populárně naučná literatura";"FTS: formální a technické vědy";"ICT: výpočetní technika";"pochlubit obrovským počtem PCIe 3 . 0 linek vyvedených z";"procesoru – u Skylake";"- X je to až 44 , u AMD Threadripper"
"1";"cs: čeština";"NFC: oborová literatura";"POP: populárně naučná literatura";"FTS: formální a technické vědy";"ICT: výpočetní technika";"jen klasické GDDR5 s efektivním taktem 8 GHz . </s><s> Propustnost";"pamětí u GTX";"1660 Ti je tedy o polovinu vyšší než u GTX"
"1";"cs: čeština";"NFC: oborová literatura";"POP: populárně naučná literatura";"FTS: formální a technické vědy";"ICT: výpočetní technika";", což svědčí o tom , že Intel vyhnal optimalizacemi";"frekvence u 14";"nm procesu prakticky na maximum , zatímco u 10 nm"
"1";"cs: čeština";"NFC: oborová literatura";"POP: populárně naučná literatura";"ITD: interdisciplinární";"ITD: interdisciplinární";"van Gogha , tak jeho chudobu vnímáme na malbách prostých";"zahrad u Nuenen";", Arles ( Maison de Santé ) nebo hrábí opřených"
"1";"cs: čeština";"NFC: oborová literatura";"POP: populárně naučná literatura";"ITD: interdisciplinární";"ITD: interdisciplinární";". </s><s> Naštěstí si jej všiml Roger Revelle ze Scrippsova oceánografického";"institutu u San";"Diega . </s><s> Revella tehdy zajímal obsah CO2 v atmosféře z"
"1";"de: němčina";"NFC: oborová literatura";"POP: populárně naučná literatura";"ITD: interdisciplinární";"ITD: interdisciplinární";"vojenský úspěch je v určitých situacích rozhodujícím způsobem ovlivněn překonáním";"únavy u velmi";"zatěžovaných vojsk . </s><s> Překonání spánku může být ve zvláštních situacích"
"1";"cs: čeština";"NFC: oborová literatura";"POP: populárně naučná literatura";"ITD: interdisciplinární";"ITD: interdisciplinární";") </s><s> Protilátkový můstek mezi porodem a očkováním </s><s> medicína </s><s> Přes veškerou";"snah u ochránit";"kojence prostřednictvím očkování proti černému kašli , respektive proti toxinu"
"1";"en: angličtina";"NFC: oborová literatura";"MEM: memoáry, autobiografie";"MEM: memoáry, autobiografie";"MEM: memoáry, autobiografie";"tanečníka . </s><s> Nakonec mi k mé ohromné úlevě nabízejí post";"tanečníka u otawské";"taneční skupiny jménem Le Groupe de La Place Royale . </s>"
"1";"cs: čeština";"NFC: oborová literatura";"MEM: memoáry, autobiografie";"MEM: memoáry, autobiografie";"MEM: memoáry, autobiografie";"rozšířilo o naše nové spolužáky . </s><s> Začali jsme chodit do";"hospůdky U Trajců";"a za poslední drobné kupovali držťkovou polévku a rohlíky . </s>"
"1";"en: angličtina";"NFC: oborová literatura";"MEM: memoáry, autobiografie";"MEM: memoáry, autobiografie";"MEM: memoáry, autobiografie";"rezerva paliva se u T - 34 výrazně nelišila od";"té u Panzeru";"IV , jsme mohli učinit závěr , že pro sovětské"
"1";"en: angličtina";"NFC: oborová literatura";"MEM: memoáry, autobiografie";"MEM: memoáry, autobiografie";"MEM: memoáry, autobiografie";"( medaile , které se zřejmě staly jedněmi z posledních";"udělených u 25";". pluku , byly překvapivě k dispozici ) a příslušný"
"1";"en: angličtina";"NFC: oborová literatura";"MEM: memoáry, autobiografie";"MEM: memoáry, autobiografie";"MEM: memoáry, autobiografie";"v kasárnách bývalé ponorkové základny na druhé straně vysoké cihlové";"zdi u Kasernenstrasse";"ve Wilhelmshavenu internátní školu nazývanou Škola prince Ruperta . </s><s> Nehledě"
"1";"en: angličtina";"NFC: oborová literatura";"MEM: memoáry, autobiografie";"MEM: memoáry, autobiografie";"MEM: memoáry, autobiografie";". “ </s><s> Navigátorem byl Geoffrey Shaw , jediný anglický člen";"posádky u 311";". perutě . </s><s> Když jsem ho poprvé uviděl , jeho"
"1";"en: angličtina";"NFC: oborová literatura";"MEM: memoáry, autobiografie";"MEM: memoáry, autobiografie";"MEM: memoáry, autobiografie";"zuby Cranwellu a to i přesto , že chodil do";"hotelu u Saracena";"v Lincolnu . </s><s> Tvoje M . “ </s><s> Na začátku června"
"1";"en: angličtina";"NFC: oborová literatura";"MEM: memoáry, autobiografie";"MEM: memoáry, autobiografie";"MEM: memoáry, autobiografie";"se tísnilo okolo 350 000 mužů , zajatých během obkličovací";"operace u Vjazmy";", jsme byli posláni dál na západ . </s><s> Pochopil jsem"
"1";"pl: polština";"NFC: oborová literatura";"MEM: memoáry, autobiografie";"MEM: memoáry, autobiografie";"MEM: memoáry, autobiografie";"a jejím organizátorem byl organizační výbor oslav 50 . výročí";"bitvy u Monte";"Cassina při Úřadu pro záležitosti válečných veteránů a perzekvovaných osob"
"1";"en: angličtina";"NFC: oborová literatura";"MEM: memoáry, autobiografie";"MEM: memoáry, autobiografie";"MEM: memoáry, autobiografie";", abych se dobře připravila na povinnou zkoušku z těchto";"dovedností u OSN";". </s><s> Tu jsem pak – díky jeho dobrotě – zvládla"
"1";"de: němčina";"NFC: oborová literatura";"MEM: memoáry, autobiografie";"MEM: memoáry, autobiografie";"MEM: memoáry, autobiografie";"padlo rozhodnutí . </s><s> Toho dne dostal polní maršál Rommel z";"linie u Marethu";"hlášení , že tímto směrem útočí osmá britská armáda ,"
"1";"cs: čeština";"NFC: oborová literatura";"MEM: memoáry, autobiografie";"MEM: memoáry, autobiografie";"MEM: memoáry, autobiografie";", abych následujícího dne v šest hodin večer přišel do";"parku u Rudolfína";"– a přidává k tomu poznámku , že je to"
"1";"en: angličtina";"NFC: oborová literatura";"MEM: memoáry, autobiografie";"MEM: memoáry, autobiografie";"MEM: memoáry, autobiografie";"mužů , které vojáci Konfederace lapili do pasti na břehu";"řeky u Ball’s";"Bluff . </s><s> McClellan okamžitě odmítl odpovědnost za porážku a svým"
"1";"en: angličtina";"NFC: oborová literatura";"MEM: memoáry, autobiografie";"MEM: memoáry, autobiografie";"MEM: memoáry, autobiografie";"účastnil poloostrovního tažení , druhé bitvy u Bull Runu a";"bitvy u Chancellorsville";". </s><s> Překvapivý tah rozčílil Chaseho . </s><s> Už dlouho se zastával"
"1";"he: hebrejština";"NFC: oborová literatura";"MEM: memoáry, autobiografie";"MEM: memoáry, autobiografie";"MEM: memoáry, autobiografie";"strávil jsem šest let jako řidič nákladního auta . </s><s> Během";"let u Solel";"Bone se mi podařilo nastřádat dostatek peněz , abychom se"
"1";"fr: francouzština";"NFC: oborová literatura";"MEM: memoáry, autobiografie";"MEM: memoáry, autobiografie";"MEM: memoáry, autobiografie";"exilu do Alta Gracia společně s plukovníkem a hrdinou z";"bitvy u Guadalajara";"Enriquem Juradem . </s><s> Naše rodiny se velmi spřátelily . </s><s> Ať"
"1";"cs: čeština";"NFC: oborová literatura";"ADM: administrativa";"ADM: administrativa";"ADM: administrativa";"jedné stanice mohou pracovat nejvýše dva lidé . </s><s> Maximální délka";"práce u PC";"je 60 minut . </s><s> Po dohodě s pracovnicí knihovny může"
"1";"cs: čeština";"NMG: publicistika";"NEW: tradiční publicistika";"X: neuvedeno";"NTW: celostátní tisk";"peněz ze zločinecké činnosti . </s><s> Krejčíř je podle deníku předmětem";"vyšetřování u nejméně";"20 případů vražd , 15 případů pašování drog , pěti"
"1";"cs: čeština";"NMG: publicistika";"NEW: tradiční publicistika";"X: neuvedeno";"NTW: celostátní tisk";"Dale Ekmark . </s><s> „ Co se týče předčasného odchodu do";"důchodu u tak";"náročných profesí , jaké mají například hutníci , to jistým"
"1";"cs: čeština";"NMG: publicistika";"NEW: tradiční publicistika";"X: neuvedeno";"NTW: celostátní tisk";"přestávek při řízení v 11 případech a překročení povolené hmotnosti";"vozidla u 47";"kamiónů . </s><s> „ Právě přetížená vozidla jsou jedním z nejvážnějších"
"1";"cs: čeština";"NMG: publicistika";"NEW: tradiční publicistika";"X: neuvedeno";"NTW: celostátní tisk";"a Sydney a zúčastnil se také slavnostní připomínky stoletého výročí";"bitvy u Gallipoli";"v Turecku za 1 . světové války . </s><s> Harry připustil"
"1";"cs: čeština";"NMG: publicistika";"NEW: tradiční publicistika";"X: neuvedeno";"NTW: celostátní tisk";". </s><s> Hned . </s><s> Krásný příklad vstřícnosti jsem zažila při nákupu";"šatů u Macy’s";". </s><s> „ Nechte si je tady stranou , “ řekla"
"1";"cs: čeština";"NMG: publicistika";"NEW: tradiční publicistika";"X: neuvedeno";"NTW: celostátní tisk";"peníze k dispozici má , půjčila si totiž na splacení";"dluhu u Fio";"banky . </s><s> Ale údajně neví , kam je poslat . </s>"
"1";"cs: čeština";"NMG: publicistika";"NEW: tradiční publicistika";"X: neuvedeno";"NTW: celostátní tisk";"lékař z Centra pro léčbu bolesti Anesteziologicko - resuscitační kliniky";"Nemocnice u sv";". Anny v Brně . </s><s> Kromě hluku bývají častými spouštěči"
"1";"cs: čeština";"NMG: publicistika";"NEW: tradiční publicistika";"X: neuvedeno";"NTW: celostátní tisk";"a tím jsme vystoupili z řady umělců , kteří ze";"strachu u radši";"mlčí . </s><s> Je složité se dneska politicky „ odkopat “"
"1";"cs: čeština";"NMG: publicistika";"NEW: tradiční publicistika";"X: neuvedeno";"NTW: celostátní tisk";"dálnice na Hradec Králové či kousek za výjezdem z Pražského";"okruhu u »";"dé jedničky « . </s><s> Lokalit , kde namísto pšenice či"
"1";"cs: čeština";"NMG: publicistika";"NEW: tradiční publicistika";"X: neuvedeno";"NTW: celostátní tisk";"železniční síti byla podle něho vloni 78,9 procenta u dálkových";"vlaků ( u ČD";"je to 77,8 ) a 94,8 procenta u vlaků regionálních"
"1";"cs: čeština";"NMG: publicistika";"NEW: tradiční publicistika";"X: neuvedeno";"NTW: celostátní tisk";"v Česku dva dětští pacienti , operovali je lékaři Fakultní";"nemocnice u sv";". Anny v Brně . </s><s> Endoprotézou se nahrazuje kolenní kloub"
"1";"cs: čeština";"NMG: publicistika";"NEW: tradiční publicistika";"X: neuvedeno";"NTW: celostátní tisk";"i první pomoci . </s><s> I proto se lékaři z Fakultní";"nemocnice u sv";". Anny v Brně rozhodli proškolit seniory , kteří patří"
"1";"cs: čeština";"NMG: publicistika";"NEW: tradiční publicistika";"X: neuvedeno";"NTW: celostátní tisk";"až po jejím konání státní čínská média . </s><s> Zdůvodnění nezvyklého";"ticha u jinak";"pompézních čínských akcí zní , že zrod centra kabinet avizoval"
"1";"cs: čeština";"NMG: publicistika";"NEW: tradiční publicistika";"X: neuvedeno";"NTW: celostátní tisk";"vstoupili vstoupiarmády do československé armády a připojili se k oddílu";"generála u geney";". </s><s> Ludvíka Svobody . </s><s> Paul , tehdy čtrnáctiletý , nastoupil"
"1";"cs: čeština";"NMG: publicistika";"NEW: tradiční publicistika";"X: neuvedeno";"NTW: celostátní tisk";". </s><s> U KSČM dosáhl překryv voličů s těmi Zemanovými 78";"procent , u ANO";"je to 75 procent a u sociálních demokratů polovina . </s>"
"1";"cs: čeština";"NMG: publicistika";"NEW: tradiční publicistika";"X: neuvedeno";"NTW: celostátní tisk";"Praze 6 kousek od Bílé hory . </s><s> Křížení tří jednosměrných";"ulic – U Světličky";", Chrášťanské a Kralupské – je zde vyřešeno pestrou a"
"1";"cs: čeština";"NMG: publicistika";"NEW: tradiční publicistika";"X: neuvedeno";"NTW: celostátní tisk";"Čechů klesá . </s><s> Laboratoř Synlab tento měsíc měřila hladinu ochranných";"látek u 1300";"lidí . </s><s> „ Z výsledků vyplývá , že 28 procent"
"1";"cs: čeština";"NMG: publicistika";"NEW: tradiční publicistika";"X: neuvedeno";"NTW: celostátní tisk";"je přejezd doplněn značkou Stop , či prostě nesledování přijíždějícího";"vlaku u „";"Ondřejova kříže “ to samé jako projetí křižovatky na červenou"
"1";"cs: čeština";"NMG: publicistika";"NEW: tradiční publicistika";"X: neuvedeno";"NTW: celostátní tisk";"masa na evropském trhu stoupá . </s><s> Od poloviny března do";"současnosti u jatečně";"zpracovaných prasat o zhruba pětinu , u jednotlivých samostatně obchodovaných"
"1";"cs: čeština";"NMG: publicistika";"NEW: tradiční publicistika";"X: neuvedeno";"NTW: celostátní tisk";"součástí bylo mj . v Itálii pořádané 210 . výročí";"bitvy u Sacile";". </s><s> Součástí projektu je i výstava originálních artefaktů Znaim /"
"1";"cs: čeština";"NMG: publicistika";"NEW: tradiční publicistika";"X: neuvedeno";"NTW: celostátní tisk";"položky v řádu stovek milionů , vypadá trik s posunem";"lhůt u DPH";"jako odzbrojující tah dávající vládě velký prostor navíc . </s><s> Potíž"
"1";"cs: čeština";"NMG: publicistika";"NEW: tradiční publicistika";"X: neuvedeno";"REG: regionální tisk";"těšit ? </s><s> Ve čtvrtek 13 . října si vypraví do";"bazénu u KV";"Areny v Karlových Varech , 18 . října je připraveno"
"1";"cs: čeština";"NMG: publicistika";"NEW: tradiční publicistika";"X: neuvedeno";"REG: regionální tisk";"přesune do čínské Lhasy . </s><s> Poté skupina odcestuje do základního";"tábora u Cho";"Oyu nacházejícího se zhruba v 5,5 tisíce metrech . </s><s> Až"
"1";"cs: čeština";"NMG: publicistika";"NEW: tradiční publicistika";"X: neuvedeno";"REG: regionální tisk";"bronz ! </s><s> Gävle – Český paralympijský reprezentant Dan Bína ze";"Včelné u Č";". Budějovic má na svém kontě další úspěch . </s><s> Na"
"1";"cs: čeština";"NMG: publicistika";"NEW: tradiční publicistika";"X: neuvedeno";"REG: regionální tisk";"odchod pro stárky • 17 . 00 povolení hodů starostou";"obce u OÚ";"• 19 . 30 hodová zábava v ZŠ - hraje"
"1";"cs: čeština";"NMG: publicistika";"NEW: tradiční publicistika";"X: neuvedeno";"REG: regionální tisk";"zejména z oblasti Plzeňska , tzv . setnutí žáby nebo";"kohouta u předem";"připravené šibenice . </s><s> Byla to spíše recesní taškařice , kdy"
"1";"cs: čeština";"NMG: publicistika";"NEW: tradiční publicistika";"X: neuvedeno";"REG: regionální tisk";"na zbrojní průkaz bylo v jižních Čechách na konci minulého";"roku u 27";"155 individuálních majitelů celkem 78 807 kusů . </s><s> Kraj je"
"1";"cs: čeština";"NMG: publicistika";"NEW: tradiční publicistika";"X: neuvedeno";"REG: regionální tisk";"Chody . </s><s> Po vystavění kostela Povýšení sv . </s><s> Kříže také";"Chodové u Sv";". Kříže , nebo Svatý Kříž . </s><s> V průběhu 16"
"1";"cs: čeština";"NMG: publicistika";"NEW: tradiční publicistika";"X: neuvedeno";"REG: regionální tisk";"2019 . </s><s> Pozemky se nacházejí v Oblekovicích v prostoru u";"pískovny u Načeratické";"ulice . </s><s> „ Chceme do Znojma přilákat dalšího investora ,"
"1";"cs: čeština";"NMG: publicistika";"NEW: tradiční publicistika";"X: neuvedeno";"REG: regionální tisk";"27 . a 28 . července KDE : polní letiště";"Hory u KV";"</s><s> Modelářský klub Ostrov srdečně zve všechny příznivce létání na čtvrtý"
"1";"cs: čeština";"NMG: publicistika";"NEW: tradiční publicistika";"X: neuvedeno";"REG: regionální tisk";". </s><s> V roce 1991 jsem se stal asistentem ( trenér";"brankářů ) u „";"A “ mužů a dá se říci , že jsem"
"1";"cs: čeština";"NMG: publicistika";"LEI: volnočasová publicistika";"X: neuvedeno";"HOU: bydlení, zahrada, hobby";"čtyři tisíce bodů horizontálně v případě 4 K či osm";"tisíc u 8";"K UHD . </s><s> Ultra vysoké rozlišení umožňuje sledovat až neuvěřitelné"
"1";"cs: čeština";"NMG: publicistika";"LEI: volnočasová publicistika";"X: neuvedeno";"HOU: bydlení, zahrada, hobby";"kromě snížení nákladů na topení často vyřeší třeba problém promrzání";"zdí u nepravidelně";"vytápěných objektů a jeho důsledky včetně vlhkosti a plísně . </s>"
"1";"cs: čeština";"NMG: publicistika";"LEI: volnočasová publicistika";"X: neuvedeno";"HOU: bydlení, zahrada, hobby";"můžete zorientovat podle množství včel , ty poznají </s><s> plně rozkvetlou";"rostlin u nejlépe";". </s><s> Semena se sklízejí v době plné zralosti , těsně"
"1";"cs: čeština";"NMG: publicistika";"LEI: volnočasová publicistika";"X: neuvedeno";"HOU: bydlení, zahrada, hobby";"názvem Adaptační a mitigační opatření , budou využity na proplacení";"dotací u dosud";"neuspokojených žádostí . </s><s> Podle Ministerstva životního prostředí přitom v Praze"
"1";"cs: čeština";"NMG: publicistika";"LEI: volnočasová publicistika";"X: neuvedeno";"LIF: životní styl";") . </s><s> Přídavky dává stát od druhého dítěte podle počtu";"dětí : u 2";"dětí 120 eur měsíčně , u tří 270 eur ,"
"1";"cs: čeština";"NMG: publicistika";"LEI: volnočasová publicistika";"X: neuvedeno";"SCT: společenský život";"! </s><s> Šéf fotbalové asociace ( FAČR ) po zasedání výkonného";"výboru u v";"Rize totálně zazdil jakékoliv snahy o vyčištění vzduchu u poté"
"1";"cs: čeština";"NMG: publicistika";"LEI: volnočasová publicistika";"X: neuvedeno";"SCT: společenský život";", že podle g zákona nejde odstoupit z od kupní";"smlouvy u hygienicky";"zabalených ph kosmetických výrobků ( podrobně viz § 1837 písm"
"1";"cs: čeština";"NMG: publicistika";"LEI: volnočasová publicistika";"X: neuvedeno";"SPO: sport";"nějakým časem řešilo , zda bych nešel na pozici hlavního";"trenéra u tehdy";"ještě prvoligového týmu . </s><s> Takže ne , neváhal jsem ."
"1";"cs: čeština";"NMG: publicistika";"LEI: volnočasová publicistika";"X: neuvedeno";"SPO: sport";"a neskutečný profík . “ </s><s> Nicméně za dvě a půl";"sezony u Red";"Devils oslavil jen 17 zásahů . </s><s> V klubu mu jsou"
"1";"cs: čeština";"NMG: publicistika";"LEI: volnočasová publicistika";"X: neuvedeno";"INT: zajímavosti ze světa";"patřící Garzovu otci Luisovi . </s><s> Ranč leží několik kilometrů od";"města u špatně";"osvětlené dvouproudové silnice . </s><s> Po setmění začaly z jedné kůlny"
"1";"cs: čeština";"NMG: publicistika";"LEI: volnočasová publicistika";"X: neuvedeno";"MIX: společnost";"západní Transvaal , dále Bečuánsko ( dnešní Botswanu ) a";"jeskyně u Wonderfonteinu";"a Rivertownu , kde našel na balvanech vyryté křovácké obrazy"
"1";"cs: čeština";"NMG: publicistika";"LEI: volnočasová publicistika";"X: neuvedeno";"MIX: společnost";"psychopatii . </s><s> Ve vrcholné politice se odhaduje přítomnost klinických rysů";"psychopatie u 15";"– 20 % jedinců , ve vrcholovém managementu ji nacházíme"
"1";"cs: čeština";"NMG: publicistika";"LEI: volnočasová publicistika";"X: neuvedeno";"MIX: společnost";"východní a střední Evropy </s><s> Děti z vesnice Glikoneri přijely do";"Lesné u Wansdorfu";", 1948 </s><s> V průběhu občanské války byli partyzáni vytlačováni do"
"1";"cs: čeština";"NMG: publicistika";"LEI: volnočasová publicistika";"X: neuvedeno";"MIX: společnost";". </s><s> Nyní pracuje na Neurologické klinice LF MU a Fakultní";"nemocnice u sv";". Anny v Brně a současně vede neurovědní výzkum a"
"3";"en: angličtina";"FIC: beletrie";"NOV: próza";"X: neuvedeno";"X: neuvedeno";"rychle se však vzpamatoval . </s><s> "" Deset mil západojihozápadně od";"oddílu U .";"</s><s> Souřadnice máte uvedené v materiálech . </s><s> Budete plnit úlohu pátrací"
"3";"cs: čeština";"FIC: beletrie";"NOV: próza";"X: neuvedeno";"X: neuvedeno";"háček . </s><s> Nikdy úplně . </s><s> Pokaždé trochu vedle , vždycky";"nějaké u .";"Kam vede všechno to usilovné zvažování , zda je svět"
"3";"cs: čeština";"FIC: beletrie";"NOV: próza";"X: neuvedeno";"X: neuvedeno";"stíhací letouny . </s><s> Bude zase hey , jsou tu kluci";"z U .";"S . A . ! </s><s> Nadšený potlesk . </s><s> Chtělo by"
"3";"cs: čeština";"FIC: beletrie";"COL: kratší próza";"X: neuvedeno";"X: neuvedeno";"hladině se válí příkrov mlhy , Linde , kapitán německé";"ponorky U -";"202 , podle některých pramenů pojmenované Innsbruck , vyhlíží z"
"3";"en: angličtina";"FIC: beletrie";"SCR: drama";"X: neuvedeno";"X: neuvedeno";"pán . </s><s> OBČANÉ On je náš vůdce a mesiáš ! </s><s>";"U u ú";"! berem na vědomí , že Van Horn je náš"
"3";"cs: čeština";"NFC: oborová literatura";"SCI: odborná literatura";"HUM: humanitní vědy";"LAN: filologie";". </s><s> V tomto světle jsou zajímavé výsledky u zadních zavřených";"vokálů , [ u uː";"] , u nichž zřejmě v češtině rovněž dochází ke"
"3";"cs: čeština";"NFC: oborová literatura";"SCI: odborná literatura";"HUM: humanitní vědy";"INF: knihovnictví, informatika";"AND a OR jsou výrazy . ( iii ) Třída";"objektů ( U →";"B ) je množina všech funkcí z univerza U do"
"3";"cs: čeština";"NFC: oborová literatura";"SCI: odborná literatura";"HUM: humanitní vědy";"INF: knihovnictví, informatika";"0 pokud x není prvkem A ( iv ) Třída";"objektů ( ( U →";"B ) → B ) je také význačná . </s><s> Lze"
"3";"cs: čeština";"NFC: oborová literatura";"SCI: odborná literatura";"HUM: humanitní vědy";"INF: knihovnictví, informatika";"× B ( U → B ) = B /";"U ( ( U →";"B ) → B ) = B / ( B"
"3";"cs: čeština";"NFC: oborová literatura";"SCI: odborná literatura";"HUM: humanitní vědy";"INF: knihovnictví, informatika";"× B ( U → B ) = B /";"U ( ( U →";"B ) → B ) = B / ( B"
"3";"en: angličtina";"NFC: oborová literatura";"POP: populárně naučná literatura";"HUM: humanitní vědy";"INF: knihovnictví, informatika";"tvořil je pár čepelí , přidělaných k pružině ve tvaru";"písmene U .";"Trvalo dalších 1600 let , než Římané vymysleli praktičtější model"
"3";"cs: čeština";"NFC: oborová literatura";"PRO: profesní literatura";"SSC: sociální vědy";"ECO: ekonomie, obchod, logistika";") </s><s> Vítězové zastupují inovativní a progresivní firmy </s><s> Marta Nováková ze";"společnosti U &";"Sluno a Emil Beber z výrobního družstva Kovobel byli v"
"3";"cs: čeština";"NFC: oborová literatura";"POP: populárně naučná literatura";"SSC: sociální vědy";"LAW: právo";"se však i svobodě umění , již zaručuje ústava . </s><s>";"Dle § u 118";"ústavní listiny Československé republiky ze dne 29 . února 1921"
"3";"en: angličtina";"NFC: oborová literatura";"POP: populárně naučná literatura";"SSC: sociální vědy";"REC: sport, rekreace, hobby";"se skládá z dřevěné rukojeti se zubatým kovovým ostřím ohnutým";"do U .";"Díky ostrým zubům je čištění čerstvých ryb hračkou . </s><s> Kovová"
"3";"cs: čeština";"NFC: oborová literatura";"SCI: odborná literatura";"NAT: přírodní vědy";"BIO: biologie";"v USA , o které pečuje Správa národních parků Spojených";"států ( U .";"S . National Park Service ) . </s><s> Podle nové definice"
"3";"en: angličtina";"NFC: oborová literatura";"POP: populárně naučná literatura";"FTS: formální a technické vědy";"MAT: matematika";"V . Takže Eda věří , že Dan je členem";"Výboru U a";"Ferda zase věří , že Dan dochází na schůze Výboru"
"3";"cs: čeština";"NFC: oborová literatura";"SCI: odborná literatura";"FTS: formální a technické vědy";"TEC: technika";"jelikož to distribuční soustava momentálně potřebuje . </s><s> Závěr </s><s> Z grafů";"regulace U /";"Q je jednoznačně vidět , že regulace jalového výkonu na"
"3";"cs: čeština";"NFC: oborová literatura";"PRO: profesní literatura";"FTS: formální a technické vědy";"TEC: technika";"u čtyřtisícovek 8500 nebo 9500 kg a v případě nejtěžší";"řady U 5000";"až 12 500 , respektive 14 100 kg . </s><s> U"
"3";"cs: čeština";"NFC: oborová literatura";"PRO: profesní literatura";"FTS: formální a technické vědy";"TEC: technika";"až 8,30 ( m2K ) / W , součinitel prostupu";"tepla U až";"0,12 W / ( m 2 K ) . požární"
"3";"cs: čeština";"NFC: oborová literatura";"PRO: profesní literatura";"FTS: formální a technické vědy";"TEC: technika";"až 8,20 m2 . </s><s> K / W , součinitel prostupu";"tepla U až";"0,12 W / m2 . </s><s> K ) . </s><s> Uvedené hodnoty"
"3";"cs: čeština";"NFC: oborová literatura";"PRO: profesní literatura";"FTS: formální a technické vědy";"TEC: technika";"viditelných spojů a spár . </s><s> Principiálně mají v řezu tvaru";"písmene U ,";"zábradlí , podlaha i spodní strana lávky , … vše"
"3";"cs: čeština";"NFC: oborová literatura";"POP: populárně naučná literatura";"FTS: formální a technické vědy";"TEC: technika";"kategorie výrobků pro nízkoenergetickou a pasivní výstavbu . </s><s> Součinitel prostupu";"tepla U =";"0,14 W / m2K s rezervou vyhovuje hodnotám pro pasivní"
"3";"cs: čeština";"NFC: oborová literatura";"POP: populárně naučná literatura";"FTS: formální a technické vědy";"TEC: technika";"hlavně o skle </s><s> Základním parametrem kvality okna je součinitel prostupu";"tepla ( U =";"W / m2K ) , který naznačuje , kolik tepla"
"3";"cs: čeština";"NFC: oborová literatura";"POP: populárně naučná literatura";"FTS: formální a technické vědy";"TEC: technika";"se lepí na rám okna či dveří . </s><s> Má profil";"písmene „ U “";"a odlamovací lamelu pro nalepení fólie , která chrání okenní"
"3";"cs: čeština";"NFC: oborová literatura";"POP: populárně naučná literatura";"FTS: formální a technické vědy";"TEC: technika";"PŘÍMÁ </s><s> KUCHYŇ TVARU L </s><s> KUCHYŇ TVARU U </s><s> KUCHYŇ DVOUŘADÁ </s><s> KUCHYŇ";"TVARU U S";"POLOOSTRŮVKEM </s><s> KUCHYŇ S OSTRŮVKEM </s><s> Pět základních zón </s><s> zóna zásob ,"
"3";"cs: čeština";"NFC: oborová literatura";"PRO: profesní literatura";"FTS: formální a technické vědy";"ICT: výpočetní technika";"doposud nabízel obnovení z Oracle a dalších oblíbených aplikací pomocí";"průvodce U -";"AIR ( Universal Application Item Recovery ) . </s><s> Nový Veeam"
"3";"cs: čeština";"NFC: oborová literatura";"PRO: profesní literatura";"FTS: formální a technické vědy";"ICT: výpočetní technika";"spínače , systémy zamykání a zadní přístupové moduly . </s><s> Odbornost";"společnosti U -";"Shin sahá od mechanické konstrukce až po vývoj elektroniky a"
"3";"cs: čeština";"NFC: oborová literatura";"PRO: profesní literatura";"FTS: formální a technické vědy";"ICT: výpočetní technika";"na další opracování jejich galvanizaci nebo lakování . </s><s> Slévárna Zamak";"společnosti U -";"Shin je jedním z největších slévárenských závodů v Evropě . </s>"
"3";"cs: čeština";"NFC: oborová literatura";"PRO: profesní literatura";"FTS: formální a technické vědy";"ICT: výpočetní technika";"různých dílů pod různými tlaky . </s><s> Jeden z nejnovějších projektů";"společnosti U -";"Shin zahrnoval analýzu závad čepu zámku automobilu a jeho optimalizaci"
"3";"cs: čeština";"NFC: oborová literatura";"POP: populárně naučná literatura";"FTS: formální a technické vědy";"ICT: výpočetní technika";"protože pozlátko po chvilce prohlédnete . </s><s> Stejně jako u celé";"řady U ani";"tady nehledejte 3,5 mm jack , avšak na rozdíl od"
"3";"cs: čeština";"NFC: oborová literatura";"SCI: odborná literatura";"ITD: interdisciplinární";"ITD: interdisciplinární";"hustotu prostředí ρ a určitý úhel náběhu α úměrná čtverci";"rychlosti U a";"průmětu plochy křídla S do horizontální roviny , tj ."
"3";"cs: čeština";"NFC: oborová literatura";"SCI: odborná literatura";"ITD: interdisciplinární";"ITD: interdisciplinární";"např . u letadel ) se užívá tzv . křivka";"výkonu ( U -";"křivka ) , obr . 3 . 03 , která"
"3";"cs: čeština";"NFC: oborová literatura";"SCI: odborná literatura";"ITD: interdisciplinární";"ITD: interdisciplinární";"Častěji se však zavádí bezrozměrová hodnota J jako poměr rychlosti";"letu U ke";"střední rychlosti konců křídel , která svým způsobem vyjadřuje dopředný"
"3";"cs: čeština";"NFC: oborová literatura";"SCI: odborná literatura";"ITD: interdisciplinární";"ITD: interdisciplinární";"při pohledu shora , </s><s> Rychlost proudu , popř . rychlost";"letu ( U )";"– rychlost letce ve směru letu . </s><s> Můžeme ji také"
"3";"cs: čeština";"NMG: publicistika";"NEW: tradiční publicistika";"X: neuvedeno";"NTW: celostátní tisk";"výroby do Value Streamů , přestavba velké části provozních prostor";"do U -";"linek , zvyšování kompetencí a individuálních odpovědností nejen dělníků ve"
"3";"cs: čeština";"NMG: publicistika";"NEW: tradiční publicistika";"X: neuvedeno";"NTW: celostátní tisk";"evropských operací , podle které 58 procent veškerého bojového zpravodajství";"shromážděného U .";"S . Army pocházelo od týmů vojenské rozvědky , z"
"3";"cs: čeština";"NMG: publicistika";"NEW: tradiční publicistika";"X: neuvedeno";"REG: regionální tisk";"stále velký nedostatek . </s><s> Nyní pracuje ve Valašském Meziříčí u";"kategorie U 19";". </s><s> Jak jste se dostal k trénování brankářů ? </s><s> Po"
"3";"cs: čeština";"NMG: publicistika";"LEI: volnočasová publicistika";"X: neuvedeno";"HOU: bydlení, zahrada, hobby";"<s> „ Domek s přilehlými stavbami byl vždy situován do tvaru";"písmene U a";"tu dispozici jsme využili i my , takže i když"
"3";"cs: čeština";"NMG: publicistika";"LEI: volnočasová publicistika";"X: neuvedeno";"HOU: bydlení, zahrada, hobby";"<s> Zde je úkol jasný - dosáhnout co nejnižšího součinitele prostupu";"tepla U a";"zároveň dořešit s projektantem vhodné difuzní parametry stěny . </s><s> ZÁKLADOVÝ"
"3";"cs: čeština";"NMG: publicistika";"LEI: volnočasová publicistika";"X: neuvedeno";"HOU: bydlení, zahrada, hobby";"a rolety z vodicích lišt a svislých lamel . </s><s> VÝPOČET";"HODNOTY U";"</s><s> Rozlišují se tři hodnoty U : Uw ( w ="
"3";"cs: čeština";"NMG: publicistika";"LEI: volnočasová publicistika";"X: neuvedeno";"HOU: bydlení, zahrada, hobby";"pracovní deskou tvoří dřevotříska s modrým laminem . </s><s> Kuchyně do";"písmene U využívá";"plynovou varnou desku ( šířky 90 cm ) s 5"
"3";"cs: čeština";"NMG: publicistika";"LEI: volnočasová publicistika";"X: neuvedeno";"HOU: bydlení, zahrada, hobby";"Kč , </s><s> Modulární sedací souprava Paso Doble Night do tvaru";"písmene U s";"variabilními polštáři , snímatelný potah , Furninova , cena 129"
"3";"cs: čeština";"NMG: publicistika";"LEI: volnočasová publicistika";"X: neuvedeno";"HOU: bydlení, zahrada, hobby";"izolace . </s><s> V případě zdiva plněného polystyrenem je součinitel prostupu";"tepla U až";"0,11 W / m2K , což představuje nejlepší parametr tepelné"
"3";"cs: čeština";"NMG: publicistika";"LEI: volnočasová publicistika";"X: neuvedeno";"HOU: bydlení, zahrada, hobby";"<s> Přičemž jako ukazatel kvality výrobku nelze brát pouze součinitel prostupu";"tepla U .";"</s><s> OKNA </s><s> Ideálním příkladem této problematiky jsou okna , respektive velké"
"3";"cs: čeština";"NMG: publicistika";"LEI: volnočasová publicistika";"X: neuvedeno";"HOU: bydlení, zahrada, hobby";"SEZNAM Postýlka je pro Anet u , housenka pro malou";"Bět u ,";"kožich potěší mou tetu . </s><s> A jes tli to nepopletu"
"3";"cs: čeština";"NMG: publicistika";"LEI: volnočasová publicistika";"X: neuvedeno";"HOU: bydlení, zahrada, hobby";"kuchyňskou sestavu bez horních skříněk . </s><s> Situoval ji do tvaru";"písmene U a";"na protější straně doplnil vysokým nábytkovým modulem , ve kterém"
"3";"cs: čeština";"NMG: publicistika";"LEI: volnočasová publicistika";"X: neuvedeno";"HOU: bydlení, zahrada, hobby";", na co je třeba dbát , jsou součinitele prostupu";"tepla U ,";"solární faktor – celkový činitel prostupu sluneční energie g a"
"3";"cs: čeština";"NMG: publicistika";"LEI: volnočasová publicistika";"X: neuvedeno";"HOU: bydlení, zahrada, hobby";"i ze čtvrtého směru , přes prostornou kuchyň ve tvaru";"písmene U .";"Součástí přízemí je i technická místnost a integrovaná garáž . </s>"
"3";"cs: čeština";"NMG: publicistika";"LEI: volnočasová publicistika";"X: neuvedeno";"HOU: bydlení, zahrada, hobby";"<s> Standardní obvodová stěna VELOX tak dnes vykazuje hodnotu součinitele prostupu";"tepla U =";"0,14 W / m2K ( R = 6,82 m2K /"
"3";"cs: čeština";"NMG: publicistika";"LEI: volnočasová publicistika";"X: neuvedeno";"HOU: bydlení, zahrada, hobby";"č . 13 mě zaujal článek o návratu legendy -";"komody U -";"453 a U - 452 Jak vrátit legendy . </s><s> V"
"3";"cs: čeština";"NMG: publicistika";"LEI: volnočasová publicistika";"X: neuvedeno";"LIF: životní styl";"dýchání . </s><s> Kočičí hřbet vestoje Při nádechu zvedněte paže do";"tvaru U a";"vytáhněte je tak vysoko , až se lopatky dostanou co"
"3";"cs: čeština";"NMG: publicistika";"LEI: volnočasová publicistika";"X: neuvedeno";"SCT: společenský život";"z přepracování ! </s><s> To je možná příčina smrti krásné Češky";"Nely U .";"( † 27 ) ve Finsku . </s><s> Jedna z vyšetřovacích"
"3";"cs: čeština";"NMG: publicistika";"LEI: volnočasová publicistika";"X: neuvedeno";"SCT: společenský život";"- června , kdy se e Maciuchová rozhodla - z";"projektu u po";"deseti letech h odejít . </s><s> Už tehdy se podle některých"
"3";"cs: čeština";"NMG: publicistika";"LEI: volnočasová publicistika";"X: neuvedeno";"SCT: společenský život";"16 . století n a je postavena do tvaru le";"písmene » U «";". </s><s> Kamenické a p kamenosochařské práce na k stavbě získala"
"3";"cs: čeština";"NMG: publicistika";"LEI: volnočasová publicistika";"X: neuvedeno";"SCT: společenský život";"si vzal slovo Petr Čech a bez mrknutí oka do";"mikrofonu u pronesl";": „ Na tom pokoji jsme sme byli všichni ,"
"3";"cs: čeština";"NMG: publicistika";"LEI: volnočasová publicistika";"X: neuvedeno";"SCT: společenský život";"» Leon « . </s><s> I když mu svědčí nejvíc role";"padouchů , u ,";"přesto ho nelze jen tak zaškatulkovat . - Reno zúročil"
"3";"cs: čeština";"NMG: publicistika";"LEI: volnočasová publicistika";"X: neuvedeno";"SCT: společenský život";"máme také na občasné bouřky či přeháňky a zvýšenou vlhkost";"vzduchu . u .";"</s><s> Jak bude ? </s><s> DNES : jasno až polojasno , ojediněle"
"3";"cs: čeština";"NMG: publicistika";"LEI: volnočasová publicistika";"X: neuvedeno";"INT: zajímavosti ze světa";"před osvobozením Prahy a celého Česka ? </s><s> Konec druhé světové";"války u nebyl";"poklidný . </s><s> Čechům nacistická nadvláda nevyhovovala , ale neměli moc"
"3";"cs: čeština";"NMG: publicistika";"LEI: volnočasová publicistika";"X: neuvedeno";"MIX: společnost";"na moskevské konzervatoři u Heinricha Neuhause u 1941 poprava jeho";"otce u 1949";"získal Stalinovu cenu u 1950 odehrál v Praze svůj první"
"3";"cs: čeština";"NMG: publicistika";"LEI: volnočasová publicistika";"X: neuvedeno";"MIX: společnost";"u V jakémkoli hromadném dopravním prostředku stůjte ; choďte do";"schodů . u Nastavte";"si upozornění na mobilním telefonu , abyste se každých třicet"
"3";"cs: čeština";"NMG: publicistika";"LEI: volnočasová publicistika";"X: neuvedeno";"MIX: společnost";": 44 předmětů zhotovených na míru a praktické využití každého";"místa u Plocha";": byt 85 m2 , terasa 50 m2 </s><s> O zajímavých"
"3";"cs: čeština";"NMG: publicistika";"LEI: volnočasová publicistika";"X: neuvedeno";"MIX: společnost";"solární panely . </s><s> Bariéra se má pomalu stáčet do tvaru";"písmene U ,";"a až bude naplněná , odpad si vyzvedne nákladní loď"
