"1";"en: angličtina";"FIC: beletrie";"NOV: próza";"X: neuvedeno";"X: neuvedeno";"účinkovat , podaří se mi ty dvě přesvědčit , aby";"to přede mnou";"dělaly spolu . </s><s> Elizabeth se vyptává Christie , jestli se"
"1";"en: angličtina";"FIC: beletrie";"NOV: próza";"X: neuvedeno";"X: neuvedeno";"hraběnkou ? "" zeptal se jí perfektní francouzštinou . </s><s> Uklonila";"se před ním";"a odpověděla : "" Viděla jsem ho , jak před"
"1";"en: angličtina";"FIC: beletrie";"NOV: próza";"X: neuvedeno";"X: neuvedeno";"sám , v polovině chodby , a zíral na kamennou";"zeď před sebou";"s očima široce rozevřenýma a se stejně zděšeným výrazem ,"
"1";"en: angličtina";"FIC: beletrie";"NOV: próza";"X: neuvedeno";"X: neuvedeno";"už těšili na třetí úkol , který se měl uskutečnit";"týden před koncem";"školního roku . </s><s> Harry si nacvičoval zaklínadla v každé volné"
"1";"fr: francouzština";"FIC: beletrie";"NOV: próza";"X: neuvedeno";"X: neuvedeno";"života , který poznal přesně před rokem , když zachránil";"Arkanoe před těmi";"římskými hovady a kdy musel po odchodu z Předalpské Galie"
"1";"fr: francouzština";"FIC: beletrie";"NOV: próza";"X: neuvedeno";"X: neuvedeno";"slyšel jsi něco víc o tom Spartakovi , o němž";"ses před chvílí";"zmínil ? "" </s><s> Pellicor nyní drží v ruce nůžky ,"
"1";"it: italština";"FIC: beletrie";"NOV: próza";"X: neuvedeno";"X: neuvedeno";", který jsem mu naváděl pod štít , když mi";"ho před očima";"zabil šíp , vypuštěný nevím kým , jen chvilku předtím"
"1";"en: angličtina";"FIC: beletrie";"NOV: próza";"X: neuvedeno";"X: neuvedeno";", sáhl po svém mobilu . </s><s> Očima však nepřestával sledovat";"cestu před sebou";". </s><s> Všiml si , že mohutný vůz vpředu s překvapivou"
"1";"en: angličtina";"FIC: beletrie";"NOV: próza";"X: neuvedeno";"X: neuvedeno";"hosté . </s><s> I když byla hodně rozzlobená , nemohla připustit";"rvačku před cizíma";"očima a musela se vrátit zpět do salonu a zakrýt"
"1";"fr: francouzština";"FIC: beletrie";"NOV: próza";"X: neuvedeno";"X: neuvedeno";"zůstali vyděšeně stát , kardinál de Richelieu pomalu nasměroval své";"kroky před radnici";"a poté nezraněn zmizel v příšeří svého kočáru . </s><s> „"
"1";"en: angličtina";"FIC: beletrie";"NOV: próza";"X: neuvedeno";"X: neuvedeno";"betonovou lavičku na malém rynku naproti tržnici , dal si";"ruce před ústa";"a pokoušel se zahřát si prsty vlastním dechem . </s><s> Pak"
"1";"en: angličtina";"FIC: beletrie";"NOV: próza";"X: neuvedeno";"X: neuvedeno";"ráno kdosi sešplhal po fasádě . </s><s> Hollis zahlédl , jak";"se před oknem";"bimbají něčí nohy , a pak se jedna noha opřela"
"1";"en: angličtina";"FIC: beletrie";"NOV: próza";"X: neuvedeno";"X: neuvedeno";"Nixon odjel do Číny . </s><s> Jednadvacátého února , pouhé dva";"týdny před primárkami";"v New Hampshire . </s><s> Bílý dům to nazýval mírová cesta"
"1";"en: angličtina";"FIC: beletrie";"NOV: próza";"X: neuvedeno";"X: neuvedeno";"okénkem . </s><s> Mohl to snad být Guy ? </s><s> Že by";"se před ní";"schovával ? </s><s> I to bylo docela věrohodné vysvětlení . </s><s> Možná"
"1";"en: angličtina";"FIC: beletrie";"NOV: próza";"X: neuvedeno";"X: neuvedeno";", že musí z velitelovy pracovny rychle zmizet , nebo";"se před ním";"rozpláče . </s><s> Vystřelila ze židle a cestou ke dveřím málem"
"1";"en: angličtina";"FIC: beletrie";"NOV: próza";"X: neuvedeno";"X: neuvedeno";"s kudrlinkami křupavého vepřového , cupital kolem stolu a servíroval";"je před ostatní";". </s><s> Tim poznamenal : „ Kéž bys tak neskotačil ,"
"1";"de: němčina";"FIC: beletrie";"NOV: próza";"X: neuvedeno";"X: neuvedeno";"ten svůj večerní bufet . </s><s> Kam si sedneme ? </s><s> Na";"schodiště před dům";"pod růžový keř ? </s><s> To není dost slavnostní a je"
"1";"sv: švédština";"FIC: beletrie";"NOV: próza";"X: neuvedeno";"X: neuvedeno";"už nesčetněkrát a téměř každý večer chtěl , abych mu";"ho před spaním";"vyprávěl . </s><s> Jakmile jsem vynechal nějakou podrobnost , hned mi"
"1";"es: španělština";"FIC: beletrie";"NOV: próza";"X: neuvedeno";"X: neuvedeno";"aby ji opustili . </s><s> Přívrženci Dž . </s><s> P . organizovali";"protidemonstrace před palácem";"prezidenta republiky a v různých městech obrovské země . </s><s> Novinářka"
"1";"nl: nizozemština";"FIC: beletrie";"NOV: próza";"X: neuvedeno";"X: neuvedeno";"<s> Já nebydlím , ty bydlíš , já mám jen chatrné";"přístřeší před deštěm";"a větrem . </s><s> Kdo se mi teď postará o prádlo"
"1";"nl: nizozemština";"FIC: beletrie";"NOV: próza";"X: neuvedeno";"X: neuvedeno";"duši . “ </s><s> Když položil sluchátko , pozdvihl sklenici ,";"kterou před něj";"postavila , a pořádně se napil . </s><s> „ Jakým jsi"
"1";"nl: nizozemština";"FIC: beletrie";"NOV: próza";"X: neuvedeno";"X: neuvedeno";"protože ji nikdy předtím neviděl . </s><s> Ale nač tu ještě";"něco před někým";"skrývat ? </s><s> Nade dveřmi opět Kristus na kříži , jenom"
"1";"nl: nizozemština";"FIC: beletrie";"NOV: próza";"X: neuvedeno";"X: neuvedeno";"“ odvětil Onno okamžitě , i když se v tutéž";"chvíli před očima";"objevila tmavě hnědá čínská kafrová truhla , zdobně vyřezávaná ,"
"1";"en: angličtina";"FIC: beletrie";"NOV: próza";"X: neuvedeno";"X: neuvedeno";"v posledních letech prošel , měla často pocit , že";"ji před ztrátou";"příčetnosti zachraňují právě práce za římskými branami . </s><s> Neexistovalo téměř"
"1";"cs: čeština";"FIC: beletrie";"NOV: próza";"X: neuvedeno";"X: neuvedeno";"pil , “ začal ťukat Ondra na dveře kabiny ,";"kterou před chvílí";"uzamkla . </s><s> „ Nesuď mě , koťátko . </s><s> Já ti"
"1";"sv: švédština";"FIC: beletrie";"NOV: próza";"X: neuvedeno";"X: neuvedeno";", o němž mluví bible . </s><s> Elgstrand se spěšně pomodlil";"modlitbu před jídlem";"a zasedl k snídani . </s><s> Zároveň myslel na to ,"
"1";"en: angličtina";"FIC: beletrie";"NOV: próza";"X: neuvedeno";"X: neuvedeno";"jsem ho a snažila se zaostřit na jeho tmavou postavu";"přecházející přede mnou";". </s><s> „ Vůbec jsem nemyslela . “ </s><s> „ Zjevně ."
"1";"en: angličtina";"FIC: beletrie";"NOV: próza";"X: neuvedeno";"X: neuvedeno";"pod stříbrným stropem . </s><s> Prošli ven , policisté v uniformách";"se před nimi";"rozestoupili , zastavili se na betonové rampě a nabrali do"
"1";"en: angličtina";"FIC: beletrie";"NOV: próza";"X: neuvedeno";"X: neuvedeno";"<s> „ Kde je ? “ </s><s> To bylo už před mnoha";"hodinami , před kolika";"? </s><s> Svrběla ho kůže , jako by mu byla těsná"
"1";"cs: čeština";"FIC: beletrie";"NOV: próza";"X: neuvedeno";"X: neuvedeno";"snížil těžiště , opřel se o hranu stolu a natáhl";"nohy před sebe";"— zjevně proto , aby nad Sašou tolik nevyčníval . </s>"
"1";"da: dánština";"FIC: beletrie";"NOV: próza";"X: neuvedeno";"X: neuvedeno";"houpal liščí ohon . </s><s> Hon skončil . </s><s> 42 ) </s><s> Strkali";"ho před sebou";", ani nezvedl hlavu . </s><s> Světlo v hale ho oslňovalo"
"1";"en: angličtina";"FIC: beletrie";"NOV: próza";"X: neuvedeno";"X: neuvedeno";"v jeho slovech skrývá trocha ironie . </s><s> Susanna pohlédla na";"budovu , před kterou";"stáli . </s><s> „ Je to krásný dům . “ </s><s> Byl"
"1";"cs: čeština";"FIC: beletrie";"NOV: próza";"X: neuvedeno";"X: neuvedeno";"s Jílkem kamarádil . </s><s> Věřil mu . </s><s> I když mnozí";"jej před ním";"varovali . </s><s> Dokonce přímo i jeho bratr , Bohumil . </s>"
"1";"en: angličtina";"FIC: beletrie";"NOV: próza";"X: neuvedeno";"X: neuvedeno";"uklidnil , a vlastně překvapený i tím , jak jsem";"se před chvílí";"rozzuřil . </s><s> Zdálo se , že je stejně ochotný vrátit"
"1";"en: angličtina";"FIC: beletrie";"NOV: próza";"X: neuvedeno";"X: neuvedeno";"<s> Prostě nás smete . “ </s><s> Vito si povzdechl a sepjal";"ruce před tělem";". </s><s> Podíval se na Genka a kývl hlavou . </s><s> „"
"1";"sv: švédština";"FIC: beletrie";"NOV: próza";"X: neuvedeno";"X: neuvedeno";"nedá . “ </s><s> Ewert seděl mlčky , díval se na";"člověka před sebou";", který k němu promlouval . </s><s> „ Cítil jsi vinu"
"1";"en: angličtina";"FIC: beletrie";"NOV: próza";"X: neuvedeno";"X: neuvedeno";"se mu jeho slova vybavila , jako by je měl";"napsaná před očima";". </s><s> „ Řekl jsem jí : Kdybych já byl na"
"1";"sv: švédština";"FIC: beletrie";"NOV: próza";"X: neuvedeno";"X: neuvedeno";"přímého fyzického násilí na místních . </s><s> Nikdo bohužel nechce poskytnout";"rozhovor před kamerou";", bojí se represálií . </s><s> Jedna žena přede mnou vypověděla"
"1";"en: angličtina";"FIC: beletrie";"NOV: próza";"X: neuvedeno";"X: neuvedeno";"si mohla dovolit být velkorysá . </s><s> Když zkontroloval docházku ,";"chvíli před nimi";"mlčky stál . </s><s> Působil velice vážně a v důsledku toho"
"1";"en: angličtina";"FIC: beletrie";"NOV: próza";"X: neuvedeno";"X: neuvedeno";"„ Vypadni odsud , Dereku . </s><s> Mám dojem , že";"mě před chvílí";"očumovala holka z banky , kterou jsme udělali v Essexu"
"1";"cs: čeština";"FIC: beletrie";"NOV: próza";"X: neuvedeno";"X: neuvedeno";"Jmenuju se Geoffrey , jsem kopiník druhé korouhve . </s><s> Naverbovali";"mě před dvěma";"týdny , když se Pakt přiblížil k Amesbury . “ </s>"
"1";"en: angličtina";"FIC: beletrie";"NOV: próza";"X: neuvedeno";"X: neuvedeno";"stolku . </s><s> Teplé světlo ozářilo tapety s květinovým vzorkem ,";"které před dobrými";"dvaceti lety pomáhala matce vybírat . </s><s> Postel , stůl a"
"1";"en: angličtina";"FIC: beletrie";"NOV: próza";"X: neuvedeno";"X: neuvedeno";"pomohl ven , “ řeknu Dennymu a rukou si chráním";"oči před deštěm";". </s><s> Denny si promne zátylek . </s><s> „ Už tě napadlo"
"1";"fr: francouzština";"FIC: beletrie";"NOV: próza";"X: neuvedeno";"X: neuvedeno";"já od Vás ! </s><s> Hned jsem se na knížku ,";"kterou před chvílí";"nechal pošťák v mé schránce na dopisy , vrhla . </s>"
"1";"en: angličtina";"FIC: beletrie";"NOV: próza";"X: neuvedeno";"X: neuvedeno";"by mohl vzbudit nevítanou pozornost . </s><s> Cestou z města minul";"železářství , před nímž";"byly vystavené žebříky a barevné trakaře . </s><s> Vrátil se ,"
"1";"cs: čeština";"FIC: beletrie";"NOV: próza";"X: neuvedeno";"X: neuvedeno";"prozpěvuje mi a do rytmu si pozpátku poskakuje na tři";"kroky přede mnou";", jako bych byla její spolužačka . </s><s> Chce mě vydráždit"
"1";"en: angličtina";"FIC: beletrie";"NOV: próza";"X: neuvedeno";"X: neuvedeno";"pod tímhle napnutým svalstvem mohly skrývat ženské orgány , a";"záchranu před jeho";"nepoddajností představovalo teprve místo , kde se břišní dutina rozšiřuje"
"1";"en: angličtina";"FIC: beletrie";"NOV: próza";"X: neuvedeno";"X: neuvedeno";", že mě zachvacovaly návaly úzkosti , ale zatím jsem";"to před všemi";"dokázal utajit a sám sebe jsem přesvědčil , že mi"
"1";"en: angličtina";"FIC: beletrie";"NOV: próza";"X: neuvedeno";"X: neuvedeno";", aby ji pořádně prozkoumal . </s><s> Podržel si ji na";"chvíli před očima";"a pak ji odcvrnknul směrem ke mně . </s><s> „ Promiň"
"1";"sv: švédština";"FIC: beletrie";"NOV: próza";"X: neuvedeno";"X: neuvedeno";"když uviděl Ylvu se špičatou nohou od židle zdviženou jako";"zbraň před sebou";", usmál se . </s><s> Nebyla to reakce , v jakou"
"1";"sv: švédština";"FIC: beletrie";"NOV: próza";"X: neuvedeno";"X: neuvedeno";"<s> „ Přesně tak . “ </s><s> Zkrátili si cestu přes mokrou";"trávu před domem";". </s><s> Mike Sanně otevřel vrátka , zahlédl v kuchyňském okně"
"1";"en: angličtina";"FIC: beletrie";"NOV: próza";"X: neuvedeno";"X: neuvedeno";"<s> Chytí mě za ruku a ve světle zpráv z bojiště";"se přede mnou";"chvástá , jak dnes každý zmiňoval jeho jméno , jak"
"1";"en: angličtina";"FIC: beletrie";"NOV: próza";"X: neuvedeno";"X: neuvedeno";"býval neměl vědět , co si myslí , jako kdyby";"se přede mnou";"chtěla schovat . </s><s> Vypadala , jako by čekala , jako"
"1";"cs: čeština";"FIC: beletrie";"NOV: próza";"X: neuvedeno";"X: neuvedeno";"jsem zmaten , jak to myslí , ale nechtěl jsem";"se před Julií";"nechat zahanbit . </s><s> Koketně si překřížila nohy a celý stůl"
"1";"de: němčina";"FIC: beletrie";"NOV: próza";"X: neuvedeno";"X: neuvedeno";"klidnou vodu . </s><s> Katie i mně se ulevilo . </s><s> Potom";"se před námi";"objevila labuť , s jistotou mířila k naší malé červené"
"1";"en: angličtina";"FIC: beletrie";"NOV: próza";"X: neuvedeno";"X: neuvedeno";"švagrovou Mahzalou , která na ni byla hodná a hájila";"ji před Tofanovou";"matkou . </s><s> Pak Mahzala zemřela . </s><s> Tofanův bratr Roušán se"
"1";"en: angličtina";"FIC: beletrie";"NOV: próza";"X: neuvedeno";"X: neuvedeno";"jeden starý peugeot . </s><s> Blecha sklopila sluneční clonu , upřela";"pohled před sebe";"a klidně projela kolem . </s><s> Dnes měla nemocenskou , takže"
"1";"en: angličtina";"FIC: beletrie";"NOV: próza";"X: neuvedeno";"X: neuvedeno";". </s><s> Dostanou Mistyino tělo . </s><s> Klidně jim ho pohodí na";"trávník před domem";", když to bude nutné . </s><s> Nehodlala už poslouchat další"
"1";"en: angličtina";"FIC: beletrie";"NOV: próza";"X: neuvedeno";"X: neuvedeno";". </s><s> Dotlačili tam červený skútr pro svého faráře , který";"se před osmi";"lety vzdal řízení auta , posadili ho na ten prskolet"
"1";"en: angličtina";"FIC: beletrie";"NOV: próza";"X: neuvedeno";"X: neuvedeno";"de vo to v - vyhrát . “ </s><s> * </s><s> Když";"se před pár";"měsíci Dooley rozhodl , že Sammymu koupí kulečníkový stůl ,"
"1";"en: angličtina";"FIC: beletrie";"NOV: próza";"X: neuvedeno";"X: neuvedeno";". “ </s><s> Vytáhla z kabelky nějaký papír a podržela mu";"ho před očima";". </s><s> „ Můj první šek . “ </s><s> „ No ne"
"1";"en: angličtina";"FIC: beletrie";"NOV: próza";"X: neuvedeno";"X: neuvedeno";"už máte před sebou , je svůdná jako hedvábné sliby";"minutu před půlnocí";". </s><s> Tentokrát dokážete sestavit hotové mistrovské dílo . </s><s> Tentokrát to"
"1";"da: dánština";"FIC: beletrie";"NOV: próza";"X: neuvedeno";"X: neuvedeno";"<s> Námořníky rozčiloval a překážel jim . </s><s> Když vyskočí na přístavní";"molo před budovou";"Celnice , je jeho oblečení provlhlé od mlhy , která"
"1";"en: angličtina";"FIC: beletrie";"NOV: próza";"X: neuvedeno";"X: neuvedeno";"<s> Květy a ptáky , dnes už trochu vybledlé , na";"něj před mnoha";"lety vlastnoručně našívala prababička Annemarie . </s><s> „ Chtěla bych vědět"
"1";"ja: japonština";"FIC: beletrie";"NOV: próza";"X: neuvedeno";"X: neuvedeno";". </s><s> Takových případů tu zřejmě moc nemívali . </s><s> Rázovala si";"to před ním";"dlouhými kroky a její podpatky zněly chodbou tvrdě a precizně"
"1";"en: angličtina";"FIC: beletrie";"NOV: próza";"X: neuvedeno";"X: neuvedeno";"Brookerová . “ </s><s> Pan Barnes překvapeně pohlédl na pečlivě upravenou";"ženu před sebou";". </s><s> Předsunul spodní čelist , aby si protáhl krk —"
"1";"sv: švédština";"FIC: beletrie";"NOV: próza";"X: neuvedeno";"X: neuvedeno";"tím , že jste ho zavraždili ! </s><s> Zastřelili jste mi";"ho před očima";". </s><s> Když jsem ho držela za ruku . </s><s> Umřel v"
"1";"el: řečtina";"FIC: beletrie";"NOV: próza";"X: neuvedeno";"X: neuvedeno";". </s><s> Zvedl zrcadlo a zkoumavě pohlédl do tváře , která";"se před ním";"objevila . </s><s> Obličej měl podlouhlý tvar . </s><s> Ve světle svíček"
"1";"el: řečtina";"FIC: beletrie";"NOV: próza";"X: neuvedeno";"X: neuvedeno";"Arména není slyšet až sem , pomyslel si a podíval";"se před sebe";". </s><s> Jeho oči zabloudily k Numanovi . </s><s> Na zjevu toho"
"1";"en: angličtina";"FIC: beletrie";"NOV: próza";"X: neuvedeno";"X: neuvedeno";". </s><s> V téhle verzi se stala morální vítězkou a Bob";"se před ní";"plazil . </s><s> Však on se nakonec uklidní , řekla si"
"1";"cs: čeština";"FIC: beletrie";"NOV: próza";"X: neuvedeno";"X: neuvedeno";"mluvit také o práci , zmínila nějakého vozíčkáře , co";"se před půl";"hodinou vyhodil do povětří před úřadem Správy sociální péče . </s>"
"1";"cs: čeština";"FIC: beletrie";"NOV: próza";"X: neuvedeno";"X: neuvedeno";"pak , vždycky když jsem si vlezl do postele ,";"chvíli před spaním";", ležel jsem se zavřenýma očima uvolněný a vzpomínal …"
"1";"sv: švédština";"FIC: beletrie";"NOV: próza";"X: neuvedeno";"X: neuvedeno";", že není katolík , ale pak si toho mladého";"muže před sebou";"prohlížel a rozhodl se , že teologické diskuze prozatím odloží"
"1";"nl: nizozemština";"FIC: beletrie";"NOV: próza";"X: neuvedeno";"X: neuvedeno";". </s><s> On ano . </s><s> Měl na skvrny čuch . </s><s> Teď";"se před mýma";"očima otáčela v solidních modelech a směl jsem ji posuzovat"
"1";"en: angličtina";"FIC: beletrie";"NOV: próza";"X: neuvedeno";"X: neuvedeno";"rozeznala jen své jméno , jako pes . </s><s> Postavila jsem";"se před skupinu";", která se rozdělila na ty , kdo už roztrhli"
"1";"ru: ruština";"FIC: beletrie";"NOV: próza";"X: neuvedeno";"X: neuvedeno";"velký hrnek černé kávy . </s><s> Grym zaznamenal ještě druhou podobnou";"pohovku před druhým";"manitou a rytinu s jezdeckým výjevem … ale vzápětí Damilola"
"1";"cs: čeština";"FIC: beletrie";"NOV: próza";"X: neuvedeno";"X: neuvedeno";"nepohltil . </s><s> Věděl jsem , že už znovu neusnu . </s><s>";"Noc před odjezdem";"tady vždycky špatně spím . </s><s> Ale těžkou hlavu jsem měl"
"1";"no: norština";"FIC: beletrie";"NOV: próza";"X: neuvedeno";"X: neuvedeno";"organizace Milorg se zastavil na táborovém náměstíčku . </s><s> Chvilku pozoroval";"baráky před sebou";". </s><s> Pak se otočil a zadíval se na bránu ,"
"1";"cs: čeština";"FIC: beletrie";"NOV: próza";"X: neuvedeno";"X: neuvedeno";"nezastavit se v půlce a nezírat na kluka , který";"se před vámi";"svíjí na podlaze ve smrtelných křečích . </s><s> Právě tady většina"
"1";"en: angličtina";"FIC: beletrie";"NOV: próza";"X: neuvedeno";"X: neuvedeno";"služ . č . 632 se domnívala , že jsme";"se před lety";"rozešli jenom proto , že se vdala za MC Panache"
"1";"en: angličtina";"FIC: beletrie";"NOV: próza";"X: neuvedeno";"X: neuvedeno";"vyvolávala stanice jako buddhistický časoměřič , zatímco nějaký blázen tři";"sedadla přede mnou";"recitoval svou ranní mantru . </s><s> Já s tou černou sviní"
"1";"en: angličtina";"FIC: beletrie";"NOV: próza";"X: neuvedeno";"X: neuvedeno";"očima pokračuje v práci . </s><s> Otec Emmett Quinn sedí za";"stolem před arkýřovým";"oknem . </s><s> Jen co uslyší zaklepání na dveře knihovny ,"
"1";"en: angličtina";"FIC: beletrie";"NOV: próza";"X: neuvedeno";"X: neuvedeno";"vyslechnou , spolu debatujou tak pět hodin , a když";"se před ně";"konečně posadíš , tak už o tobě věděj všechno . </s>"
"1";"no: norština";"FIC: beletrie";"NOV: próza";"X: neuvedeno";"X: neuvedeno";". </s><s> V každém případě obklíčili okolí . “ </s><s> Podržel jí";"přístroj před očima";". </s><s> Podívala se na fotografii . </s><s> Byla rozmazaná a přes"
"1";"en: angličtina";"FIC: beletrie";"NOV: próza";"X: neuvedeno";"X: neuvedeno";", byli o něco menší než impozantní , hrůzu nahánějící";"duo před nimi";"a oba na sobě měli tmavomodré pláště . </s><s> Cole už"
"1";"en: angličtina";"FIC: beletrie";"NOV: próza";"X: neuvedeno";"X: neuvedeno";"bezmocná . </s><s> Cole byl ohromený tím , jak důležité události";"se před ním";"odehrávaly . </s><s> Poslední vykřičník za rokem plným titánských zvratů . </s>"
"1";"en: angličtina";"FIC: beletrie";"NOV: próza";"X: neuvedeno";"X: neuvedeno";"nateklou a potlučenou po brutálním útoku před Útulkem . </s><s> Přimhouřil";"oči před slunečním";"světlem , které dovnitř pronikalo otevřenými dveřmi , a víčky"
"1";"cs: čeština";"FIC: beletrie";"NOV: próza";"X: neuvedeno";"X: neuvedeno";"v dobách , kdy bylo křesťanů jen pár a skrývali";"se před svými";"nepřáteli v kobkách . </s><s> Ale dnes ? </s><s> Dnes je církev"
"1";"en: angličtina";"FIC: beletrie";"NOV: próza";"X: neuvedeno";"X: neuvedeno";"v srpnu šla od Amy jinudy , vůbec bych na";"Billyho před hospodou";"nenarazila . </s><s> Nesvěřil by se mi , že viděl tátu"
"1";"nl: nizozemština";"FIC: beletrie";"NOV: próza";"X: neuvedeno";"X: neuvedeno";"! </s><s> Každou chvíli tě zatknou ! </s><s> Vidíš ty vítězné novinové";"titulky před sebou";"? “ </s><s> Chodil teď dokolečka po pokoji , do osmičky"
"1";"ko: korejština";"FIC: beletrie";"NOV: próza";"X: neuvedeno";"X: neuvedeno";"nikdo nevěděl , kam nás vojenský náklaďák odváží . </s><s> Vyvlekli";"nás před jakousi";"budovu na jednom odlehlém kopci . </s><s> Pak začalo bití a"
"1";"ko: korejština";"FIC: beletrie";"NOV: próza";"X: neuvedeno";"X: neuvedeno";"éry , v době tuhých bezpečnostních opatření , vyskočila na";"pódium před statisíce";"věřících , kteří se sešli na Joidu k velikonoční mši"
"1";"id: indonéština";"FIC: beletrie";"NOV: próza";"X: neuvedeno";"X: neuvedeno";"s kšiltem , kterou mu dal soudruh Salim . </s><s> Postavil";"se před zrcadlo";"a podíval se na sebe . </s><s> Dlouholetým utrpením výrazně zhubl"
"1";"en: angličtina";"FIC: beletrie";"NOV: próza";"X: neuvedeno";"X: neuvedeno";"se znovu ujistila , že její sestra spí . </s><s> Některé";"věci před ní";"tajili ze strachu , že by mohla vybreptat něco ,"
"1";"en: angličtina";"FIC: beletrie";"NOV: próza";"X: neuvedeno";"X: neuvedeno";"Slater . </s><s> „ Je v podstatě nezničitelný , ale ochrání";"vás před všemi";"patogeny , které jsou přenosné krví , i před suchými"
"1";"en: angličtina";"FIC: beletrie";"NOV: próza";"X: neuvedeno";"X: neuvedeno";"zvedaly se na obou stranách cesty a poskytovaly alespoň trochu";"ochranu před větrem";". </s><s> Díky nim také viděla , kudy silnice vede ,"
"1";"nl: nizozemština";"FIC: beletrie";"NOV: próza";"X: neuvedeno";"X: neuvedeno";"blíží mí kati s obušky v pěsti . </s><s> „ Styď";"se přede všema";"! “ řve na mě esesák , ze mě při"
"1";"ru: ruština";"FIC: beletrie";"NOV: próza";"X: neuvedeno";"X: neuvedeno";"připitý , se o selátko zajímal jen málo . </s><s> Asi";"měsíc před Velikonocemi";"ho Anna Klimovna zavedla do chlívku , aby se na"
"1";"en: angličtina";"FIC: beletrie";"NOV: próza";"X: neuvedeno";"X: neuvedeno";"je shrň , jsme civilizované bytosti . </s><s> Můj snoubenec padl";"týden před vyhlášením";"příměří . </s><s> Padl , jako na podzim padá list ,"
"1";"en: angličtina";"FIC: beletrie";"NOV: próza";"X: neuvedeno";"X: neuvedeno";", “ začne sociální pracovnice a lokty se opře o";"stůl před sebou";". </s><s> Na okamžik se na každého z nich zkoumavě zadívá"
"1";"cs: čeština";"FIC: beletrie";"COL: kratší próza";"X: neuvedeno";"X: neuvedeno";"<s> Al Capone po vraždě zmizel . </s><s> Když detektiv Hughes předvedl";"svědky před vyšetřujícího";"soudce , ztratili paměť . </s><s> Majitel salonu Jacobs tvrdil ,"
"1";"en: angličtina";"FIC: beletrie";"COL: kratší próza";"X: neuvedeno";"X: neuvedeno";"byl jednou večer v baru s oslňující rudovláskou . </s><s> Lidi";"se před nimi";"rozestupovali jako moře před Mojžíšem . </s><s> Je zázračná , myslel"
"1";"cs: čeština";"FIC: beletrie";"COL: kratší próza";"X: neuvedeno";"X: neuvedeno";". </s><s> Všiml si , že posmutněla . </s><s> Díval se na";"ni před chvílí";", když stála s nosem u výlohy , prohlížel si"
"1";"cs: čeština";"FIC: beletrie";"COL: kratší próza";"X: neuvedeno";"X: neuvedeno";"zásluhu na hladkém průběhu má Robert Fico , který celý";"rok před dnem";"D tvrdě útočil na všechny , kteří by si bývali"
"1";"cs: čeština";"FIC: beletrie";"COL: kratší próza";"X: neuvedeno";"X: neuvedeno";". </s><s> Ty mu ale mohou být velice nebezpečné a často";"ho před nimi";"neochrání ani fakt , že se před nepřízní počasí opevnil"
"1";"de: němčina";"FIC: beletrie";"COL: kratší próza";"X: neuvedeno";"X: neuvedeno";"co jsem dělal minulý pátek , předminulou sobotu a v";"úterý před dvěma";"týdny , v pondělí před třemi týdny , například v"
"1";"cs: čeština";"FIC: beletrie";"COL: kratší próza";"X: neuvedeno";"X: neuvedeno";"samoobsluhy a vydali se nahoru ke kolejím . </s><s> Zastavili jsme";"se před zelenou";"zahradní brankou , která byla překvapivě malá , jako by"
"1";"sv: švédština";"FIC: beletrie";"COL: kratší próza";"X: neuvedeno";"X: neuvedeno";"<s> Jeskyně vypadala jako kaplička vytesaná do skály a skýtala dokonalé";"útočiště před větrem";". </s><s> Gerlof spatřil v úzkém vchodu mihotavé světýlko . </s><s> Přikročil"
"1";"cs: čeština";"FIC: beletrie";"COL: kratší próza";"X: neuvedeno";"X: neuvedeno";"to šlo , protože se něco zlomilo , nestyděla jsem";"se před ní";"a začaly jsme pořádně pracovat . </s><s> Začalo mě to bavit"
"1";"en: angličtina";"FIC: beletrie";"COL: kratší próza";"X: neuvedeno";"X: neuvedeno";"je to komické . </s><s> Musíš říct panu Bowlesovi , aby";"tě před vojáky";"držel zkrátka . ‘ </s><s> , Ale , paní , já"
"1";"en: angličtina";"FIC: beletrie";"COL: kratší próza";"X: neuvedeno";"X: neuvedeno";"kruh . </s><s> Bude jim v něm těsno , ale na";"ochranu před démony";"v noci postačí . </s><s> Půda byla nerovná a vlhká ,"
"1";"cs: čeština";"FIC: beletrie";"COL: kratší próza";"X: neuvedeno";"X: neuvedeno";"k písečné pláži a průhledem mezi dvěma vysokými palmami pozoroval";"oceán před sebou";"; slunce zapadalo za jeho zády a oceán měl nyní"
"1";"cs: čeština";"FIC: beletrie";"COL: kratší próza";"X: neuvedeno";"X: neuvedeno";"poskytnutí odborných informací . </s><s> Vysvětlení , že si pouze chráníte";"obuv před promáčením";"rosou ji zklame a pomyslí si , že každý pitomec"
"1";"uk: ukrajinština";"FIC: beletrie";"COL: kratší próza";"X: neuvedeno";"X: neuvedeno";"alkohol . </s><s> Obchody jsou také velmi specifické , připomněli mi";"Ukrajinu před deseti";"lety . </s><s> Žádné běloruské výrobky . </s><s> Jenom laciné ( ve"
"1";"ru: ruština";"FIC: beletrie";"COL: kratší próza";"X: neuvedeno";"X: neuvedeno";"o odpuštění a ze všech sil se snažil nějak svou";"vinu před ním";"zahladit . </s><s> Jeho práce už zase plynula klidně jako dřív"
"1";"en: angličtina";"FIC: beletrie";"COL: kratší próza";"X: neuvedeno";"X: neuvedeno";"jste - li slušně vychovaní a obstojného zevnějšku , nahrbí";"se před vámi";"a otře se o vás čumákem . </s><s> Pokud dospějete do"
"1";"cs: čeština";"FIC: beletrie";"COL: kratší próza";"X: neuvedeno";"X: neuvedeno";". </s><s> Sekal jsem do ní a sekal , zelená masa";"se přede mnou";"rozestupovala , a najednou jsem byl skrz , kapal ze"
"1";"cs: čeština";"FIC: beletrie";"COL: kratší próza";"X: neuvedeno";"X: neuvedeno";"stále cosi chybělo . </s><s> Rád se totiž předváděl a toužil";"představení před obecenstvem";"opakovat . </s><s> Žádný další vrah mu však nebyl pro tento"
"1";"cs: čeština";"FIC: beletrie";"COL: kratší próza";"X: neuvedeno";"X: neuvedeno";"i válka ve Vietnamu už skončila . </s><s> Proto asi tři";"kilometry před přechodem";"dávám můj pas Patrickovi s tím , že já se"
"1";"cs: čeština";"FIC: beletrie";"COL: kratší próza";"X: neuvedeno";"X: neuvedeno";"širokými krajnicemi . </s><s> Předjede mě karavan , zařadí se na";"krajnici přede mne";"a prudce zabrzdí . </s><s> Abych do něho nenarazila , musím"
"1";"cs: čeština";"FIC: beletrie";"COL: kratší próza";"X: neuvedeno";"X: neuvedeno";". </s><s> O pár let později jdu ve stejném údolí v";"neděli , před cestou";"do Nepálu , rozchodit nové pohorky . </s><s> V jednom místě"
"1";"cs: čeština";"FIC: beletrie";"COL: kratší próza";"X: neuvedeno";"X: neuvedeno";"<s> „ Bude to kvůli něčemu jinému . </s><s> Poslíček mi přinesl";"předvolání před chvílí";". “ </s><s> Nina natočila hlavu na stranu a zamračila se"
"1";"cs: čeština";"FIC: beletrie";"COL: kratší próza";"X: neuvedeno";"X: neuvedeno";"se pomalu posadil . </s><s> Točila se mu hlava , měl";"mžitky před očima";". </s><s> „ Posloucháte mě , pane Buriane , posloucháte mě"
"1";"cs: čeština";"FIC: beletrie";"COL: kratší próza";"X: neuvedeno";"X: neuvedeno";"byl zamontován do sloupu . </s><s> Nechal ho být a chtěl";"se před přívalem";"slov schovat doma , ale nepomohlo to . </s><s> Kukačky nekukaly"
"1";"pl: polština";"FIC: beletrie";"COL: kratší próza";"X: neuvedeno";"X: neuvedeno";", a chce , aby se na něj Gustav s";"Lídou před premiérou";"podívali . </s><s> Byli přece herci . </s><s> Nemohli odmítnout ministrovi ,"
"1";"cs: čeština";"FIC: beletrie";"VER: poezie";"X: neuvedeno";"X: neuvedeno";". </s><s> ( To budu já . ) </s><s> Pojedeme na poslední";"nádraží před koncem";"světa . </s><s> Tam vystoupíme a vydáme se do ledového průsmyku"
"1";"cs: čeština";"FIC: beletrie";"VER: poezie";"X: neuvedeno";"X: neuvedeno";"to o čtvereček </s><s> o výkřik , o vyvrcholení . </s><s> statečnost";"se před tvými";"dveřmi zula </s><s> poslušně nacupala do koupelny </s><s> ale vedle , přes"
"1";"cs: čeština";"FIC: beletrie";"VER: poezie";"X: neuvedeno";"X: neuvedeno";"to normální není , v neděli odpovídal na to ,";"co před časem";"řekla : že by se dítě mohlo jmenovat Ohrenstein . </s>"
"1";"cs: čeština";"FIC: beletrie";"VER: poezie";"X: neuvedeno";"X: neuvedeno";"z lesa až před dům . </s><s> I Jiřík , zdálo";"se , před brankou";"uslyšel výkřik : Dost ! </s><s> Couvnout už není kam ! </s>"
"1";"cs: čeština";"FIC: beletrie";"VER: poezie";"X: neuvedeno";"X: neuvedeno";"přiléhajícími triky vodou vinou se jak štiky . </s><s> Také to";"se před kamerou";"zkouší . </s><s> Než jen ony berou do filmu , kdož"
"1";"en: angličtina";"FIC: beletrie";"SCR: drama";"X: neuvedeno";"X: neuvedeno";"zírá na složku . </s><s> Heather přijde k ní , položí";"složku před ni";"a sedne si poblíž . </s><s> Corryn zírá na složku . </s>"
"1";"cs: čeština";"NFC: oborová literatura";"SCI: odborná literatura";"HUM: humanitní vědy";"ANT: antropologie, etnografie";"pak vrcholí obyčeje spjaté s májovou zelení , s májemi";"postavenými před domy";"jednotlivcům a do centra obce . </s><s> S koncem 19 ."
"1";"cs: čeština";"NFC: oborová literatura";"SCI: odborná literatura";"HUM: humanitní vědy";"ANT: antropologie, etnografie";". století . 676 </s><s> Čarodějnice odjímají užitek </s><s> Podle lidové víry";"noc před svátkem";"sv . Filipa a Jakuba , říkalo se jí na"
"1";"cs: čeština";"NFC: oborová literatura";"SCI: odborná literatura";"HUM: humanitní vědy";"THE: divadlo, film, tanec";"roce 1973 : „ Dávám tomuto autentickému způsobu získávání materie";"přednost před studiovou";"revokací tak , jak to odpovídá mému celkovému autorskému názoru"
"1";"fr: francouzština";"NFC: oborová literatura";"POP: populárně naučná literatura";"HUM: humanitní vědy";"PHI: filozofie, náboženství";"18 . století – konkrétně v roce 1788 , tedy";"rok před francouzskou";"revolucí – přivedl tento posun ve vnímání přírody Friedricha Schillera"
"1";"en: angličtina";"NFC: oborová literatura";"SCI: odborná literatura";"HUM: humanitní vědy";"HIS: historie, biografie";"let . </s><s> Prudkost lidového protestu a zkušenost se skutečnými revolučními";"spiknutími před rokem";"1820 vedla některé příslušníky politických elit k názoru , že"
"1";"sl: slovinština";"NFC: oborová literatura";"SCI: odborná literatura";"HUM: humanitní vědy";"HIS: historie, biografie";"měly vliv také na fungování terstského českého spolku , který";"rok před válkou";"měl 121 členů , z nichž 10 bylo „ Jihoslovanů"
"1";"cs: čeština";"NFC: oborová literatura";"SCI: odborná literatura";"HUM: humanitní vědy";"HIS: historie, biografie";". </s><s> Posvěcení chrámu měl vykonat místní arcibiskup kardinál Kollonitz . </s><s>";"Den před svěcením";"přichystali místní duchovní relikvie , které velmistr v cínových kapslích"
"1";"cs: čeština";"NFC: oborová literatura";"POP: populárně naučná literatura";"HUM: humanitní vědy";"HIS: historie, biografie";"nic nepodnikl a z taktických důvodů potlačil svou reakci . </s><s>";"Tím přede mnou";"ztratil tvář a poznal jsem jeho nemužnost . “ </s><s> „"
"1";"fr: francouzština";"NFC: oborová literatura";"POP: populárně naučná literatura";"HUM: humanitní vědy";"HIS: historie, biografie";"od výše zmíněného majáku , což dělá nějaké dvě námořní";"míle před pobřežním";"majákem Bec de l’Aigle na volném moři u Cassis . </s>"
"1";"cs: čeština";"NFC: oborová literatura";"POP: populárně naučná literatura";"HUM: humanitní vědy";"HIS: historie, biografie";"veřejně , když roku 1497 vedl sbor univerzitních mistrů na";"slyšení před českým";"a uherským králem Vladislavem II . </s><s> Jagellonským . </s><s> Jménem celé"
"1";"de: němčina";"NFC: oborová literatura";"POP: populárně naučná literatura";"HUM: humanitní vědy";"HIS: historie, biografie";"o tom . </s><s> Jen jsem zachraňoval lidi , i když";"Židy , před tím";", co nyní dostihlo mě , a to byla má"
"1";"cs: čeština";"NFC: oborová literatura";"SCI: odborná literatura";"HUM: humanitní vědy";"LAN: filologie";", který poznamenává – přímo nebo nepřímo – celou intelektuální";"sféru , před níž";"se v nové , naléhavé podobě znovu objevují problémy vědění"
"1";"cs: čeština";"NFC: oborová literatura";"SCI: odborná literatura";"HUM: humanitní vědy";"LAN: filologie";"i vývoj jeho řeči . </s><s> Např . dva až tři";"měsíce před tím";", než se u dítěte objeví dvouslovné výpovědi , začne"
"1";"cs: čeština";"NFC: oborová literatura";"POP: populárně naučná literatura";"HUM: humanitní vědy";"LAN: filologie";"není za mnou , v dálce / jde věrně o";"krok přede mnou";"“ . </s><s> Jakákoli představa pohybu , toho , že něco"
"1";"cs: čeština";"NFC: oborová literatura";"POP: populárně naučná literatura";"HUM: humanitní vědy";"LAN: filologie";"jakém řádu věcí se nacházejí . </s><s> Když chlapec kupříkladu potkává";"ženu před jakýmsi";"domem , slyší ji křičet , ale nerozumí jejímu jazyku"
"1";"cs: čeština";"NFC: oborová literatura";"POP: populárně naučná literatura";"HUM: humanitní vědy";"LAN: filologie";"tvrzení , že Katyň byl nacistický zločin , a zavírali";"oči před faktem";", že Stalin byl strašlivý masový vrah ? </s><s> Co tedy"
"1";"cs: čeština";"NFC: oborová literatura";"POP: populárně naučná literatura";"HUM: humanitní vědy";"LAN: filologie";"teď se to otevírá . </s><s> Nějaké hlubší poznání . </s><s> Když";"se před spaním";"všechny ty dlouho sbírané nápady seběhnou jako ty kuličky rtuti"
"1";"cs: čeština";"NFC: oborová literatura";"SCI: odborná literatura";"HUM: humanitní vědy";"ART: umění, architektura";"před rokem 1420 . </s><s> Vykazují totiž značnou míru kontinuity s";"dobou před rokem";"1420 i s navazující druhou třetinou 15 . století . </s>"
"1";"cs: čeština";"NFC: oborová literatura";"SCI: odborná literatura";"SSC: sociální vědy";"ECO: ekonomie, obchod, logistika";"základní funkci , a to funkci ochranou . </s><s> Měl chránit";"výrobek před nepříznivými";"vlivy okolí , sloužil částečně i jako odměrka ( potravinářské"
"1";"cs: čeština";"NFC: oborová literatura";"SCI: odborná literatura";"SSC: sociální vědy";"ECO: ekonomie, obchod, logistika";"že cestující by se měl dostavit </s><s> k odbavení nejpozději jednu";"hodinu před odletem";", u charteru a zaoceánských letů pak dvě hodiny před"
"1";"cs: čeština";"NFC: oborová literatura";"PRO: profesní literatura";"SSC: sociální vědy";"ECO: ekonomie, obchod, logistika";"nedělního oběda pro známé vytvořili ambiciózní pražskou restauraci . </s><s> Upřednostňují";"kvalitu před prostými";"počty . </s><s> V listopadu otevřená pražská restaurace Field si dokázala"
"1";"cs: čeština";"NFC: oborová literatura";"PRO: profesní literatura";"SSC: sociální vědy";"ECO: ekonomie, obchod, logistika";"prací v R akousku musí být stejně jako dosud nejpozději";"týden před započetím";"práce nahlášeno Centrálnímu koordinačnímu místu pro kontrolu ilegální práce . </s>"
"1";"en: angličtina";"NFC: oborová literatura";"POP: populárně naučná literatura";"SSC: sociální vědy";"POL: politika, vojenství";"strávil pět let v sovětském vězení . </s><s> Jakunin , jehož";"rok před rozpadem";"Sovětského svazu zvolili do parlamentu , měl vždycky podezření na"
"1";"cs: čeština";"NFC: oborová literatura";"POP: populárně naučná literatura";"SSC: sociální vědy";"LAW: právo";"<s> Ptal se mě na nějakého bílého zatoulaného pejska , prý";"ho před nějakým";"časem našel spolu s kamarády . </s><s> Řekl jsem , že"
"1";"cs: čeština";"NFC: oborová literatura";"POP: populárně naučná literatura";"SSC: sociální vědy";"PSY: psychologie";". </s><s> Bude zábava ! </s><s> Ona koketuje s nimi , oni";"se před ní";"vytahují , všichni tři se smějí , pošťuchují , podávají"
"1";"sk: slovenština";"NFC: oborová literatura";"POP: populárně naučná literatura";"SSC: sociální vědy";"PSY: psychologie";"nevíme , kudy máme plavat . </s><s> A nakonec se ocitneme";"metr před Niagarskými";"vodopády v loďce bez vesel a zbývá nám jen hurónský"
"1";"en: angličtina";"NFC: oborová literatura";"POP: populárně naučná literatura";"SSC: sociální vědy";"SOC: sociologie";"k dispozici spolehlivé způsoby , jak zjistit , která alba";"se před týdnem";"prodávala v hudebních obchodech . </s><s> Billboard spoléhal na upřímnost rozhlasových"
"1";"cs: čeština";"NFC: oborová literatura";"SCI: odborná literatura";"SSC: sociální vědy";"REC: sport, rekreace, hobby";"okolo středu lze provést tak , že lyžař umístí jeden";"stabilizátor před těžiště";"a druhý za něj . </s><s> Přední stabilizátor je nakloněn mírně"
"1";"en: angličtina";"NFC: oborová literatura";"POP: populárně naučná literatura";"SSC: sociální vědy";"REC: sport, rekreace, hobby";", který by vaše protihráče nutil hrát správně . </s><s> Stavte";"je před rozhodnutí";", nechte je dělat chyby . </s><s> *** styl podbarvený </s><s> Vsázejte"
"1";"cs: čeština";"NFC: oborová literatura";"POP: populárně naučná literatura";"SSC: sociální vědy";"REC: sport, rekreace, hobby";"osolíme nejen zvenku , ale i zevnitř . </s><s> - Celé";"ryby před grilováním";"k páteři několikrát nařízneme , aby se propekly stejnoměrně . </s>"
"1";"cs: čeština";"NFC: oborová literatura";"SCI: odborná literatura";"NAT: přírodní vědy";"BIO: biologie";"<s> Primordiální zárodečné buňky ( PGC , primordial germ cells )";"se před vstupem";"do gonád opět podrobují odstraňování represivních markerů ( 5 -"
"1";"cs: čeština";"NFC: oborová literatura";"SCI: odborná literatura";"NAT: přírodní vědy";"BIO: biologie";"a její ochrana </s><s> Jelikož existuje přehršel zákonů , které chrání";"půdu před jejím";"nevhodným používáním , nepřekvapí nás , že půda je ohrožena"
"1";"fr: francouzština";"NFC: oborová literatura";"POP: populárně naučná literatura";"NAT: přírodní vědy";"PHY: fyzika";"problém . </s><s> Pokusím se ti to vysvětlit . </s><s> Když jsem";"se před čtrnácti";"lety narodila , přišla jsem do světa , který již"
"1";"cs: čeština";"NFC: oborová literatura";"SCI: odborná literatura";"NAT: přírodní vědy";"MED: lékařství";"<s> Antimalarická profylaxe se podává týden před odjezdem ( doxycyklin 2";"dny před odjezdem";") , trvá po celou dobu pobytu a končí až"
"1";"cs: čeština";"NFC: oborová literatura";"SCI: odborná literatura";"NAT: přírodní vědy";"MED: lékařství";"závislosti na období manifestace symptomů . </s><s> Vyžaduje - li stav";"porod před 34";". gestačním týdnem , jedná se o časnou formu ("
"1";"en: angličtina";"NFC: oborová literatura";"POP: populárně naučná literatura";"NAT: přírodní vědy";"MED: lékařství";"mikrogramů chromu . </s><s> Pomohl snížit hladinu glukózy v krvi na";"úroveň před jídlem";"už za dvě hodiny po jídle na místo čtyř . </s>"
"1";"cs: čeština";"NFC: oborová literatura";"PRO: profesní literatura";"NAT: přírodní vědy";"AGR: zemědělství, chovatelství";"kameny , které zadržují teplo u paty keřů a chrání";"je před zimou";"a vlhkostí , a částečně ji také na zimu obaluje"
"1";"cs: čeština";"NFC: oborová literatura";"PRO: profesní literatura";"NAT: přírodní vědy";"AGR: zemědělství, chovatelství";"na jedinečnou příležitost prezentovat kvalitní jihočeské potraviny a popularizovat zemědělská";"odvětví před stovkou";"tisíc návštěvníků v rámci agrosalonu Země živitelka RAK JK vydala"
"1";"cs: čeština";"NFC: oborová literatura";"PRO: profesní literatura";"NAT: přírodní vědy";"AGR: zemědělství, chovatelství";". </s><s> A protože tyto komodity mají kratší trvanlivost , otevírají";"se před námi";"nové úkoly v zajištění jejich dostatečné domácí výroby , ale"
"1";"en: angličtina";"NFC: oborová literatura";"POP: populárně naučná literatura";"FTS: formální a technické vědy";"MAT: matematika";"jsi s tím – takže si jednoznačně mohu nevybrat víno";"stojící přede mnou";". </s><s> Princezna Nevěsta </s><s> Jeden z nejvlivnějších ekonomů 20 . století"
"1";"cs: čeština";"NFC: oborová literatura";"PRO: profesní literatura";"FTS: formální a technické vědy";"TEC: technika";"těžké a nadrozměrné dopravy . </s><s> Právě díky technice tak získáváme";"náskok před konkurencí";"a posouváme naše hranice . </s><s> Ještě před pár měsíci či"
"1";"cs: čeština";"NFC: oborová literatura";"PRO: profesní literatura";"FTS: formální a technické vědy";"TEC: technika";"zeleniny a ryb na různé speciality , chuťovky , které";"se před konzumací";"vloží pouze do mikrovlnné trouby . </s><s> Co vás vedlo k"
"1";"cs: čeština";"NFC: oborová literatura";"PRO: profesní literatura";"FTS: formální a technické vědy";"TEC: technika";"vodíkem , která zajišťuje bezpečné vypínání velkých proudů a chrání";"kontakty před negativními";"vnějšími vlivy . </s><s> Díky tomu mají relé dlouhou životnost . </s>"
"1";"cs: čeština";"NFC: oborová literatura";"PRO: profesní literatura";"FTS: formální a technické vědy";"TEC: technika";"pracovních prostředků . </s><s> Ty od společnosti 3M budou mít vlastní";"expozici před pavilonem";"V brněnského výstaviště . </s><s> „ Pro návštěvníky máme připravený minivan"
"1";"cs: čeština";"NFC: oborová literatura";"POP: populárně naučná literatura";"FTS: formální a technické vědy";"TEC: technika";"nemluvě třeba o identických náušnících ) . </s><s> „ Jedničkami “";"se před pěti";"lety stala sluchátka HD 800 , ale vyšší cena ("
"1";"cs: čeština";"NFC: oborová literatura";"POP: populárně naučná literatura";"FTS: formální a technické vědy";"TEC: technika";"<s> Loni v Šanghaji přestavily speciální řidičské brýle v retrodesignu ,";"jež před každé";"oko staví malý displej zobrazující nejrůznější údaje . </s><s> Výhodou tohoto"
"1";"cs: čeština";"NFC: oborová literatura";"POP: populárně naučná literatura";"FTS: formální a technické vědy";"TEC: technika";"Marka Děngla v prodejně BULLET PROJECT v Hlučíně , kam";"se před nedávnou";"dobou přestěhovali z Bohumína . </s><s> Společnost S & W získala"
"1";"cs: čeština";"NFC: oborová literatura";"PRO: profesní literatura";"FTS: formální a technické vědy";"ICT: výpočetní technika";"<s> Konstrukce nových paměťových karet Transcend z průmyslové série zajišťuje optimální";"ochranu před náročnými";"podmínkami . </s><s> Nové nosiče jsou odolné proti vodě , elektrostatickým"
"1";"cs: čeština";"NFC: oborová literatura";"PRO: profesní literatura";"FTS: formální a technické vědy";"ICT: výpočetní technika";"toto zabezpečení zvyšovat a chránit tak důležité instituce i běžné";"uživatele před stále";"vzrůstajícími kybernetickými hrozbami . </s><s> Velkým tématem je v této době"
"1";"cs: čeština";"NFC: oborová literatura";"POP: populárně naučná literatura";"FTS: formální a technické vědy";"ICT: výpočetní technika";"rozvrhu cesty </s><s> 34 Užitečné stránky WWW stránky pro cestovatele </s><s> 35";"Tipy před odjezdem";"Nač byste neměli zapomenout . </s><s> jak na to </s><s> 36 Jak"
"1";"cs: čeština";"NFC: oborová literatura";"POP: populárně naučná literatura";"FTS: formální a technické vědy";"ICT: výpočetní technika";"verzi pro Android umí nově e-mailový klient vzít zpět zprávy";"odeslané před několika";"sekundami . </s><s> Na vylepšení se ale mohou těšit i majitelé"
"1";"cs: čeština";"NFC: oborová literatura";"POP: populárně naučná literatura";"FTS: formální a technické vědy";"ICT: výpočetní technika";"<s> CENA S DPH : 5 890 Kč </s><s> Sencor SSP </s><s> Chraňte";"elektroniku před blesky";"</s><s> Elektronická zařízení , jako jsou počítače , rádia a televizory"
"1";"cs: čeština";"NFC: oborová literatura";"POP: populárně naučná literatura";"ITD: interdisciplinární";"ITD: interdisciplinární";"účinných technik pro cílené zásahy do dědičné informace nejrůznějších organismů";"se před lidstvo";"opět staví otázka : „ Smíme dělat všechno , co"
"1";"cs: čeština";"NFC: oborová literatura";"POP: populárně naučná literatura";"ITD: interdisciplinární";"ITD: interdisciplinární";"snímky z 2 . září . </s><s> Nalezení modulu na poslední";"chvíli před koncem";"mise je obrovský úspěch . </s><s> Díky tomu teď přesně víme"
"1";"cs: čeština";"NFC: oborová literatura";"POP: populárně naučná literatura";"ITD: interdisciplinární";"ITD: interdisciplinární";"jejich ulicemi , zvětšovat fotografie do detailů , o kterých";"se před 40";"lety vědcům , zabývajícím se dálkovým průzkumem Země , ani"
"1";"en: angličtina";"NFC: oborová literatura";"MEM: memoáry, autobiografie";"MEM: memoáry, autobiografie";"MEM: memoáry, autobiografie";"vyšla na začátku roku 1985 . </s><s> Šestýho listopadu , dva";"dny před odjezdem";"do Austrálie , jsem se ještě jednou viděl s Pattie"
"1";"en: angličtina";"NFC: oborová literatura";"MEM: memoáry, autobiografie";"MEM: memoáry, autobiografie";"MEM: memoáry, autobiografie";"byla ta nejskvělejší věc na světě . </s><s> Shodou okolností mě";"den před naším";"prvním koncertem v Albert Hall sejmula pořádná chřipka , takže"
"1";"cs: čeština";"NFC: oborová literatura";"MEM: memoáry, autobiografie";"MEM: memoáry, autobiografie";"MEM: memoáry, autobiografie";"nehygienickými městy v přesvědčení jejich obyvatelů , že je boží";"metlou , před kterou";"zůstává každá ochrana neúspěšná . </s><s> Lehkomyslný a smyslný svět renesance"
"1";"it: italština";"NFC: oborová literatura";"MEM: memoáry, autobiografie";"MEM: memoáry, autobiografie";"MEM: memoáry, autobiografie";"uprchnout před chválami ze strany jiných lidí , upřednostňujeme skryté";"posty před těmi";", které jsou viditelné , upřednostňujeme mlčení před výřečnými projevy"
"1";"cs: čeština";"NFC: oborová literatura";"MEM: memoáry, autobiografie";"MEM: memoáry, autobiografie";"MEM: memoáry, autobiografie";"jednom malém kostele po dlouhém bloudění . </s><s> Ale živý Mojžíš";"se přede mnou";"zjevil až o mnoho let později . “ </s><s> „ Živý"
"1";"en: angličtina";"NFC: oborová literatura";"MEM: memoáry, autobiografie";"MEM: memoáry, autobiografie";"MEM: memoáry, autobiografie";"a bude ji chtít za každou cenu ? </s><s> Bylo těžké";"ji před nimi";"uchránit . </s><s> Byla jsem něco , co opravdu hodně chtěli"
"1";"cs: čeština";"NFC: oborová literatura";"MEM: memoáry, autobiografie";"MEM: memoáry, autobiografie";"MEM: memoáry, autobiografie";"ale ony mi to nechtěly věřit , když ještě dva";"dny před tím";"byla v pořádku . “ </s><s> Dita neměla po smrti matky"
"1";"cs: čeština";"NFC: oborová literatura";"MEM: memoáry, autobiografie";"MEM: memoáry, autobiografie";"MEM: memoáry, autobiografie";"Mick Farren se proto vysoukal ven , rukou si zaclonil";"oči před palčivým";"sluncem vrcholícího srpna a pátravě se zadíval na ostrov ."
"1";"cs: čeština";"NFC: oborová literatura";"MEM: memoáry, autobiografie";"MEM: memoáry, autobiografie";"MEM: memoáry, autobiografie";"o Bohu cokoli , už z Boha děláte objekt a";"buddhismus před tímhle";"varuje . </s><s> V tu chvíli máte Boha za hlupáka ,"
"1";"en: angličtina";"NFC: oborová literatura";"MEM: memoáry, autobiografie";"MEM: memoáry, autobiografie";"MEM: memoáry, autobiografie";"v Henley , pak na olympiádu v Antverpách . </s><s> Dva";"dny před jeho";"plánovaným odjezdem z Filadelfie do Evropy však přišel od organizátorů"
"1";"en: angličtina";"NFC: oborová literatura";"MEM: memoáry, autobiografie";"MEM: memoáry, autobiografie";"MEM: memoáry, autobiografie";"pak přijdou na řadu fotografové . </s><s> Slíbila rovněž , že";"se před vyplutím";"krátce objeví na palubě pro kamery televizních stanic a filmových"
"1";"en: angličtina";"NFC: oborová literatura";"MEM: memoáry, autobiografie";"MEM: memoáry, autobiografie";"MEM: memoáry, autobiografie";"je zabezpečena , protože dítě narozené v dešti zajišťuje pokračující";"svobodu před obávaným";"francouzským výběrčím daní . </s><s> Ke konci onoho roku Grace a"
"1";"cs: čeština";"NFC: oborová literatura";"MEM: memoáry, autobiografie";"MEM: memoáry, autobiografie";"MEM: memoáry, autobiografie";"mi podaří vycvaknout se z nášlapu a zachraňuji své postarší";"tělo před pádem";". </s><s> ( Ne ) znaleckým okem ( ne ) odborně"
"1";"sk: slovenština";"NFC: oborová literatura";"MEM: memoáry, autobiografie";"MEM: memoáry, autobiografie";"MEM: memoáry, autobiografie";"po desetiletí symbolem rozdělení východní a západní Evropy . </s><s> Poslední";"měsíce před její";"výstavbou přecházelo podle dostupných informací na Západ okolo 2400 utečenců"
"1";"en: angličtina";"NFC: oborová literatura";"MEM: memoáry, autobiografie";"MEM: memoáry, autobiografie";"MEM: memoáry, autobiografie";"sousední vesnici Inveraray , kde nebyl jediný kruhový objezd ,";"mě před vtipkováním";"uchránit nedokázalo . </s><s> Ke své velké úlevě jsem zkoušku složil"
"1";"cs: čeština";"NFC: oborová literatura";"MEM: memoáry, autobiografie";"MEM: memoáry, autobiografie";"MEM: memoáry, autobiografie";"natěsno . </s><s> V turistickém oddíle jsme se seznámili s Jakubem";"Němcem , před kostelem";"po mši jsme se potkávali s dalšími vrstevníky . </s><s> V"
"1";"cs: čeština";"NMG: publicistika";"NEW: tradiční publicistika";"X: neuvedeno";"NTW: celostátní tisk";"jak upozornit na důležitost dopravního spojení mezi Bavorskem a Českou";"republikou před schválení";"plánu dopravních investic v Německu . </s><s> V současné době se"
"1";"cs: čeština";"NMG: publicistika";"NEW: tradiční publicistika";"X: neuvedeno";"NTW: celostátní tisk";"své vyfasoval i europoslanec Jan Keller . </s><s> Prý chrání naše";"chudé před cizími";"chudými . </s><s> Hůř dopadl poslanec KSČM Ing . Jiří Dolejš"
"1";"cs: čeština";"NMG: publicistika";"NEW: tradiční publicistika";"X: neuvedeno";"NTW: celostátní tisk";", že bude v rukou třímat zlatou medaili a klanět";"se před burácející";"halou , je pro legendu obrovským lákadlem . </s><s> Jeho přítomnost"
"1";"cs: čeština";"NMG: publicistika";"NEW: tradiční publicistika";"X: neuvedeno";"NTW: celostátní tisk";"se v této zemi děje , musíte si stoupnout na";"náměstí před lidi";"a vyhrát volby . </s><s> Takto to vlastně pochopil i Babiš"
"1";"cs: čeština";"NMG: publicistika";"NEW: tradiční publicistika";"X: neuvedeno";"NTW: celostátní tisk";"vypráví Strašilová . </s><s> Její dceři diagnostikovali leukémii ze dne na";"den před rokem";". </s><s> Intenzivní léčbou už si pětiletá holčička prošla , nyní"
"1";"cs: čeština";"NMG: publicistika";"NEW: tradiční publicistika";"X: neuvedeno";"NTW: celostátní tisk";"těchto diskusích zaniká , “ uvedl doslova . </s><s> Varoval mladé";"Brity před lákadly";"islámských radikálů , mezi něž patří hlavně vytvoření pocitu sounáležitosti"
"1";"cs: čeština";"NMG: publicistika";"NEW: tradiční publicistika";"X: neuvedeno";"NTW: celostátní tisk";"postavou špionážní zápletky je státní zástupce Alberto Nisman , kterého";"den před podáním";"žaloby na hlavu státu , prezidentku Cristinu Kirchnerovou za krytí"
"1";"cs: čeština";"NMG: publicistika";"NEW: tradiční publicistika";"X: neuvedeno";"NTW: celostátní tisk";"nevyhnou . </s><s> Ještě nezaplatili </s><s> Tolik tisíc obyvatel Brna nemělo zaplaceno";"měsíc před koncem";"splatnosti za svoz odpadu . </s><s> Jednalo se zhruba o čtvrtinu"
"1";"cs: čeština";"NMG: publicistika";"NEW: tradiční publicistika";"X: neuvedeno";"NTW: celostátní tisk";"jasně potvrdila usnesení o limitech , které mělo chránit severočeskou";"krajinu před další";"devastací . </s><s> Transparenty tu drží lidé z Pardubic , Brna"
"1";"cs: čeština";"NMG: publicistika";"NEW: tradiční publicistika";"X: neuvedeno";"NTW: celostátní tisk";"branky . </s><s> Hradečtí ale nakonec vedení do přestávky neudrželi . </s><s>";"Minutu před pauzou";"totiž domácí zahrávali rohový kop a Tregler překonal hradeckého gólmana"
"1";"cs: čeština";"NMG: publicistika";"NEW: tradiční publicistika";"X: neuvedeno";"NTW: celostátní tisk";"o nové koalici ale nevedlo k ničemu , a tak";"se před včerejším";"jednáním dohodla ČSSD s KDU - ČSL a NM F"
"1";"cs: čeština";"NMG: publicistika";"NEW: tradiční publicistika";"X: neuvedeno";"NTW: celostátní tisk";". </s><s> V některých kostelích dokonce tyto obřady začínají až v";"neděli před svítáním";", nejčastěji v půl páté . </s><s> Oslava Kristova vzkříšení patří"
"1";"cs: čeština";"NMG: publicistika";"NEW: tradiční publicistika";"X: neuvedeno";"NTW: celostátní tisk";"nás přednášel v nejhorší možný den v roce , v";"pátek před pondělním";"státním svátkem , kdy bylo navíc horko . </s><s> Bál jsem"
"1";"cs: čeština";"NMG: publicistika";"NEW: tradiční publicistika";"X: neuvedeno";"NTW: celostátní tisk";"socialističtí politici . </s><s> Premiér Harold Wilson ( † 1995 )";"je před padesáti";"roky vyhnal , ministr zahraničí David Miliband roku 2008 prosadil"
"1";"cs: čeština";"NMG: publicistika";"NEW: tradiční publicistika";"X: neuvedeno";"NTW: celostátní tisk";"Levadii navážou na výkony ze závěru minulé ligové sezony . </s><s>";"Den před vstupem";"do pohárové Evropy Slavii posílil útočník Gino van Kessel z"
"1";"cs: čeština";"NMG: publicistika";"NEW: tradiční publicistika";"X: neuvedeno";"NTW: celostátní tisk";"malé holčičky . </s><s> Dcerka lidovecké političky říká : „ My";"se před jídlem";"doma modlíme a vy ? “ Po chvilce přemýšlení druhá"
"1";"cs: čeština";"NMG: publicistika";"NEW: tradiční publicistika";"X: neuvedeno";"NTW: celostátní tisk";". </s><s> „ My muslimové nejsme žádný ohrožený druh , aby";"nás před kritikou";"bylo nutné chránit . </s><s> To je stejně rasistické jako říkat"
"1";"cs: čeština";"NMG: publicistika";"NEW: tradiční publicistika";"X: neuvedeno";"NTW: celostátní tisk";"jiný byznys než pořádání festivalu . </s><s> Když jste s tímto";"festivalem před 10";"lety začínali , věřili jste , že nabude takových rozměrů"
"1";"cs: čeština";"NMG: publicistika";"NEW: tradiční publicistika";"X: neuvedeno";"NTW: celostátní tisk";"zaparkovat . </s><s> Od té doby se k systému upřednostňujícímu pražské";"řidiče před mimopražskými";"připojila i Praha 8 . </s><s> I když to tak při"
"1";"cs: čeština";"NMG: publicistika";"NEW: tradiční publicistika";"X: neuvedeno";"NTW: celostátní tisk";"mohou kdykoliv znovu vybavit , v horším případě opakovat . </s><s>";"Helenu před více";"než deseti lety přepadl a znásilnil pachatel přímo v jejím"
"1";"cs: čeština";"NMG: publicistika";"NEW: tradiční publicistika";"X: neuvedeno";"NTW: celostátní tisk";", ale jeho kvalita a dostupnost se nedá srovnat s";"dobou před čtyřiceti";"padesáti lety … </s><s> Ale přesto přese všechno ten pocit nespokojenosti"
"1";"cs: čeština";"NMG: publicistika";"NEW: tradiční publicistika";"X: neuvedeno";"NTW: celostátní tisk";"nejenže člověk může přikládat nos k milionovým papírům , jichž";"se před půltisíciletím";"dotýkala ruka božského Raffaela ( životopisec Vasari ho nazval „"
"1";"cs: čeština";"NMG: publicistika";"NEW: tradiční publicistika";"X: neuvedeno";"NTW: celostátní tisk";"ukradení a ona jim taky . </s><s> Ve Varšavě Trump varoval";"Moskvu před destabilizací";"Ukrajiny , ale zároveň ji pozval , aby se připojila"
"1";"cs: čeština";"NMG: publicistika";"NEW: tradiční publicistika";"X: neuvedeno";"NTW: celostátní tisk";"prosbě svého spojence a legitimního syrského vůdce Asada , se";"kterým před dvěma";"lety v srpnu uzavřeli dohodu o rozmístění letecké skupiny ruských"
"1";"cs: čeština";"NMG: publicistika";"NEW: tradiční publicistika";"X: neuvedeno";"NTW: celostátní tisk";"značky Volkswagen Užitkové vozy to znamená ještě větší jistotu a";"ochranu před nečekanými";"výdaji . </s><s> Druhá generace modelu Crafter dokazuje své kvality také"
"1";"cs: čeština";"NMG: publicistika";"NEW: tradiční publicistika";"X: neuvedeno";"NTW: celostátní tisk";"několik tisíc gayů a leseb přímo na Václaváku a tam";"se před zraky";"všech kolemjdoucích líbat , následně pochodovat centrem a ukazovat se"
"1";"cs: čeština";"NMG: publicistika";"NEW: tradiční publicistika";"X: neuvedeno";"NTW: celostátní tisk";"recept , metody jsou různé . </s><s> Jsou lidi , kteří";"se před nocováním";"musí převléci do suchého a nového oblečení , další si"
"1";"cs: čeština";"NMG: publicistika";"NEW: tradiční publicistika";"X: neuvedeno";"NTW: celostátní tisk";"i proto svoji oštěpařskou partu přivezl do Londýna až dva";"dny před kvalifikací";". </s><s> „ Eliminují se tím stresy na místě . </s><s> Je"
"1";"cs: čeština";"NMG: publicistika";"NEW: tradiční publicistika";"X: neuvedeno";"NTW: celostátní tisk";"pro invalidy , pár z nich dokonce mělo vyhrazené parkovací";"místo před domem";". </s><s> Na to ale nyní mohou zapomenout . </s><s> „ Současná"
"1";"cs: čeština";"NMG: publicistika";"NEW: tradiční publicistika";"X: neuvedeno";"NTW: celostátní tisk";", což nebývá v arbitrážní praxi zvykem . </s><s> Schwarz podal";"žalobu před rokem";", rovněž si nárokoval tři milióny korun . </s><s> Podle Seznamu"
"1";"cs: čeština";"NMG: publicistika";"NEW: tradiční publicistika";"X: neuvedeno";"NTW: celostátní tisk";"pravěká vrásnění zemské kůry </s><s> SVĚT KOLEM NÁS </s><s> Stojím vždycky s";"úžasem před skalami";"tvořenými migmatity . </s><s> Ať už to je třeba v Radimi"
"1";"cs: čeština";"NMG: publicistika";"NEW: tradiční publicistika";"X: neuvedeno";"NTW: celostátní tisk";"vteřin . </s><s> Do cíle nakonec dojela Björgenová s téměř dvouminutovým";"náskokem před stříbrnou";"Finkou Kristou Pärmäkoskiovou , třetí místo vysprintovala Švédka Stina Nilssonová"
"1";"cs: čeština";"NMG: publicistika";"NEW: tradiční publicistika";"X: neuvedeno";"NTW: celostátní tisk";"popsal Čestmír Bruštík . </s><s> Během loňského roku opravilo město kompletně";"dlažbu před Lázněmi";"III , letos se pustilo do části před Mlýnskou kolonádou"
"1";"cs: čeština";"NMG: publicistika";"NEW: tradiční publicistika";"X: neuvedeno";"NTW: celostátní tisk";"je to . </s><s> Rallye se připravuje měsíce dopředu . </s><s> Už";"týden před první";"etapou , která se pojede v pátek , pořadatelé a"
"1";"cs: čeština";"NMG: publicistika";"NEW: tradiční publicistika";"X: neuvedeno";"NTW: celostátní tisk";"Liverpool , předtím i německý Freiburg s plzeňským odchovancem Vladimírem";"Daridou , před časem";"sem jezdívala i pražská Sparta . </s><s> Koneckonců , i plzeňští"
"1";"cs: čeština";"NMG: publicistika";"NEW: tradiční publicistika";"X: neuvedeno";"NTW: celostátní tisk";"do té doby se věnující tvorbě obalových řešení pro různé";"společnosti ) před čtyřmi";"lety . </s><s> Tehdy se v tuzemsku ještě o plastech tolik"
"1";"cs: čeština";"NMG: publicistika";"NEW: tradiční publicistika";"X: neuvedeno";"NTW: celostátní tisk";"kampaně Paul Manafort naopak podobné přečiny popírá a bojuje s";"Muellerem před soudy";". </s><s> V případě Rusů se jedná o spolupracovníky ruské „"
"1";"cs: čeština";"NMG: publicistika";"NEW: tradiční publicistika";"X: neuvedeno";"NTW: celostátní tisk";"jako kdyby se rozhodl , že ještě posune laťku ,";"kterou před ním";"nastavili Sebastian Aho či Patrik Laine , kteří společně zářili"
"1";"cs: čeština";"NMG: publicistika";"NEW: tradiční publicistika";"X: neuvedeno";"NTW: celostátní tisk";"republiky – poslance k tomuto kroku opakovaně vyzývá . </s><s> Mimo";"to před několika";"dny skupina poslanců avizovala svůj návrh zrušit povinnost platit televizní"
"1";"cs: čeština";"NMG: publicistika";"NEW: tradiční publicistika";"X: neuvedeno";"REG: regionální tisk";". </s><s> Krnov prohrál gólem v závěru </s><s> Hokejisté Krnova dokázali dvě";"minuty před koncem";"srovnat skóre , jenže nakonec prohráli </s><s> Krnov – Vyrovnané utkání"
"1";"cs: čeština";"NMG: publicistika";"NEW: tradiční publicistika";"X: neuvedeno";"REG: regionální tisk";"10 tisíc korun coby vítěz projektu Energie ze sousedství ,";"který před několika";"měsíci vyhlásila děčínská energetická společnost . </s><s> Šek převzali zástupci útulku"
"1";"cs: čeština";"NMG: publicistika";"NEW: tradiční publicistika";"X: neuvedeno";"REG: regionální tisk";"jiné vystupovala v Kouzelném cirkuse . </s><s> Roku 1981 , dva";"roky před odchodem";"do důchodu , byla oceněna státním vyznamenáním - zasloužilá členka"
"1";"cs: čeština";"NMG: publicistika";"NEW: tradiční publicistika";"X: neuvedeno";"REG: regionální tisk";"při pouti , která se v obci koná vždy jeden";"týden před Anenskou";"poutí v Plané , významným místem setkávání původních německých obyvatel"
"1";"cs: čeština";"NMG: publicistika";"NEW: tradiční publicistika";"X: neuvedeno";"REG: regionální tisk";"lety ? </s><s> Viděl , a dokonce si pamatuji i tu";"jízdu před tím";". </s><s> Takže už vím , co mě čeká a do"
"1";"cs: čeština";"NMG: publicistika";"NEW: tradiční publicistika";"X: neuvedeno";"REG: regionální tisk";"to být víkend , který o všem rozhodne . </s><s> Dvě";"kola před koncem";"sezony . </s><s> A také že byl ! </s><s> Zatímco na čele"
"1";"cs: čeština";"NMG: publicistika";"NEW: tradiční publicistika";"X: neuvedeno";"REG: regionální tisk";"nakonec vyšroubovali skóre až na 6 : 2 . </s><s> S";"porážkou před svými";"fanoušky se musely smířit hned čtyři týmy . </s><s> Fotbalisté Citic"
"1";"cs: čeština";"NMG: publicistika";"NEW: tradiční publicistika";"X: neuvedeno";"REG: regionální tisk";"hodiny filmové hlášky . </s><s> Nakonec jsme se všichni přesunuli na";"hřiště před školou";"a pomocí červených , modrých a bílých balonků jsme na"
"1";"cs: čeština";"NMG: publicistika";"NEW: tradiční publicistika";"X: neuvedeno";"REG: regionální tisk";"na náměstí . </s><s> V 60 . letech byla oslava vyšperkována";"tribunou před bývalým";"hostincem U Zlatého jelena , s fotkami velikánů a vlajkami"
"1";"cs: čeština";"NMG: publicistika";"NEW: tradiční publicistika";"X: neuvedeno";"REG: regionální tisk";"si to , ale zároveň je to zklamání . </s><s> Ráno";"den před zápasem";"jsem ještě byl napsaný ve čtyřech lajnách , takže chyběl"
"1";"cs: čeština";"NMG: publicistika";"NEW: tradiční publicistika";"X: neuvedeno";"REG: regionální tisk";". </s><s> Především však hráči naprosto změnili své nasazení a chtěli";"se před svým";"novým spoluhráčem vytáhnout , nahrát si s ním , či"
"1";"cs: čeština";"NMG: publicistika";"NEW: tradiční publicistika";"X: neuvedeno";"REG: regionální tisk";", které následovaly své učitele a společně s nimi uklidily";"sady před akcí";", postavily stany , pracovaly ve stáncích a i jinak"
"1";"cs: čeština";"NMG: publicistika";"NEW: tradiční publicistika";"X: neuvedeno";"REG: regionální tisk";"bodů . </s><s> „ Plzeň i Slavia jsou v lize o";"parník před ostatními";". </s><s> My jsme teď po sobě zápasy s nimi zvládli"
"1";"cs: čeština";"NMG: publicistika";"NEW: tradiční publicistika";"X: neuvedeno";"REG: regionální tisk";". </s><s> Naštěstí bude možnost vyrobit si nádherného anděla , který";"všechny před vánočními";"bubáky ochrání . </s><s> Akce se během dne uskuteční dvakrát ,"
"1";"cs: čeština";"NMG: publicistika";"NEW: tradiční publicistika";"X: neuvedeno";"REG: regionální tisk";", pod uměleckým vedením Karla Procházky , zahájil svoji koncertní";"činnost před více";"než dvaceti lety . </s><s> Členy souboru jsou koncertní mistři a"
"1";"cs: čeština";"NMG: publicistika";"NEW: tradiční publicistika";"X: neuvedeno";"REG: regionální tisk";", že něco kutí , řekli mi to ale až";"den před předáním";". </s><s> Já jsem v noci vůbec nespal , “ dodal"
"1";"cs: čeština";"NMG: publicistika";"NEW: tradiční publicistika";"X: neuvedeno";"REG: regionální tisk";". </s><s> Slavnostní okamžiky patřily i k neděli . </s><s> To když";"se před začátkem";"závěrečného pořadu padesátých Liptálských slavností postavili na pódium členové souboru"
"1";"cs: čeština";"NMG: publicistika";"LEI: volnočasová publicistika";"X: neuvedeno";"HOU: bydlení, zahrada, hobby";"materiálem , aby nenamrzly kořeny . </s><s> Jak na kontejnerové *";"Růže před výsadbou";"zbavte suchých a poškozených částí . </s><s> Jáma by měla být"
"1";"cs: čeština";"NMG: publicistika";"LEI: volnočasová publicistika";"X: neuvedeno";"HOU: bydlení, zahrada, hobby";"obsadila převislá odrůda břízy Youngii , která časem poskytne účinnou";"ochranu před úpalem";". </s><s> Co je špatně , musí pryč . </s><s> Nesprávné rostliny"
"1";"cs: čeština";"NMG: publicistika";"LEI: volnočasová publicistika";"X: neuvedeno";"HOU: bydlení, zahrada, hobby";"pár stanic tramvají do centra . </s><s> Když dneska někomu ukážu";"fotku před rekonstrukcí";", nechápe , že se povedla taková proměna . </s><s> Jediný"
"1";"cs: čeština";"NMG: publicistika";"LEI: volnočasová publicistika";"X: neuvedeno";"HOU: bydlení, zahrada, hobby";"dalšími uchazeči dělá přijímací pohovor do tajné agentury střežící planetu";"Zemi před vetřelci";"z vesmíru . </s><s> Ve vejčitých křeslech Ovalia se všichni marně"
"1";"cs: čeština";"NMG: publicistika";"LEI: volnočasová publicistika";"X: neuvedeno";"LIF: životní styl";"nestyděl , což pro mě bylo celkem překvapení . </s><s> Ty";"ses přede mnou";"styděla "" </s><s> M : Na začátku ano . </s><s> Na první"
"1";"cs: čeština";"NMG: publicistika";"LEI: volnočasová publicistika";"X: neuvedeno";"LIF: životní styl";"ani po sobě uklízet , můžou z nás beztrestně dělat";"blbce před manželkami";"a všichni se pak stejně servilně zasmějeme jejich košilatým fórům"
"1";"cs: čeština";"NMG: publicistika";"LEI: volnočasová publicistika";"X: neuvedeno";"LIF: životní styl";"kdy uděláte první krok z temného památníku holocaustu a otevře";"se před vámi";"nádherný pohled na celý Jeruzalém . </s><s> Kromě historických částí určitě"
"1";"cs: čeština";"NMG: publicistika";"LEI: volnočasová publicistika";"X: neuvedeno";"LIF: životní styl";"v bazénu nebo koupání v moři . </s><s> Navíc rtěnka chrání";"rty před sluníčkem";". </s><s> Za mě je prostě geniální . </s><s> ZNÁMKA JAKO VE"
"1";"cs: čeština";"NMG: publicistika";"LEI: volnočasová publicistika";"X: neuvedeno";"LIF: životní styl";"kteří těžkým pokrmům neholdují a pivo jim nechutná . </s><s> Prohlásit";"to před Michalem";"se skoro stydím , protože on je sládkem tělem i"
"1";"cs: čeština";"NMG: publicistika";"LEI: volnočasová publicistika";"X: neuvedeno";"LIF: životní styl";"omezuje se v ní tvorba nezbytných lipidů . </s><s> Ty ochraňují";"pokožku před negativními";"vlivy okolního prostředí a vysycháním . </s><s> Proto mějte vždy v"
"1";"cs: čeština";"NMG: publicistika";"LEI: volnočasová publicistika";"X: neuvedeno";"LIF: životní styl";"<s> Nechce nic nesplnitelného , jeho požadavky jsou skromné . </s><s> Aby";"se před koncertem";"uklidnil , hraje na flétnu a nejraději je sám . </s>"
"1";"cs: čeština";"NMG: publicistika";"LEI: volnočasová publicistika";"X: neuvedeno";"LIF: životní styl";", co povede ke změně , se počítá . </s><s> Otevírá";"se před vámi";"příležitost změnit zaměstnání a posunout se o kus dál ."
"1";"cs: čeština";"NMG: publicistika";"LEI: volnočasová publicistika";"X: neuvedeno";"LIF: životní styl";"5 rad , jak chytře nakupovat a jíst . </s><s> Chraňte";"kůži před jedy";"</s><s> A další věc : kolik kosmetických přípravků jste dnes použila"
"1";"cs: čeština";"NMG: publicistika";"LEI: volnočasová publicistika";"X: neuvedeno";"LIF: životní styl";"by měla být podkladový lak neboli báze , která ochrání";"nehty před barevným";"lakem a navíc ho vyživí a vyhladí . </s><s> Barevný lak"
"1";"cs: čeština";"NMG: publicistika";"LEI: volnočasová publicistika";"X: neuvedeno";"LIF: životní styl";". </s><s> VYHLÍDKA MÁJ </s><s> Jeden z nejúchvatnějších pohledů na řeku Vltavu";"se před vámi";"otevře z vysokého skalnatého výběžku , který objevíte nedaleko vesničky"
"1";"cs: čeština";"NMG: publicistika";"LEI: volnočasová publicistika";"X: neuvedeno";"LIF: životní styl";"jako je před Kristem a po Kristovi , tak rozlišuju";"život před porodem";"a po porodu . </s><s> Mám pocit , jako bych se"
"1";"cs: čeština";"NMG: publicistika";"LEI: volnočasová publicistika";"X: neuvedeno";"LIF: životní styl";"<s> Na co čekám ? “ Přípravu jsem hodně prožívala a";"měsíc před odletem";"jsem už měla téměř zabaleno . </s><s> A manžel to prožíval"
"1";"cs: čeština";"NMG: publicistika";"LEI: volnočasová publicistika";"X: neuvedeno";"LIF: životní styl";"trvá celkem dlouho , než se vám zcela zahojí . </s><s>";"Prevencí před opary";"jsou vitaminy skupiny B . </s><s> Puchýřky v oblasti rtů můžou"
"1";"cs: čeština";"NMG: publicistika";"LEI: volnočasová publicistika";"X: neuvedeno";"LIF: životní styl";"vesta Hurtta je pohodlná a navržená tak , aby chránila";"psa před celkovým";"přehřátím organismu . </s><s> Koupíte ji v e-shopu www . </s><s> SpokojenyPes"
"1";"cs: čeština";"NMG: publicistika";"LEI: volnočasová publicistika";"X: neuvedeno";"LIF: životní styl";"nádech dubového sudu , ve kterém víno zrálo po celou";"dobu před nalahvováním";". </s><s> Chuť je harmonická , jemná , s tóny žlutého"
"1";"cs: čeština";"NMG: publicistika";"LEI: volnočasová publicistika";"X: neuvedeno";"SCT: společenský život";". </s><s> „ Byli jsme oba unaveni . </s><s> Ale na Slovensku";"rok před tím";"jsme měli dovolenou a také nebyl sex , protože tam"
"1";"cs: čeština";"NMG: publicistika";"LEI: volnočasová publicistika";"X: neuvedeno";"SCT: společenský život";"ten druhý . </s><s> Zlý čaroděj Kruciatus ( Josef Abrhám )";"se před sto";"lety pokusil Abrhá zničit království , kterému dnes vládne král"
"1";"cs: čeština";"NMG: publicistika";"LEI: volnočasová publicistika";"X: neuvedeno";"SCT: společenský život";"o tatínkově zatčení dozvěděla . </s><s> I to , že dva";"dny před ním";"zatkli generála Klapálka . “ </s><s> Vašeho otce v Moskvě museli"
"1";"cs: čeština";"NMG: publicistika";"LEI: volnočasová publicistika";"X: neuvedeno";"SCT: společenský život";"rok musím zhubnout osm kilo , “ přidal si na";"stránku před koncem";"Babiš fotku na posilovacím </s><s> Jako z lidu ! </s><s> A co"
"1";"cs: čeština";"NMG: publicistika";"LEI: volnočasová publicistika";"X: neuvedeno";"SCT: společenský život";"p j v tátově Ferrari F2004 ! </s><s> Legendární jezdec s";"ním před 15";"lety vyhrál 13 závodů a získal svůj poslední sedmý titul"
"1";"cs: čeština";"NMG: publicistika";"LEI: volnočasová publicistika";"X: neuvedeno";"SCT: společenský život";"zkušenosti máte . </s><s> V dětství jste se prý poprala s";"někým před školou";"… </s><s> „ K tomu došlo někdy na druhém stupni . </s>"
"1";"cs: čeština";"NMG: publicistika";"LEI: volnočasová publicistika";"X: neuvedeno";"SCT: společenský život";"protože jste v kupní smlouvě podepsali větičky typu „ kupující";"se před podpisem";"smlouvy seznámil s faktickým / technickým stavem nemovitosti “ nebo"
"1";"cs: čeština";"NMG: publicistika";"LEI: volnočasová publicistika";"X: neuvedeno";"SCT: společenský život";"už získalo čtyři etapová vítězství . </s><s> Naopak na konci pořadí";"se před včerejší";"etapou krčili giganti , Astana a Movistar . </s><s> Pro celky"
"1";"cs: čeština";"NMG: publicistika";"LEI: volnočasová publicistika";"X: neuvedeno";"SCT: společenský život";"vše je ukryto na ploše osmi fotbalových hřišť . </s><s> ?? </s><s>";"Kousek před Mnichovem";"u dálnice A92 ( sjezd číslo 8 nebo 9 )"
"1";"cs: čeština";"NMG: publicistika";"LEI: volnočasová publicistika";"X: neuvedeno";"SPO: sport";"oslabení po Husztiho vyloučení . </s><s> Trenér hostí navíc musel řešit";"strkanici před střídačkou";". </s><s> Druhý 1 . </s><s> FC Köln na lídra ztrácí pouhé"
"1";"cs: čeština";"NMG: publicistika";"LEI: volnočasová publicistika";"X: neuvedeno";"SPO: sport";"slávistického týmu Dušan Uhrin mladší , že šlo o poslední";"posilu před nástupem";"čínského investora , jenž vyhnal ceny odstupného mnohem výš . </s>"
"1";"cs: čeština";"NMG: publicistika";"LEI: volnočasová publicistika";"X: neuvedeno";"SPO: sport";"předtím rozkutálené po kabině , v níž se loučil se";"spoluhráči před návratem";"na Slovensko , ještě nestihly zaschnout . </s><s> „ Bolí ,"
"1";"cs: čeština";"NMG: publicistika";"LEI: volnočasová publicistika";"X: neuvedeno";"INT: zajímavosti ze světa";". </s><s> Aebischer je stopoval na stovkách kilometrů pralesa . </s><s> Čtyři";"týdny před naším";"příjezdem konečně objevil na východním břehu řeky Chinko vysoko v"
"1";"cs: čeština";"NMG: publicistika";"LEI: volnočasová publicistika";"X: neuvedeno";"INT: zajímavosti ze světa";"dredy – stejně jako upřednostňují marlborky před marihuanou a americký";"burger před tradiční";"domácí stravou . </s><s> Chtějí být totiž jako my , běloši"
"1";"cs: čeština";"NMG: publicistika";"LEI: volnočasová publicistika";"X: neuvedeno";"INT: zajímavosti ze světa";"objevily </s><s> nejméně tři skupiny moderních ptáků , které přežily hromadné";"vymírání před 66";"miliony let . </s><s> Vzápětí po této katastrofě se ptáci začali"
"1";"cs: čeština";"NMG: publicistika";"LEI: volnočasová publicistika";"X: neuvedeno";"MIX: společnost";"mnoho místa . </s><s> Také počítejte s přibližně stejně velkým volným";"prostorem před mísou";". </s><s> Pro snadnější úklid vybírejte závěsné systémy . </s><s> ZVĚTŠETE KOUPELNU"
"1";"cs: čeština";"NMG: publicistika";"LEI: volnočasová publicistika";"X: neuvedeno";"MIX: společnost";"maturitě vdala . </s><s> Mamce se moje volba nezdála a ještě";"den před svatbou";"přinesla tátovu urnu a klečela přede mnou , ať si"
"1";"cs: čeština";"NMG: publicistika";"LEI: volnočasová publicistika";"X: neuvedeno";"MIX: společnost";"stovkou lidí hraje píseň , což lze považovat za první";"vystoupení před publikem";"od roku 1966 , kdy The Beatles přestali koncertovat ,"
"1";"cs: čeština";"NMG: publicistika";"LEI: volnočasová publicistika";"X: neuvedeno";"MIX: společnost";"zodpovědná herečka jsem chtěla být přirozeně udýchaná , tak jsem";"se před každým";"záběrem ještě zadýchávala dřepy s výskokem . </s><s> To jsem si"
"1";"cs: čeština";"NMG: publicistika";"LEI: volnočasová publicistika";"X: neuvedeno";"MIX: společnost";"dlouhodobý stres . </s><s> Nakažlivá tato choroba není , avšak nelze";"se před ní";"nijak preventivně chránit . </s><s> Fakt , že u každého pacienta"
"1";"cs: čeština";"NMG: publicistika";"LEI: volnočasová publicistika";"X: neuvedeno";"MIX: společnost";"nebo letadlem , je vhodné oba přípravky aplikovat na celé";"končetiny před cestou";", a pokud je to možné , několikrát opakovat i"
"3";"cs: čeština";"NFC: oborová literatura";"POP: populárně naučná literatura";"FTS: formální a technické vědy";"TEC: technika";"fotografii PO dokončení projektu na adresu . </s><s> Nemáte - li";"fotografii PŘED ,";"alespoň stav popište . </s><s> Jaké projekty můžete přihlásit ? </s><s> Všechny"
