"1";"cs: čeština";"NFC: oborová literatura";"PRO: profesní literatura";"FTS: formální a technické vědy";"ICT: výpočetní technika";"metodě BIM vidí budoucnost . </s><s> Zaujala ho možnost spravovat budovu";"Nadace pomocí Bim";". </s><s> Pointu a od přání k realizaci byl jen krůček"
"1";"cs: čeština";"NMG: publicistika";"LEI: volnočasová publicistika";"X: neuvedeno";"SCT: společenský život";"moci díky vybraným penězům podstoupit léčení ve formě speciálních cílených";"cvičení pomocí CI";"Therapy pro ochrnuté pacienty v lázních Klimkovice . </s><s> To chlapci"
"1";"cs: čeština";"NFC: oborová literatura";"SCI: odborná literatura";"NAT: přírodní vědy";"MED: lékařství";"časného úmrtí do tří a šesti měsíců po zahájení dialyzační";"léčby pomocí REIN";"skóre . </s><s> REIN studie sledovala celkem 24 348 pacientů nad"
"1";"de: němčina";"NFC: oborová literatura";"PRO: profesní literatura";"FTS: formální a technické vědy";"ICT: výpočetní technika";"pomocí ukazatele tohoto typu , nebo se provede přesné umístění";"proměnných pomocí #";"pragma instrukce . </s><s> Union se deklaruje jako no _ init"
"1";"cs: čeština";"NFC: oborová literatura";"POP: populárně naučná literatura";"ITD: interdisciplinární";"ITD: interdisciplinární";": 10 . 1073 / pnas . 1602413113 </s><s> Mapování mozkové";"aktivity pomocí fMRI";"trpí častým výskytem falešně pozitivních výsledků . </s><s> Snímek Jeff Luci"
"1";"cs: čeština";"NFC: oborová literatura";"PRO: profesní literatura";"FTS: formální a technické vědy";"ICT: výpočetní technika";"administrátora . </s><s> Alternativně mohou být pásky nahrazeny konceptem „ rozmrazených";"pásek “ pomocí Big";"Data technologií . </s><s> Popření klasické architektury počítačů </s><s> Aktuální inovací jsou"
"1";"cs: čeština";"NFC: oborová literatura";"POP: populárně naučná literatura";"FTS: formální a technické vědy";"TEC: technika";"PV ) je poměrně jednoduchá výroba s možností zhotovení výrobní";"dokumentace pomocí PC";"softwaru . </s><s> V porovnání s klasickým tesařským krovem se na"
"1";"cs: čeština";"NFC: oborová literatura";"SCI: odborná literatura";"NAT: přírodní vědy";"MED: lékařství";"při bezvědomí při riziku aspirace zabezpečení tzv . „ otevřených";"plic “ pomocí PEEP";"</s><s> Ostatní ventilační režimy </s><s> nově vyvíjené ventilační režimy mají za cíl"
"1";"cs: čeština";"NMG: publicistika";"LEI: volnočasová publicistika";"X: neuvedeno";"SCT: společenský život";"kreslicím předmětem , klidně i prstem . </s><s> Díky zpracování do";"reliéfu pomocí 3D";"tisku mohou nevidomí svá díla » spatřit « pohmatem . </s>"
"1";"cs: čeština";"NFC: oborová literatura";"PRO: profesní literatura";"FTS: formální a technické vědy";"TEC: technika";"různé režimy využití . </s><s> Halu je možné rozdělit na více";"částí pomocí elektricky";"ovládaných rolet . </s><s> Součástí je sportovní vybavení pro školní výuku"
"1";"cs: čeština";"NFC: oborová literatura";"SCI: odborná literatura";"HUM: humanitní vědy";"INF: knihovnictví, informatika";"výrazů : jestliže máme výraz kategorie K a vyjmeme z";"něj pomocí operátoru";"abstrakce výraz kategorie L , potom jako výsledek dostaneme výraz"
"1";"cs: čeština";"NMG: publicistika";"NEW: tradiční publicistika";"X: neuvedeno";"NTW: celostátní tisk";", které by se aspoň blížilo čtyřiceti procentům . </s><s> Dosáhnout";"toho pomocí shora";"stanoveného cut off skóre , se jim ale nejspíš nepodaří"
"1";"cs: čeština";"NFC: oborová literatura";"PRO: profesní literatura";"FTS: formální a technické vědy";"TEC: technika";") do 11 . </s><s> klešťových přístrojů ) , – rezistivita";"půdy pomocí ?";"- adaptéru ( volitelné příslušenství ) , – TRMS unikající"
"1";"cs: čeština";"NFC: oborová literatura";"SCI: odborná literatura";"NAT: přírodní vědy";"BIO: biologie";"desítek metrů . </s><s> Analýza organických a vodných extraktů z lanýže";"zimního pomocí NMR";"metod prokázala v této houbě přítomnost 11 různých volných aminokyselin"
"1";"cs: čeština";"NFC: oborová literatura";"PRO: profesní literatura";"FTS: formální a technické vědy";"ICT: výpočetní technika";"palubních lístků nebo rezervaci konkrétních sedadel . </s><s> Kontrola velikosti příručních";"zavazadel pomocí AR";"využívá průhledný , virtuální kufřík od KLM , který ukazuje"
"1";"cs: čeština";"NFC: oborová literatura";"SCI: odborná literatura";"NAT: přírodní vědy";"MED: lékařství";"studií u pacientů s PN prokázalo lepší efekt u pacientů";"léčených pomocí DBS";"STN spolu s nejlepší možnou farmakoterapií – při srovnání s"
"1";"cs: čeština";"NFC: oborová literatura";"PRO: profesní literatura";"FTS: formální a technické vědy";"TEC: technika";"osvětlení LED , zpracování dat z webové kamery a ovládání";"kol pomocí DC";"motorů se snímači polohy . </s><s> Foxtrot CP - 1972 je"
"1";"de: němčina";"NFC: oborová literatura";"PRO: profesní literatura";"FTS: formální a technické vědy";"ICT: výpočetní technika";"include uchovávané ve vlastním projektu se pak zapojují do zdrojového";"textu pomocí #";"include "" * . h "" . </s><s> Tak je možno"
"1";"cs: čeština";"NFC: oborová literatura";"PRO: profesní literatura";"NAT: přírodní vědy";"GEO: geografie, geologie";"vyžadujících přesné určení výšek , které nevystačí s měřením výškové";"složky pomocí GNSS";". </s><s> V neposlední řadě jsou klasická bodová pole stále využívána"
"1";"cs: čeština";"NFC: oborová literatura";"PRO: profesní literatura";"FTS: formální a technické vědy";"ICT: výpočetní technika";"rychlejší tvorbu obrazů a také podklady pro lepší správu vykreslovacích";"řetězců pomocí USD";"( Universal Scene Description ) . </s><s> Aktualizována byla i rozhraní"
"1";"cs: čeština";"NFC: oborová literatura";"SCI: odborná literatura";"SSC: sociální vědy";"EDU: pedagogika";". </s><s> V českém prostředí byla provedena experimentální studie s využitím";"měření pomocí AG501";"( nejnovější typ artikulografu ) . </s><s> Vyšetřovaná osoba prováděla diadochokinetické"
"1";"de: němčina";"NFC: oborová literatura";"MEM: memoáry, autobiografie";"MEM: memoáry, autobiografie";"MEM: memoáry, autobiografie";"maximum , věřil na tlak . </s><s> Zda bych dosáhla podobné";"úrovně pomocí mnou";"upřednostňovaných metod , nedokážu říct . </s><s> Úspěch dal za pravdu"
"1";"cs: čeština";"NFC: oborová literatura";"POP: populárně naučná literatura";"FTS: formální a technické vědy";"ICT: výpočetní technika";"Vision využívá přenosové učení k natrénování rozpoznávání obrázků během několika";"minut pomocí 30";"až 50 snímků na každou kategorii namísto tisíců , které"
"1";"cs: čeština";"NFC: oborová literatura";"PRO: profesní literatura";"FTS: formální a technické vědy";"TEC: technika";"tak možné nastavovat přímo z kanceláře , namísto dosavadního manuálního";"přenosu pomocí USB";"flash disku . </s><s> Přitom lze zajistit , aby nastavení do"
"1";"cs: čeština";"NFC: oborová literatura";"POP: populárně naučná literatura";"FTS: formální a technické vědy";"ICT: výpočetní technika";"prostřednictvím Facebooku šířit výzva , aby uživatelé zkontrolovali zabezpečení svého";"profilu pomocí „";"tajné funkce “ , a to tak , že do"
"1";"cs: čeština";"NFC: oborová literatura";"PRO: profesní literatura";"FTS: formální a technické vědy";"ICT: výpočetní technika";"opakovaného , tak i jednorázového oběhu dokumentů právě dle struktury";"organizace – pomocí DMS";"eDoCat tak lze naplánovat a prokazatelně kontrolovat seznamování s nepravidelně"
"1";"cs: čeština";"NFC: oborová literatura";"SCI: odborná literatura";"SSC: sociální vědy";"PSY: psychologie";"nedodržování příkazu jezdit na vícepruhových jednosměrných vozovkách vpravo . </s><s> Realizace";"opatření pomocí externální";"cesty : zříkáme se utváření povědomí a sázíme pouze na"
"1";"cs: čeština";"NFC: oborová literatura";"POP: populárně naučná literatura";"FTS: formální a technické vědy";"TEC: technika";"<s> Paní Kristýna s přítelem zadali na pile projekt a zaměstnanci";"pily pomocí 3D";"vizualizace zobrazili model krovu . </s><s> Díky tomu si mohli stavebníci"
"1";"cs: čeština";"NFC: oborová literatura";"PRO: profesní literatura";"FTS: formální a technické vědy";"TEC: technika";"výstavby se za použití tohoto systému podstatně zkrátila . </s><s> MONTÁŽ";"NADJEZDU POMOCÍ ABM";"PREFABRIKOVANÉHO RÁMU NEBO KLENBY </s><s> Pro výstavbu nového nadjezdu , tedy"
"1";"cs: čeština";"NFC: oborová literatura";"SCI: odborná literatura";"NAT: přírodní vědy";"MED: lékařství";"aktuální hodnotu glykémie a její odhadovaný trend . </s><s> Přesnost měření";"glukózy pomocí CGM";"i FGM se výrazně zlepšila a v posledních letech je"
"1";"cs: čeština";"NFC: oborová literatura";"SCI: odborná literatura";"NAT: přírodní vědy";"BIO: biologie";". ; oligolektický na pilátu ; pyl vyškrabává z trubkovitých";"květů pomocí háčkovitě";"ohnutých brv na chodidlech prodloužených předních nohou ; hlava a"
"1";"cs: čeština";"NFC: oborová literatura";"MEM: memoáry, autobiografie";"MEM: memoáry, autobiografie";"MEM: memoáry, autobiografie";"napravit složitá organizace telegrafických štafet a depeší , posílaných během";"cesty pomocí Western";"Union , což dovršuje verneovský ráz našich obchodních cest . </s>"
"1";"cs: čeština";"NFC: oborová literatura";"SCI: odborná literatura";"NAT: přírodní vědy";"CHE: chemie";"a transportují cholesterol směrem do tkání . </s><s> LDL vstupuje do";"buněk pomocí LDL";"receptorů , umístěných na povrchu buněk . </s><s> Je - li"
"1";"cs: čeština";"NFC: oborová literatura";"SCI: odborná literatura";"NAT: přírodní vědy";"MED: lékařství";"v tabulce 7 . </s><s> Tab . 7 . </s><s> Analýza genové";"exprese pomocí DNA";"čipů . </s><s> Analyzované geny se na základě fluorescence rozdělí do"
"1";"cs: čeština";"NFC: oborová literatura";"SCI: odborná literatura";"SSC: sociální vědy";"EDU: pedagogika";"velmi zajímavý nástroj . </s><s> Žáci měli ohodnotit práci školy ,";"učitelů pomocí „";"klasického vysvědčení “ . </s><s> Jako by formulář pro vysvědčení byl"
"1";"cs: čeština";"NFC: oborová literatura";"PRO: profesní literatura";"FTS: formální a technické vědy";"ICT: výpočetní technika";"Gmailu a společně s již ohlášenými pravidly pro podepisování e-mailových";"zpráv pomocí DKIM";"je nové filtrování e-mailů rozhodně přínosem , protože pro uživatele"
"1";"cs: čeština";"NMG: publicistika";"LEI: volnočasová publicistika";"X: neuvedeno";"HOU: bydlení, zahrada, hobby";"garáže za otvor a jsou zabezpečena proti otevření z vnější";"strany pomocí protizdvihových";"bezpečnostních pružin . </s><s> Výklopná vrata mají své místo u řadových"
"1";"cs: čeština";"NFC: oborová literatura";"PRO: profesní literatura";"FTS: formální a technické vědy";"TEC: technika";"komplexní programy na obrábění převodů , a to zadáním dat";"převodů pomocí uživatelsky";"přívětivého dialogu na CNC , což ještě více zkracuje čas"
"1";"en: angličtina";"NFC: oborová literatura";"POP: populárně naučná literatura";"NAT: přírodní vědy";"PHY: fyzika";"uveden Garnavich . </s><s> Došli v něm na základě vlastních pozorování";"supernov pomocí HST";"k závěru , že „ hmoty nemusí být dost na"
"1";"cs: čeština";"NFC: oborová literatura";"SCI: odborná literatura";"NAT: přírodní vědy";"MED: lékařství";"spotřeby kyslíku ve tkáních diferenciální diagnostika kardiálního a nekardiálního plicního";"edému pomocí PCWP";"diagnostika a hodnocení závažnosti plicní hypertenze </s><s> nevýhody Swan - Ganzova"
"1";"cs: čeština";"NFC: oborová literatura";"POP: populárně naučná literatura";"SSC: sociální vědy";"SOC: sociologie";"organizací – pomysleme jen na včelí komunikaci o objevených zdrojích";"potravy pomocí tzv";". „ včelích tanců “ . </s><s> A co teprve produkce"
"1";"cs: čeština";"NFC: oborová literatura";"POP: populárně naučná literatura";"ITD: interdisciplinární";"ITD: interdisciplinární";"“ Neu5Gc , na rozdíl od geneticky nejpodobnějšího šimpanze ,";"oslazeného pomocí Neu5Gc";"skrz na skrz . </s><s> To by nebyla žádná velká tragédie"
"1";"cs: čeština";"NFC: oborová literatura";"PRO: profesní literatura";"FTS: formální a technické vědy";"ICT: výpočetní technika";"co nejlepší možné kolo . </s><s> Strukturální zlepšení konstrukce a aerodynamického";"výkonu pomocí Altair";"HyperWorks v tomto projektu značně zefektivnilo proces vývoje produktu ."
"1";"cs: čeština";"NFC: oborová literatura";"POP: populárně naučná literatura";"FTS: formální a technické vědy";"ICT: výpočetní technika";"nebo alternativně vyberte přechod . </s><s> Poté už jen potvrďte použití";"filtru pomocí »";"Budiž « . </s><s> 26 OBJEKTIVY Správný postup čištění špinavých nebo"
"1";"cs: čeština";"NFC: oborová literatura";"POP: populárně naučná literatura";"ITD: interdisciplinární";"ITD: interdisciplinární";"archeální konjugaci . </s><s> Jejím účelem je zřejmě oprava poškození genetické";"informace pomocí již";"zmíněné homologní rekombinace . </s><s> Za zhoršených podmínek se jedinci daného"
"1";"de: němčina";"NFC: oborová literatura";"SCI: odborná literatura";"HUM: humanitní vědy";"LAN: filologie";"síla osobních zájmen se uplatňuje i u místních a časových";"výrazů : pomocí zde";"a tam členíme prostor , pomocí včera a dnes čas"
"1";"cs: čeština";"NFC: oborová literatura";"SCI: odborná literatura";"SSC: sociální vědy";"EDU: pedagogika";". </s><s> Toto nízkofrekvenční elektromagnetické pole je využito k zaznamenávání pohybů";"mluvidel pomocí až";"16 senzorů přilepených na artikulačních orgánech ( Henriques , van"
"1";"cs: čeština";"NFC: oborová literatura";"SCI: odborná literatura";"NAT: přírodní vědy";"MED: lékařství";"kognitivních dysfunkcí s mozkem je užití morfologického ( strukturálního )";"zobrazení pomocí MRI";". </s><s> Typickým morfologickým nálezem u RS jsou demyelinizační ložiska v"
"1";"cs: čeština";"NMG: publicistika";"NEW: tradiční publicistika";"X: neuvedeno";"NTW: celostátní tisk";"ukáže možnosti úspor například u veřejného osvětlení a osvětlení městských";"budov pomocí LED";"technologií . </s><s> Lampy na ulicích by se navíc mohly stát"
"1";"cs: čeština";"NFC: oborová literatura";"POP: populárně naučná literatura";"FTS: formální a technické vědy";"TEC: technika";"Volume na polovinu , výdrž se zdvojnásobí . </s><s> Dobíjení ze";"sítě pomocí USB";"zabere zhruba dvě hodiny . </s><s> S přehrávačem se připojí prostřednictvím"
"1";"cs: čeština";"NFC: oborová literatura";"POP: populárně naučná literatura";"ITD: interdisciplinární";"ITD: interdisciplinární";"ekologii bezobratlých , především motýlů a pavouků . </s><s> Editace genomů";"rostlin pomocí CRI";"SPR / Cas9 </s><s> V dubnu 2016 vydalo ministerstvo zemědělství USA"
"1";"cs: čeština";"NFC: oborová literatura";"SCI: odborná literatura";"NAT: přírodní vědy";"MED: lékařství";"DIABETU </s><s> Z klinických studií víme , že zahájení a vedení";"selfmonitoringu pomocí rt";"- CGM u pacientů léčených inzulinovou pumpou nebo inzulinovými pery"
"1";"cs: čeština";"NFC: oborová literatura";"SCI: odborná literatura";"NAT: přírodní vědy";"MED: lékařství";"<s> Tyto operace umožní fixaci vrcholu pochvy nebo dělohy ke kosti";"křížové pomocí imlantátů";"a stehů přes přední křížové vazy ( presakrální fascie )"
"1";"en: angličtina";"NFC: oborová literatura";"POP: populárně naučná literatura";"NAT: přírodní vědy";"PHY: fyzika";"( neboli makrostav ) , která je hrubým náčrtem stavu";"systému pomocí jen";"několika proměnných , jako je tlak nebo teplota plynu . </s>"
"1";"cs: čeština";"NFC: oborová literatura";"SCI: odborná literatura";"SSC: sociální vědy";"SOC: sociologie";"postupují při tom tak , že zdůrazňují heuristické aspekty empirické";"analýzy pomocí obsahově";"bohatých pojmů . </s><s> Výzkumník musí vidět svět , který zkoumá"
"1";"cs: čeština";"NMG: publicistika";"LEI: volnočasová publicistika";"X: neuvedeno";"LIF: životní styl";"třeba přistoupit k ambulantnímu monitorování krevního tlaku po dobu 24";"hodin pomocí tzv";". tlakového holtru . </s><s> Jde o malý digitální tlakoměr ,"
"1";"cs: čeština";"NMG: publicistika";"NEW: tradiční publicistika";"X: neuvedeno";"NTW: celostátní tisk";". </s><s> Výsledky akce Neptun pomohly rozpoutat kampaň proti promlčení válečných";"zločinů , pomocí „";"náhodně objevených “ válečných dokumentů ovlivnily západoněmecké veřejné mínění i"
"1";"cs: čeština";"NFC: oborová literatura";"PRO: profesní literatura";"NAT: přírodní vědy";"MED: lékařství";"s onkology v USA , kteří mluvili o vhodnosti doplňkové";"léčby pomocí TCM";", snaha o vytvoření kliniky TCM v Hradci , což"
"1";"cs: čeština";"NFC: oborová literatura";"POP: populárně naučná literatura";"FTS: formální a technické vědy";"TEC: technika";"auto napadené . </s><s> Možná zde hrají roli také obavy z";"hackování pomocí „";"napíchnutých komponentů “ vyráběných mimo domácí továrny . </s><s> Ovšem nejde"
"1";"cs: čeština";"NFC: oborová literatura";"PRO: profesní literatura";"SSC: sociální vědy";"ECO: ekonomie, obchod, logistika";"logistiky automobilky . </s><s> Vedle toho společnost plánuje i testování vychystávání";"dílů pomocí tzv";". rozšířené reality . </s><s> K řadě velkých světových firem jako"
"1";"de: němčina";"NFC: oborová literatura";"PRO: profesní literatura";"FTS: formální a technické vědy";"ICT: výpočetní technika";"<s> · Pro registry ukazatelů Y a Z je možná indexace";"polí pomocí 6";"bitové relativní adresy ( displacement ) . </s><s> · Všechny registry"
"1";"en: angličtina";"NFC: oborová literatura";"POP: populárně naučná literatura";"FTS: formální a technické vědy";"MAT: matematika";"<s> Pravidlo 37 % v 63 % případů selže . </s><s> Správa";"mezipaměti pomocí LRU";"vám nezaručí , že vždy najdete to , co hledáte"
"1";"cs: čeština";"NFC: oborová literatura";"SCI: odborná literatura";"NAT: přírodní vědy";"PHY: fyzika";"j - ( z ) - posunu nebo pohybem excitačního";"bodu pomocí";"</s><s> Obr . 9 . 5 . </s><s> Uspořádání konfokálního mikroskopu se"
"1";"cs: čeština";"NFC: oborová literatura";"PRO: profesní literatura";"FTS: formální a technické vědy";"TEC: technika";"inovace , první projekty s CAx , plánování a řízení";"výroby pomocí MES";"a ERP , simulaci a předběžné výpočty pomocí virtuální reality"
"1";"cs: čeština";"NFC: oborová literatura";"PRO: profesní literatura";"SSC: sociální vědy";"ECO: ekonomie, obchod, logistika";"vagony vybaveny technologiemi jako monitorování plomby ložného prostoru , identifikace";"vozidel pomocí RFID";", monitorování teploty v ložném prostoru a polohy vozu na"
"1";"cs: čeština";"NFC: oborová literatura";"POP: populárně naučná literatura";"ITD: interdisciplinární";"ITD: interdisciplinární";"<s> Takže jako doktorand jsem se už věnoval výzkumu struktury siloxanových";"materiálů pomocí NMR";"spektroskopie pevného stavu . </s><s> Restaurování vám nechybí ? </s><s> — Nechybí"
"1";"cs: čeština";"NFC: oborová literatura";"PRO: profesní literatura";"NAT: přírodní vědy";"BIO: biologie";"přírodě se tento druh živí planktonem , který filtruje z";"vody pomocí speciálně";"uzpůsobených žaber . </s><s> Další důležitou složkou potravy jsou řasy ,"
"1";"cs: čeština";"NFC: oborová literatura";"PRO: profesní literatura";"FTS: formální a technické vědy";"TEC: technika";", o která je zájem , patří např . digitalizace";"výstavby pomocí BIM";", rozvoj certifikačních systémů např . WELL ( zaměřený na"
"1";"cs: čeština";"NFC: oborová literatura";"PRO: profesní literatura";"FTS: formální a technické vědy";"ICT: výpočetní technika";". </s><s> DMS systém eDoCat podporuje i efektivní odkazování z jiných";"systémů pomocí tzv";". </s><s> trvalých linků na dokumenty včetně zajištění nasměrování na aktuálně"
"1";"en: angličtina";"FIC: beletrie";"NOV: próza";"X: neuvedeno";"X: neuvedeno";", aby se z místností vyhnala vlhkost . </s><s> Popis šíření";"tepla pomocí důmyslně";"rozvedených komínů a kouřovodů ji natolik zaujal , že nevnímala"
"1";"cs: čeština";"NFC: oborová literatura";"SCI: odborná literatura";"NAT: přírodní vědy";"MED: lékařství";"a bezpečné terapie : </s><s> průběžné kontroly koagulace krve z dialyzačního";"setu pomocí ACT";"( activated coagulation time ) co 1 – 2 hodiny"
"1";"cs: čeština";"NFC: oborová literatura";"SCI: odborná literatura";"NAT: přírodní vědy";"MED: lékařství";"povrchní ( Intimita ) . </s><s> Z hlediska osobnostních rysů ,";"měřených pomocí PID";"- 5 , vystihovala pacientku zejména oblast Negativní afektivita a"
"1";"cs: čeština";"NFC: oborová literatura";"SCI: odborná literatura";"SSC: sociální vědy";"EDU: pedagogika";"lidověji řečeno „ pravidla tří “ . </s><s> Jde o získávání";"dat pomocí nejméně";"tří metod v různých časových odstupech od tří skupin různých"
"1";"cs: čeština";"NFC: oborová literatura";"PRO: profesní literatura";"FTS: formální a technické vědy";"TEC: technika";"už sycená , studená nebo horká – pitná voda podle";"potřeby pomocí RE";". </s><s> SOURCE </s><s> Přestože je voda z vodovodu zdravotně zcela nezávadná"
"1";"cs: čeština";"NFC: oborová literatura";"SCI: odborná literatura";"FTS: formální a technické vědy";"ICT: výpočetní technika";"libovolně přiblížit . </s><s> Zásadní předností metody směsí je možnost optimalizace";"parametrů pomocí EM";"algoritmu . </s><s> Princip návrhu PNS vychází z korespondence mezi komponentami"
"1";"en: angličtina";"NFC: oborová literatura";"POP: populárně naučná literatura";"SSC: sociální vědy";"ECO: ekonomie, obchod, logistika";"<s> Většina kapitalistických vlád plánuje a ovlivňuje budoucnost některých klíčových průmyslových";"odvětví pomocí „";"sektorové průmyslové politiky “ . </s><s> Evropské a východoasijské země ,"
"1";"cs: čeština";"NFC: oborová literatura";"PRO: profesní literatura";"FTS: formální a technické vědy";"ICT: výpočetní technika";"a pravosti výrobků . </s><s> Tamda Foods zrychlila příjem zboží do";"skladu pomocí EDI";"</s><s> Potravinářský a drogistický velkoobchod Tamda Foods se stal dalším tuzemským"
"1";"cs: čeština";"NFC: oborová literatura";"POP: populárně naučná literatura";"FTS: formální a technické vědy";"ICT: výpočetní technika";". </s><s> Měření srdečního tepu Nové biometrické technologie využívají i sledování";"tepu pomocí EKG";". </s><s> Tato metoda umožňuje prostřednictvím řady měření bezpečně odlišit uživatele"
"1";"cs: čeština";"NMG: publicistika";"NEW: tradiční publicistika";"X: neuvedeno";"REG: regionální tisk";"fakulty Univerzity Karlovy . </s><s> Právě v tomto ústavu bude z";"lebky pomocí CT";"a 2D a 3D modelu pak na tiskárně vymodelována výsledná"
"1";"en: angličtina";"NFC: oborová literatura";"POP: populárně naučná literatura";"NAT: přírodní vědy";"PHY: fyzika";"téhož roku . </s><s> Tou dobou už dokončovali analýzu dvou supernov";"pozorovaných pomocí HST";". </s><s> Vzhledem k tomu , že fotometrie pořízená Hubbleovým dalekohledem"
"1";"cs: čeština";"NFC: oborová literatura";"PRO: profesní literatura";"FTS: formální a technické vědy";"ICT: výpočetní technika";"na základě podkladů Komory logistických auditorů . </s><s> Řízení dodávek investičních";"celků pomocí TOC";"</s><s> Obvykle se říká , že ve výrobní firmě všechny chyby"
"1";"en: angličtina";"FIC: beletrie";"NOV: próza";"X: neuvedeno";"X: neuvedeno";"Našli jste ho ? “ </s><s> Zavrtěl hlavou . </s><s> „ Ze";"sledování pomocí GPS";"nic nevzešlo a triangulace ukázala , že se naposledy používal"
"1";"cs: čeština";"NFC: oborová literatura";"SCI: odborná literatura";"NAT: přírodní vědy";"MED: lékařství";"ploténky do páteřního kanálu . </s><s> Zásadní je co nejčasnější potvrzení";"diagnózy pomocí MR";"nebo CT a urgentní příprava pacienta k operaci . </s><s> Jedině"
"1";"cs: čeština";"NFC: oborová literatura";"PRO: profesní literatura";"FTS: formální a technické vědy";"ICT: výpočetní technika";"přípoje . </s><s> Tímto postupem bylo získáno obrovské množství dat ,";"zpracovaných pomocí FEM";"analýzy . </s><s> Následně tak bylo možné určit , jestli je"
"1";"en: angličtina";"NFC: oborová literatura";"POP: populárně naučná literatura";"NAT: přírodní vědy";"PHY: fyzika";"Suntzeffův kód napsaný pro analýzu snímků SN 1986 G ,";"získaných pomocí CCD";"kamery , a na základě testovacích „ dat “ dostal"
"1";"cs: čeština";"NFC: oborová literatura";"PRO: profesní literatura";"NAT: přírodní vědy";"BIO: biologie";"čeledi pancéřníčkovitých ( Callichthyidae ) u rodu Corydoras . </s><s> Označování";"krunýřovců pomocí tzv";". L - čísel časově předcházelo zavedení obdobného systému C"
"1";"cs: čeština";"NFC: oborová literatura";"SCI: odborná literatura";"FTS: formální a technické vědy";"TEC: technika";"Model Language ( SensorML ) je rámec pro popis vlastností";"senzoru pomocí Extensible";"Markup Language ( XML ) . </s><s> Rozsah SensorML zahrnuje všechny"
"1";"cs: čeština";"NFC: oborová literatura";"SCI: odborná literatura";"FTS: formální a technické vědy";"TEC: technika";"období zimy . </s><s> Síť sleduje tyto fyzikální jevy : </s><s> zakalení";"vody pomocí podomácku";"vyrobeného snímač zakalení , </s><s> teplotu vody a vzduchu a relativní"
"1";"cs: čeština";"NFC: oborová literatura";"POP: populárně naučná literatura";"FTS: formální a technické vědy";"ICT: výpočetní technika";"určenou věc , jsou u každého člověka jedinečné . </s><s> Metoda";"autentifikace pomocí EEG";"ale bude v běžném životě proveditelná až v řádu několika"
"1";"cs: čeština";"NMG: publicistika";"NEW: tradiční publicistika";"X: neuvedeno";"NTW: celostátní tisk";"“ říká Miroslav Hlaváč . </s><s> „ Pracovali jsme metodou agilního";"vývoje pomocí Unicorn";"Application Framework , který podporuje moderní technologie a postupy pro"
"1";"cs: čeština";"NFC: oborová literatura";"SCI: odborná literatura";"NAT: přírodní vědy";"MED: lékařství";"se zabývají pouze specializovaná centra . </s><s> Je to kompenzace sluchové";"vady pomocí tzv";". kochleárního implantátu . </s><s> Tato metoda je využitelná u pacientů"
"1";"cs: čeština";"NFC: oborová literatura";"PRO: profesní literatura";"FTS: formální a technické vědy";"ICT: výpočetní technika";"systém mySTOCK WMS už od roku 2014 . </s><s> Řízení skladových";"procesů pomocí mySTOCK";"WMS zde úspěšně probíhá kromě expedičního skladu i ve skladu"
"1";"cs: čeština";"NFC: oborová literatura";"SCI: odborná literatura";"NAT: přírodní vědy";"MED: lékařství";"funkční omezení jen 32 % nemocných . </s><s> Při hodnocení stupně";"bolesti pomocí VAS";"skóre ( Visual Analogue Scale ) byly statistické rozdíly jen"
"1";"cs: čeština";"NFC: oborová literatura";"PRO: profesní literatura";"FTS: formální a technické vědy";"ICT: výpočetní technika";"o automatický sběr dat ze vstřikolisů včetně podpory finálního plánování";"výroby pomocí DCIxPPS";". </s><s> JIC nasadí Microsoft Dynamics CRM </s><s> Brněnská společnost CCV Informační"
"1";"cs: čeština";"NFC: oborová literatura";"PRO: profesní literatura";"FTS: formální a technické vědy";"ICT: výpočetní technika";"jde jen o jednu vrstvu atomů uspořádaných do tvaru šestiúhelníků";"spojených pomocí sp";". vazeb ) . </s><s> Grafen kromě elektrické vodivosti také propouští"
"1";"cs: čeština";"NFC: oborová literatura";"PRO: profesní literatura";"FTS: formální a technické vědy";"TEC: technika";". </s><s> Z výsledků setření je patrné , že pečlivé provedení";"zateplení pomocí EPS";"nezpůsobilo rozšíření požáru a zabránilo tím zvýšení počtu obětí ("
"1";"cs: čeština";"NFC: oborová literatura";"SCI: odborná literatura";"NAT: přírodní vědy";"PHY: fyzika";"transparentní matrici , </s><s> zatímco ( b ) popisuje optickou excitaci";"centra pomocí mezipásové";"absorpce v hostitelském </s><s> S růstem síly elektron - fononové interakce"
"1";"cs: čeština";"NFC: oborová literatura";"SCI: odborná literatura";"NAT: přírodní vědy";"MED: lékařství";"trubici . </s><s> Zadní stěna je v horní čtvrtině oddělena od";"rekta pomocí excavatio";"rectouterina ; střední dvě čtvrtiny jsou odděleny pomocí septum rectovaginale"
"1";"cs: čeština";"NFC: oborová literatura";"PRO: profesní literatura";"FTS: formální a technické vědy";"ICT: výpočetní technika";"vyšší stabilitu a zjednodušenou správu sítě při současné optimalizaci síťového";"zabezpečení pomocí NAC";". </s><s> „ Virtualizační řešení společnosti Avaya přineslo tolik potřebnou stabilitu"
"1";"en: angličtina";"NFC: oborová literatura";"POP: populárně naučná literatura";"NAT: přírodní vědy";"PHY: fyzika";"žádná volnost , vše by se dalo odvodit ze základních";"principů pomocí dobře";"stanovaných formálních pravidel . </s><s> Matematické pravdy měly být skutečnými pravdami"
"1";"cs: čeština";"NFC: oborová literatura";"PRO: profesní literatura";"FTS: formální a technické vědy";"ICT: výpočetní technika";"vyhodnocování a využití svých datových základen , např . formou";"vyhodnocování pomocí OLAP";"nástrojů a grafických výstupů . </s><s> Tuto poptávku jsme schopni uspokojit"
"1";"cs: čeština";"NFC: oborová literatura";"SCI: odborná literatura";"FTS: formální a technické vědy";"ICT: výpočetní technika";". </s><s> Důležitým předpokladem aplikovatelnosti metody směsí je možnost efektivní optimalizace";"parametrů pomocí EM";"algoritmu . </s><s> Popis iteračních rovnic uvedený v předchozím oddílu ("
"1";"cs: čeština";"NFC: oborová literatura";"PRO: profesní literatura";"NAT: přírodní vědy";"AGR: zemědělství, chovatelství";"s ním chce pracovat Poté jen levou rukou zvolí směr";"jízdy pomocí reverzom";"pod volantem a sešlápne pojezdový pedál . </s><s> Traktor se rozjede"
"1";"cs: čeština";"NFC: oborová literatura";"POP: populárně naučná literatura";"ITD: interdisciplinární";"ITD: interdisciplinární";"vyhodnocování vnitřního stavu organismu . </s><s> Interocepce – vnímání vnitřního prostředí";"organismu pomocí např";". baroreceptorů ( změny tlaku krve ) , chemoreceptorů ("
"1";"cs: čeština";"NFC: oborová literatura";"PRO: profesní literatura";"NAT: přírodní vědy";"AGR: zemědělství, chovatelství";"až 38 % . </s><s> Kvalitu dusání lze kontrolovat v průběhu";"procesu pomocí penetrometru";". </s><s> Doporučil zadusat 10 až 15 cm hmoty a jednou"
"1";"cs: čeština";"NFC: oborová literatura";"POP: populárně naučná literatura";"ITD: interdisciplinární";"ITD: interdisciplinární";"předchozího textu je zřejmé , že vypovídací hodnotu metody pachové";"identifikace pomocí speciálně";"cvičených psů lze výrazně zvýšit jednak změnou prováděcích předpisů ,"
"1";"en: angličtina";"NFC: oborová literatura";"POP: populárně naučná literatura";"HUM: humanitní vědy";"HIS: historie, biografie";", což očividně znamená opětovné vybudování Chrámu a obnovu židovské";"suverenity pomocí „";"trůnu Davidova “ . </s><s> Při poděkování po jídle se vžila"
"1";"cs: čeština";"NFC: oborová literatura";"SCI: odborná literatura";"HUM: humanitní vědy";"PHI: filozofie, náboženství";"a k odtajnění výzkumů mírového využití jaderné energie a termonukleární";"reakce pomocí tzv";". tokamaků . </s><s> V r . 1965 však Sacharov ukončil"
"1";"cs: čeština";"NFC: oborová literatura";"PRO: profesní literatura";"NAT: přírodní vědy";"AGR: zemědělství, chovatelství";", zavádí Case IH také u Quadtracu hned několik balíčků";"osvětlení pomocí LED";"světlometů . </s><s> Zákazníci tento krok určitě uvítají , protože práce"
"1";"cs: čeština";"NFC: oborová literatura";"POP: populárně naučná literatura";"FTS: formální a technické vědy";"ICT: výpočetní technika";"zhubnout . </s><s> Otevřete fotografii ve Photoshopu a vytvořte kopii vrstvy";"pozadí pomocí [";"Ctrl ] + [ J ] . </s><s> V nové vrstvě"
"1";"cs: čeština";"NFC: oborová literatura";"SCI: odborná literatura";"HUM: humanitní vědy";"PHI: filozofie, náboženství";". </s><s> Je třeba zdůraznit , že snahy vylepšit funkce imunitního";"systému pomocí výše";"uvedených zásahů ( omezování stresových vlivů , potravní doplňky )"
"1";"cs: čeština";"NFC: oborová literatura";"SCI: odborná literatura";"NAT: přírodní vědy";"BIO: biologie";"i péče jsou hodnoceny na základě jednoznačných a snadno hodnotitelných";"kritérií pomocí verbálně";"numerické stupnice . </s><s> Zavedení kvantitativních multiplikátorů pro stanovení váhy kritérií"
"1";"cs: čeština";"NFC: oborová literatura";"SCI: odborná literatura";"FTS: formální a technické vědy";"ICT: výpočetní technika";"<s> Například u genetických algoritmů se provádí tvorba nových řešení -";"potomků pomocí tzv";". křížení na základě kvality rodičů , což může vést"
"1";"cs: čeština";"NFC: oborová literatura";"POP: populárně naučná literatura";"FTS: formální a technické vědy";"ICT: výpočetní technika";"čeká utilita QuickMemo + na poznámky , software pro ovládání";"televize pomocí IrDA";"portu na horní straně a obchod SmartWorld , který toho"
"1";"cs: čeština";"NFC: oborová literatura";"SCI: odborná literatura";"NAT: přírodní vědy";"MED: lékařství";"či komorové tachykardie bez hmatného pulsu , monitorování elektrické činnosti";"srdce pomocí EKG";", podání léků a infúzních roztoků . </s><s> Tyto výkony musí"
"1";"cs: čeština";"NFC: oborová literatura";"PRO: profesní literatura";"FTS: formální a technické vědy";"ICT: výpočetní technika";"kroku s rychlostí inovací Opravdoví průkopníci mezi digitálními podniky dosahují";"úspěchu pomocí tzv";". dev - ops přístupu , který umožňuje inovovat podnikovou"
"1";"cs: čeština";"NFC: oborová literatura";"PRO: profesní literatura";"NAT: přírodní vědy";"AGR: zemědělství, chovatelství";"nabízí řadu inteligentních řešení , včetně možnosti komfortního ovládání přípojných";"strojů pomocí ISOBUS";"</s><s> Traktory řady 900 Vario S4 se od svých předchůdců na"
"1";"en: angličtina";"NFC: oborová literatura";"POP: populárně naučná literatura";"NAT: přírodní vědy";"AGR: zemědělství, chovatelství";"nemáme žádný vědecký důkaz na podporu teorie , že výcvik";"psů pomocí klikrů";"urychluje učení . 45 </s><s> Klikry nějaký smysl mají , ale"
"1";"cs: čeština";"NFC: oborová literatura";"POP: populárně naučná literatura";"ITD: interdisciplinární";"ITD: interdisciplinární";"vytvořena kolem Hornsundské zátoky síť bodů pro měření pohybů zemského";"povrchu pomocí GNSS";"( GPS ) . </s><s> Tím byla vytvořena unikátní síť systematického"
"1";"cs: čeština";"NFC: oborová literatura";"POP: populárně naučná literatura";"FTS: formální a technické vědy";"ICT: výpočetní technika";"pomocí analýzy bioelektrické impedance ) , množství kosterního trické i";"svalstva ( pomocí fotoplehtysmografie";") , s srdeční frekvence a rytmu měřením fi EKG"
"1";"cs: čeština";"NFC: oborová literatura";"SCI: odborná literatura";"FTS: formální a technické vědy";"ICT: výpočetní technika";"souřadnicové funkce ve tvaru logaritmu . </s><s> 9 . 5 Optimalizace";"parametrů pomocí EM";"algoritmu </s><s> Návrh vícevrstvých vzestupných ( feedforward ) neuronových sítí lze"
"1";"en: angličtina";"NFC: oborová literatura";"MEM: memoáry, autobiografie";"MEM: memoáry, autobiografie";"MEM: memoáry, autobiografie";"spolupráci na novém projektu své firmy – rozesílání informací z";"webu pomocí SMS";"na mobilní telefony v Indii . </s><s> Jenže Spiegel už měl"
"1";"cs: čeština";"NFC: oborová literatura";"PRO: profesní literatura";"FTS: formální a technické vědy";"TEC: technika";"FCHT UP aplikace vodivých polymerů v oblasti povrchové ochrany kovových";"materiálů pomocí zinkem";"pigmentovaných nátěrů vyplývá , že jako nejodolnější lze označit nátěry"
"1";"cs: čeština";"NFC: oborová literatura";"POP: populárně naučná literatura";"FTS: formální a technické vědy";"ICT: výpočetní technika";"na datech jen minimální . </s><s> Vedle zálohování fyzických a virtuálních";"počítačů pomocí Active";"Backup for Business nabízí Synology v rámci Active Backup Suite"
"1";"cs: čeština";"NFC: oborová literatura";"PRO: profesní literatura";"FTS: formální a technické vědy";"ICT: výpočetní technika";"takový prvek vůbec nehodil . </s><s> Je samozřejmé , že výhody";"řešení pomocí ActiveX";"prvku se dvěma okny jsou vykoupeny jistým snížením výkonu a"
"1";"cs: čeština";"NFC: oborová literatura";"PRO: profesní literatura";"NAT: přírodní vědy";"MED: lékařství";"posunulo naše možnosti diagnostiky lymfomů a nahradilo ve většině případů";"vyšetření pomocí samotným";"PET a CT . </s><s> Dosavadně užívaná trepanobiopsie má nevýhodu v"
"1";"cs: čeština";"NFC: oborová literatura";"POP: populárně naučná literatura";"FTS: formální a technické vědy";"ICT: výpočetní technika";"dat na médium . • Nesnažte se o laickou obnovu";"dat pomocí běžně";"dostupného ( bezplatného ) softwaru . • S médiem dál"
"1";"cs: čeština";"NFC: oborová literatura";"SCI: odborná literatura";"NAT: přírodní vědy";"CHE: chemie";"a II a zahřejte . </s><s> Se vzniklou sraženinou proveďte důkaz";"bílkovin pomocí biuretové";"reakce . </s><s> Přidejte ke sraženině 1 ml roztoku hydroxidu sodného"
"1";"cs: čeština";"NFC: oborová literatura";"POP: populárně naučná literatura";"FTS: formální a technické vědy";"ICT: výpočetní technika";"způsobem úniku informací jsou e - mailová komunikace , vynášení";"informací pomocí USB";"disků či využívání firemních tiskáren ke zkopírování textů . </s><s> Zaměstnavatel"
"1";"cs: čeština";"NMG: publicistika";"LEI: volnočasová publicistika";"X: neuvedeno";"MIX: společnost";"získal za to , že s týmem vyvinul metodu třídění";"chromozomů pomocí tzv";". průtokové cytometrie . </s><s> To umožnilo přečíst genom pšenice . </s>"
"1";"cs: čeština";"NFC: oborová literatura";"SCI: odborná literatura";"NAT: přírodní vědy";"CHE: chemie";"se zlepšuje flotační schopnost . </s><s> Při fyzikální adsorpci nepolární uhlovodíkové";"sloučeniny pomocí Van";"der Waalsovy síly adsorbovaná vrstva molekul dosáhne při dané koncentraci"
"1";"cs: čeština";"NFC: oborová literatura";"SCI: odborná literatura";"FTS: formální a technické vědy";"ICT: výpočetní technika";", A implikuje B , pravidla či přesněji fuzzy relace";"definované pomocí t";"- norem představují neorientovanou vazbu mezi fuzzy množinami , """
"1";"cs: čeština";"NFC: oborová literatura";"PRO: profesní literatura";"FTS: formální a technické vědy";"ICT: výpočetní technika";"cyklu dokumentu a dochází k propojování souvisejících dokumentů . </s><s> Automatizace";"procesů pomocí workflow";"umožňují manažerům soustředit se na rozvoj a růst společnosti . </s>"
"1";"cs: čeština";"NFC: oborová literatura";"PRO: profesní literatura";"FTS: formální a technické vědy";"ICT: výpočetní technika";"uměleckého zpracování interiéru v podobě ruční kresby či virtuálního průchodu";"místností pomocí 3D";"kamery . </s><s> Naprosto nezbytným nástrojem pro zaujetí zákazníka a jeho"
"1";"cs: čeština";"NFC: oborová literatura";"SCI: odborná literatura";"NAT: přírodní vědy";"MED: lékařství";"79 ] . </s><s> Obdobných výsledků u odhalení traumatické nestability krční";"páteře pomocí MR";"dosáhli Horn et al . [ 59 ] . </s><s> V"
"1";"cs: čeština";"NFC: oborová literatura";"PRO: profesní literatura";"FTS: formální a technické vědy";"ICT: výpočetní technika";"hlavního okna : </s><s> V kódu vidíme příklad předání vlastního parametru";"dialogu pomocí 2";". parametru funkce DoModal . </s><s> Uvedenou hodnotu obdrží dialog jako"
"1";"cs: čeština";"NFC: oborová literatura";"POP: populárně naučná literatura";"SSC: sociální vědy";"REC: sport, rekreace, hobby";"jinými prostředky , výborně se k tomu hodí tradiční způsob";"zvláčňování pomocí v";"mléce namočeného pečiva . </s><s> Tady už šetříte dvakrát , protože"
"1";"cs: čeština";"NFC: oborová literatura";"PRO: profesní literatura";"NAT: přírodní vědy";"BIO: biologie";"samice . </s><s> Zárodky jsou v těle samičky vyživovány z jejího";"organismu pomocí tzv";". trofoténií , provazcovitých útvarů spojujících embryo se stěnou dutiny"
"1";"cs: čeština";"NFC: oborová literatura";"SCI: odborná literatura";"NAT: přírodní vědy";"MED: lékařství";"Symptomatic Carotid Stenosis ) pak prokázala snížení počtu asymptomatických mikroembolů";"detekovaných pomocí TCD";"u pacientů s recentní ischemickou CMP a stenózou vnitřní karotidy"
"1";"cs: čeština";"NMG: publicistika";"NEW: tradiční publicistika";"X: neuvedeno";"REG: regionální tisk";"do 10 . října , hlasovat lze on-line na stránkách";"soutěže , pomocí SMS";"nebo poštou na vyplněné formuláře , které lze stáhnout na"
"1";"cs: čeština";"NFC: oborová literatura";"SCI: odborná literatura";"HUM: humanitní vědy";"LAN: filologie";", i když ne zcela jednoznačným příkladem je též vyjadřování";"záporu pomocí ne";"umístěného na konci věty v případech , kde by v"
"1";"cs: čeština";"NFC: oborová literatura";"PRO: profesní literatura";"FTS: formální a technické vědy";"TEC: technika";"je výhodnější využít místní osvětlovací pult a jít variantou živého";"ovládání pomocí submasterů";". </s><s> Do jednotlivých submasterů se naprogramují jednotlivá světla nebo skupiny"
"1";"en: angličtina";"NFC: oborová literatura";"POP: populárně naučná literatura";"FTS: formální a technické vědy";"MAT: matematika";"vytvoříme dva nové speciální trojúhelníky , lze z každého z";"nich pomocí již";"popsaného půlení úhlů při základně vytvořit dva další . </s><s> Výslednou"
"1";"cs: čeština";"NFC: oborová literatura";"SCI: odborná literatura";"NAT: přírodní vědy";"PHY: fyzika";"jednotkách MW / cm2 ) , ( b ) zobrazení";"drátku pomocí CCD";"kamery a ( c ) celkový výstupní výkon v závislosti"
"1";"cs: čeština";"NFC: oborová literatura";"PRO: profesní literatura";"FTS: formální a technické vědy";"TEC: technika";"souřadnice bodu N jsou klíčem veřejným . </s><s> Příklad výměny symetrického";"klíče pomocí ECDHE";"mezi Alicí a Bobem je zachycen na obr . 5"
"1";"cs: čeština";"NFC: oborová literatura";"SCI: odborná literatura";"HUM: humanitní vědy";"MUS: hudba";"nerezignoval ani na nejjednodušší možný způsob hudební realizace příslušného písňového";"textu pomocí všeobecně";"rozšířené praxe obecné noty , jak o tom svědčí –"
"1";"cs: čeština";"NFC: oborová literatura";"SCI: odborná literatura";"NAT: přírodní vědy";"MED: lékařství";"prvního nebo druhého trimestru ; tzv . rychlá diagnostika numerických";"aberací pomocí QF";"- PCR ( quantitative fluorescentpolymerase chain reaction ) </s><s> 15 ."
"1";"cs: čeština";"NFC: oborová literatura";"SCI: odborná literatura";"SSC: sociální vědy";"PSY: psychologie";"tabulce s velkou rezervou splňují minimální kritéria použitelnosti . </s><s> Zhodnocení";"škály pomocí CFA";"</s><s> Škálu jsme dále zhodnotili pomocí konfirmační faktorové analýzy ( CFA"
"1";"cs: čeština";"NFC: oborová literatura";"PRO: profesní literatura";"FTS: formální a technické vědy";"TEC: technika";"2016 bude výrobce obráběcích strojů poskytovat návštěvníkům pohled do budoucnosti";"výroby pomocí 10";"exponátů v hale P . Na poli obrábění DMG MORI"
"1";"cs: čeština";"NFC: oborová literatura";"PRO: profesní literatura";"NAT: přírodní vědy";"GEO: geografie, geologie";"27 . 5 . ) proto organizátoři přešli na omezení";"duplicit pomocí cookies";"a rázem došlo k nárůstu počtu hlasů . </s><s> Dokonce se"
"1";"cs: čeština";"NFC: oborová literatura";"POP: populárně naučná literatura";"ITD: interdisciplinární";"ITD: interdisciplinární";"poloviny pacientů . </s><s> Lze tedy říci , že inhibice autofagických";"mechanismů pomocí HCQ";"může účinek bortezomibu významně zvýšit . 5 </s><s> Na druhé straně"
"1";"cs: čeština";"NFC: oborová literatura";"SCI: odborná literatura";"FTS: formální a technické vědy";"ICT: výpočetní technika";"příkladě klasifikace 16rozměrných binárních vektorů do dvou stejně pravděpodobných tříd";"definovaných pomocí bernoulliovských";"směsí . </s><s> Parametry obou směsí byly zvoleny náhodně ( Grim"
"1";"cs: čeština";"NFC: oborová literatura";"PRO: profesní literatura";"FTS: formální a technické vědy";"TEC: technika";"ve stojinách zvedáku . </s><s> U nůžkových zvedáků se řeší vyrovnávání";"výšek pomocí infra";"- čidel , které „ na sebe musí vidět “"
"1";"cs: čeština";"NFC: oborová literatura";"POP: populárně naučná literatura";"FTS: formální a technické vědy";"ICT: výpočetní technika";"LED pro podsvícení . </s><s> Díky tomu je rovnoměrnější než u";"podsvícení pomocí LED";"pásků </s><s> Standardní spínač Cherry MX Brown v transparentním provedení pro"
"1";"cs: čeština";"NFC: oborová literatura";"POP: populárně naučná literatura";"FTS: formální a technické vědy";"ICT: výpočetní technika";"útoku na německé ocelárny . </s><s> Nejdříve získali přístup do sítě";"elektrárny pomocí spearphishingového";"e-mailu na obchodní síť , poté pronikli do výrobní sítě"
"1";"cs: čeština";"NFC: oborová literatura";"PRO: profesní literatura";"FTS: formální a technické vědy";"TEC: technika";"Structures disponuje několika nástroji pro definici nového profilu , včetně";"importu pomocí DWG";". </s><s> Předlohy výkresů a výpisů je možné vytvářet nebo měnit"
"1";"cs: čeština";"NFC: oborová literatura";"PRO: profesní literatura";"FTS: formální a technické vědy";"TEC: technika";"snižovat náklady . </s><s> Oběma příklady používání rozhraní IoT a možnostmi";"analýzy pomocí RiDiag";"III dává Rittal nahlédnout do budoucnosti aplikací průmyslu 4 ."
"1";"en: angličtina";"NFC: oborová literatura";"POP: populárně naučná literatura";"NAT: přírodní vědy";"BIO: biologie";"vysoko položených roklí . </s><s> Chycenou pandu červenou jsem vytáhl z";"pasti pomocí zvláště";"k tomu upravené uchopovací tyče , která ji umožňovala držet"
"1";"cs: čeština";"NFC: oborová literatura";"PRO: profesní literatura";"FTS: formální a technické vědy";"ICT: výpočetní technika";"tisku je přesune do strojů pro následné zpracování a odstranění";"prachu pomocí CNC";"operací . </s><s> Další robot vyzvedne a přemístí výrobky a díly"
"1";"cs: čeština";"NFC: oborová literatura";"POP: populárně naučná literatura";"ITD: interdisciplinární";"ITD: interdisciplinární";"Schéma „ produkční linky “ pro analýzu kinetiky zrání virových";"částic pomocí laserem";"aktivované virové proteasy . </s><s> Podrobnosti v textu . </s><s> Peptidy –"
"1";"cs: čeština";"NFC: oborová literatura";"PRO: profesní literatura";"FTS: formální a technické vědy";"ICT: výpočetní technika";"of Services ( QoS ) , prioritizaci provozu , autentizaci";"uživatelů pomocí Active";"Directory , NTLM , LDAP / LDAPS , RADIUS a"
"1";"cs: čeština";"NMG: publicistika";"LEI: volnočasová publicistika";"X: neuvedeno";"MIX: společnost";"koncertů , natáčení sebe sama při lyžováni či jiném adrenalinovém";"sportu pomocí tzv";". follow me režimu . </s><s> To je obzvlášť velký hazard"
"1";"cs: čeština";"NFC: oborová literatura";"PRO: profesní literatura";"NAT: přírodní vědy";"GEO: geografie, geologie";"polohy a nejbližší budoucnost jistě přinese možnost získávání přesné polohové";"informace pomocí GSM";"a GPS v reálném čase při levném provozu . </s><s> Již"
"1";"cs: čeština";"NFC: oborová literatura";"SCI: odborná literatura";"NAT: přírodní vědy";"MED: lékařství";"Poruchy sestupu vaje </s><s> níků </s><s> Během vývoje jsou varlata vtažena do";"šourku pomocí gubernaculum";"testis . </s><s> Podobně i vaje </s><s> ník ( zejména obsahuje -"
"1";"cs: čeština";"NFC: oborová literatura";"PRO: profesní literatura";"SSC: sociální vědy";"EDU: pedagogika";"vybavení . </s><s> Navíc oproti podobným solárním systémům probíhá nabíjení elektrických";"zařízení pomocí Goal";"Zero až dvakrát rychleji . </s><s> Systém zajišťuje dostatek elektrické energie"
"1";"cs: čeština";"NFC: oborová literatura";"SCI: odborná literatura";"NAT: přírodní vědy";"MED: lékařství";"evropských kazuistik , které prokazují jistý potenciál v léčbě flavivirových";"infekcí pomocí IVIG";". </s><s> Jednalo se o podání vysokých dávek lidských imunoglobulinů v"
"1";"en: angličtina";"NFC: oborová literatura";"POP: populárně naučná literatura";"SSC: sociální vědy";"SOC: sociologie";"roce 1997 uvedl , že filmová studia mohou snížit riziko";"selhání pomocí „";"bezprecedentních výdajů na propagaci “ . </s><s> Přesně to také udělala"
"1";"en: angličtina";"NFC: oborová literatura";"POP: populárně naučná literatura";"NAT: přírodní vědy";"PHY: fyzika";"svých ramenou , ale použil důmyslný způsob určení střední hustoty";"zeměkoule pomocí vysoce";"citlivých vah . </s><s> Konkrétně použil torzní váhy tvořené dvěma olověnými"
"1";"cs: čeština";"NFC: oborová literatura";"PRO: profesní literatura";"FTS: formální a technické vědy";"ICT: výpočetní technika";"celkového vyzařovaného hluku letadla při přistání . </s><s> Možnosti řešení aerodynamického";"hluku pomocí CFD";"</s><s> Aeroakustický hluk jako fluktuace tlakového pole způsobené turbulentním prouděním tekutin"
"1";"cs: čeština";"NFC: oborová literatura";"PRO: profesní literatura";"FTS: formální a technické vědy";"ICT: výpočetní technika";"použitelné pro nasazení v průmyslových úlohách . </s><s> Přístupů k řešení";"aeroakustiky pomocí CFD";"je několik , nejpřesnější je přímá metoda založená na modelování"
"1";"cs: čeština";"NFC: oborová literatura";"SCI: odborná literatura";"NAT: přírodní vědy";"MED: lékařství";"na podkladě UZ vyšetření . </s><s> Léčba spočívá v supresi ovariální";"činnosti pomocí danazolu";", hormonální antikoncepce , GnRH analogy nebo vysokými dávkami gestagenů"
"1";"cs: čeština";"NFC: oborová literatura";"SCI: odborná literatura";"HUM: humanitní vědy";"HIS: historie, biografie";", boční příložky jsou konkávně prohnuté . </s><s> Řešení vstupní části";"hřbitova pomocí terasních";"zdí se také opakuje z předchozího návrhu . </s><s> V ."
"1";"cs: čeština";"NFC: oborová literatura";"PRO: profesní literatura";"FTS: formální a technické vědy";"ICT: výpočetní technika";"<s> Obrobené dílce do převodovek </s><s> Ukázka obrobených částí převodovky </s><s> Snižování aeroakustického";"hluku pomocí CFD";"analýz </s><s> Se zvyšujícím se komfortem dopravy stoupají požadavky na omezení"
"1";"cs: čeština";"NFC: oborová literatura";"PRO: profesní literatura";"FTS: formální a technické vědy";"TEC: technika";", beton , dřevo atd . ) . </s><s> Modelování těchto";"konstrukcí pomocí výše";"uvedených softwarů vede k bližšímu pochopení přerozdělení vnitřních sil ,"
"1";"cs: čeština";"NFC: oborová literatura";"PRO: profesní literatura";"FTS: formální a technické vědy";"TEC: technika";"této kapitole bude uveden postup pro posouzení evakuace osob z";"objektu pomocí mnou";"vytvořeného nástroje na posuzování v programu Revit od společnosti Autodesk"
"1";"cs: čeština";"NFC: oborová literatura";"PRO: profesní literatura";"FTS: formální a technické vědy";"ICT: výpočetní technika";"a tenzometry sledujícími ohybová napětí v násadě . </s><s> Popřípadě lokalizací";"polohy pomocí GPS";". </s><s> Účel je zřejmý - monitorovat činnost kopáče . </s><s> Plyne"
"1";"cs: čeština";"NFC: oborová literatura";"SCI: odborná literatura";"HUM: humanitní vědy";"LAN: filologie";") . </s><s> Kromě vizuálního porovnávání distribucí a statistického porovnávání průměrných";"hodnot pomocí t";"- testu se nabízejí i další způsoby vyhodnocování rozdílů mezi"
"1";"cs: čeština";"NFC: oborová literatura";"SCI: odborná literatura";"NAT: přírodní vědy";"MED: lékařství";"lze diagnostikovat ambulantně bez narkózy šetrným odběrem vzorku z děložní";"dutiny pomocí Pipelle";"( v ČR běžně nedostupná ) nebo v celkové narkóze"
"1";"cs: čeština";"NMG: publicistika";"LEI: volnočasová publicistika";"X: neuvedeno";"HOU: bydlení, zahrada, hobby";", soudržný a pevný . </s><s> Alternativním řešením může být provedení";"hydroizolace pomocí PVC";"fólie na podkladní textilii s příslušnými poplastovanými , ať už"
"1";"fr: francouzština";"NFC: oborová literatura";"POP: populárně naučná literatura";"HUM: humanitní vědy";"LAN: filologie";"pak podaří dostat Nowyho ze msty na čtyři léta do";"vězení pomocí hrozně";"zamotaných intrik . </s><s> Octneme se rázem v příběhu upleteném z"
"1";"cs: čeština";"NFC: oborová literatura";"SCI: odborná literatura";"HUM: humanitní vědy";"INF: knihovnictví, informatika";"výrazů : jestliže máme výraz kategorie K a vyjmeme z";"něj pomocí operátoru";"abstrakce výraz kategorie L , potom jako výsledek dostaneme výraz"
"1";"cs: čeština";"NFC: oborová literatura";"SCI: odborná literatura";"NAT: přírodní vědy";"MED: lékařství";"počet nemocných s PD - L1 expresí , a záměna";"testování pomocí SP142";"s ostatními metodami proto </s><s> není možná . </s><s> Dalším důvodem pro"
"1";"cs: čeština";"NFC: oborová literatura";"PRO: profesní literatura";"FTS: formální a technické vědy";"TEC: technika";"které umožňují díky telecentrickému optickému systému zajistit rychlé měření drobných";"součástí pomocí tzv";". technologie „ najdu a změřím ” . </s><s> Tímto se"
"1";"cs: čeština";"NFC: oborová literatura";"POP: populárně naučná literatura";"FTS: formální a technické vědy";"ICT: výpočetní technika";"WebRTC v kontaktních centrech v loňském roce bylo přijímání příchozích";"hovorů pomocí WebRTC";"operátory kontaktního centra . </s><s> Uživatelé se dovolali na infolinku a"
"1";"cs: čeština";"NFC: oborová literatura";"PRO: profesní literatura";"FTS: formální a technické vědy";"TEC: technika";"je potřeba zohlednit při výběru správného technického řešení . </s><s> MONTÁŽ";"PODJEZDU POMOCÍ ABM";"PREFABRIKOVANÉHO RÁMU NEBO KLENBY </s><s> Při použití ABM prefabrikovaného rámu nebo"
"1";"cs: čeština";"NFC: oborová literatura";"PRO: profesní literatura";"FTS: formální a technické vědy";"ICT: výpočetní technika";"který je v automobilovém průmyslu očekáván a vyžadován . </s><s> Simulace";"lití pomocí SolidThinking";"Click2Cast </s><s> Pro výrobu kvalitní a spolehlivé součásti je rozhodující porozumět"
"1";"cs: čeština";"NFC: oborová literatura";"SCI: odborná literatura";"SSC: sociální vědy";"EDU: pedagogika";"získaných z didaktických testů pro učitele jsme za využití statistické";"charakteristiky pomocí tzv";". charakteristik polohy neboli míry ústřední tendence ( modus a"
"1";"cs: čeština";"NFC: oborová literatura";"SCI: odborná literatura";"FTS: formální a technické vědy";"TEC: technika";"Tmote Sky se senzorem Sensirion T / RH , </s><s> intenzitu";"světla pomocí Tmote";"Sky balíku obsahujícího dvě Hamamtsu světelná čidla : fotosynteticky aktivní"
"1";"cs: čeština";"NFC: oborová literatura";"POP: populárně naučná literatura";"FTS: formální a technické vědy";"ICT: výpočetní technika";"odladit si umístění Wi-Fi routeru a případně dalších Wi-Fi přístupových";"bodů pomocí heatmap";". </s><s> Etalonem této kategorie je samozřejmě profesionální a cenově nedosažitelný"
"1";"cs: čeština";"NFC: oborová literatura";"SCI: odborná literatura";"NAT: přírodní vědy";"MED: lékařství";"algoritmy k předním přístupům mohou být založeny na posouzení míry";"poranění pomocí MR";"s využitím zobrazení všech , tedy nejen kostních , ale"
"1";"cs: čeština";"NFC: oborová literatura";"SCI: odborná literatura";"NAT: přírodní vědy";"CHE: chemie";"objeví tabulka Master Statistic Table , kterou lze exportovat do";"excelu pomocí CtrlC";"a CTRLV . </s><s> Kopírování a export : </s><s> Pro kopii diagramů"
"1";"cs: čeština";"NFC: oborová literatura";"PRO: profesní literatura";"FTS: formální a technické vědy";"ICT: výpočetní technika";", kteří v prvních fázích sbírali data v podobě mračen";"bodů , pomocí 3D";"laserových skenerů . </s><s> Pro skenování exteriérů byl použit rotační skener"
"1";"en: angličtina";"NFC: oborová literatura";"POP: populárně naučná literatura";"SSC: sociální vědy";"ECO: ekonomie, obchod, logistika";"měsíců vymysleli schůdný plán a Mexiko nakonec splatilo většinu svého";"dluhu pomocí tzv";". „ Bradyho dluhopisů “ s nižší nominální hodnotou . </s>"
"1";"cs: čeština";"NFC: oborová literatura";"PRO: profesní literatura";"FTS: formální a technické vědy";"ICT: výpočetní technika";"MES Merz , ale i MS PowerPoint prezentací a přehrávání";"videí pomocí MS";"Windows Media Player . </s><s> Díky tomu jsou operátoři více motivováni"
"1";"cs: čeština";"NFC: oborová literatura";"SCI: odborná literatura";"NAT: přírodní vědy";"MED: lékařství";"účinků . </s><s> Navíc možná redukce dávky dopaminergní léčby u pacientů";"léčených pomocí DBS";"cca o polovinu vede k významnému snížení rizika rozvoje některých"
"1";"cs: čeština";"NFC: oborová literatura";"SCI: odborná literatura";"NAT: přírodní vědy";"MED: lékařství";"kortikoliberinu pod vlivem hypotalamu a CNS . </s><s> V řízení sekrece";"kortizolu pomocí ACTH";"se uplatňují epizodická sekrece a cirkadiánní rytmus ACTH , reakce"
"1";"cs: čeština";"NMG: publicistika";"LEI: volnočasová publicistika";"X: neuvedeno";"LIF: životní styl";"roku . </s><s> Vedle toho ale budeme žádat i o povolení";"terapie pomocí MDMA";", a to na posttraumatickou stresovou poruchu . </s><s> Chystáte se"
"1";"cs: čeština";"NMG: publicistika";"LEI: volnočasová publicistika";"X: neuvedeno";"INT: zajímavosti ze světa";"ve vzorcích půdy </s><s> Rover Curiosity jako první sestoupil na povrch";"Marsu pomocí tzv";". raketového jeřábu </s><s> S Hydronautem do kosmu </s><s> Parta českých nadšenců"
"1";"cs: čeština";"NFC: oborová literatura";"PRO: profesní literatura";"FTS: formální a technické vědy";"ICT: výpočetní technika";"se zařadí do výrobního procesu . </s><s> Proč jste vybrali technologii";"vytvrzování pomocí UV";"světla a ne technologii vytvrzování pomocí laseru ? </s><s> Naše tiskárny"
"1";"cs: čeština";"NFC: oborová literatura";"PRO: profesní literatura";"FTS: formální a technické vědy";"TEC: technika";". </s><s> Proto může být sestava uvedena přímo do provozu obráběcího";"stroje pomocí např";". Plug & Play . </s><s> Pro produkt a servis obdrží"
"1";"cs: čeština";"NFC: oborová literatura";"SCI: odborná literatura";"NAT: přírodní vědy";"BIO: biologie";", poměrně malá houba . </s><s> Dalším krokem bylo samozřejmě hledání";"inhibitoru pomocí in";"vitro a in vivo testů ( Chen a kol ."
"1";"cs: čeština";"NFC: oborová literatura";"SCI: odborná literatura";"NAT: přírodní vědy";"MED: lékařství";"R / Q 506 Leiden </s><s> Stanovení vychází z amplifikace genomického";"materiálu pomocí PCR";". </s><s> Poprvé jej popsal Bertina a kol . za využití"
"1";"cs: čeština";"NFC: oborová literatura";"SCI: odborná literatura";"HUM: humanitní vědy";"PHI: filozofie, náboženství";", tak jde o zřejmý podvod , protože možnost opravy";"genů pomocí „";"genových preparátů “ je dnes nedostupná i vysoce specializovaným vědeckým"
"1";"cs: čeština";"NFC: oborová literatura";"SCI: odborná literatura";"NAT: přírodní vědy";"MED: lékařství";"posouzení poranění ZVK a studie A odhalila vysokou spolehlivost jeho";"zobrazení pomocí MR";". </s><s> Magnetická rezonance tedy hraje důležitou roli v rozhodnutí ,"
"1";"cs: čeština";"NFC: oborová literatura";"SCI: odborná literatura";"NAT: přírodní vědy";"MED: lékařství";"o 4,5 ° . </s><s> Přínos vyšetření poranění hrudní a bederní";"páteře pomocí MR";"demonstrují následující tři kazuistiky . </s><s> Žena ve věku 17 let"
"1";"cs: čeština";"NFC: oborová literatura";"SCI: odborná literatura";"NAT: přírodní vědy";"MED: lékařství";"některých plodů např . rozvoji syndromu hypoplastického levého či pravého";"srdce pomocí in";"utero intervence u závažných chlopenních vad . </s><s> ULTRAZVUKOVÉ VYŠETŘENÍ SRDCE"
"1";"cs: čeština";"NFC: oborová literatura";"SCI: odborná literatura";"FTS: formální a technické vědy";"ICT: výpočetní technika";"( Bishop , 1995 ) . </s><s> Nicméně , optimalizace sdílených";"komponent pomocí EM";"algoritmu vyžadující modifikaci obou kroků algoritmu ( podrobněji viz oddíl"
"1";"en: angličtina";"NFC: oborová literatura";"MEM: memoáry, autobiografie";"MEM: memoáry, autobiografie";"MEM: memoáry, autobiografie";", než zaniknou . </s><s> Začátkem devadesátých let objevil vědec z";"Yale pomocí HeLa";"v lidských rakovinných buňkách enzym telomerázu , který telomery obnovuje"
"1";"cs: čeština";"NFC: oborová literatura";"SCI: odborná literatura";"NAT: přírodní vědy";"MED: lékařství";"okolí vejcovodů a vaječníků . </s><s> Užití metod asistované reprodukce </s><s> Vyvolání";"ovulace pomocí clomiphene";"citrátu nebo injekcí gonadotropinů je spojeno se 4 - násobným"
"1";"cs: čeština";"NFC: oborová literatura";"PRO: profesní literatura";"FTS: formální a technické vědy";"TEC: technika";"produktová řada zahrnuje vedle řezacích systémů i řízení pohybu a";"výšky pomocí CNC";", software CAM pro optimální rozmístění dílů , robotický software"
"1";"cs: čeština";"NFC: oborová literatura";"SCI: odborná literatura";"NAT: přírodní vědy";"CHE: chemie";"je však nutné snížit obsah oxidačních činidel v roztoku jejich";"redukcí pomocí HCOH";"nebo N2H4 . </s><s> V některých případech se pozlacené materiály taví"
"1";"cs: čeština";"NFC: oborová literatura";"PRO: profesní literatura";"NAT: přírodní vědy";"AGR: zemědělství, chovatelství";"manuální . </s><s> Kromě základních režimů umožňuje převodovka celou další řadu";"nastavení pomocí iMonitoru";". </s><s> Pohodlí řidiči a jednoduché a precizní ovládání traktoru i"
"1";"cs: čeština";"NMG: publicistika";"LEI: volnočasová publicistika";"X: neuvedeno";"HOU: bydlení, zahrada, hobby";"3D domácí kino s podporou 4 K zobrazení , možnost";"ovládání pomocí iOS";"a OS Android . </s><s> Streamování médií či možnost poslechu internetových"
"1";"cs: čeština";"NFC: oborová literatura";"PRO: profesní literatura";"NAT: přírodní vědy";"AGR: zemědělství, chovatelství";"několik centimetrů pod povrchem půdy Foto Luboš stehno </s><s> Změna tlaku";"vzduchu pomocí rychloventílků";"zabere u čtveřice klasických traktorových pneumatik jen několik minut </s><s> Tak"
"1";"cs: čeština";"NFC: oborová literatura";"PRO: profesní literatura";"NAT: přírodní vědy";"GEO: geografie, geologie";"poslat dál ... :-) </s><s> Tvar SMS * ) Po zaslání";"příspěvku pomocí SMS";"na telefonní číslo 902 11 ve tvaru ZEMEMER ( mezera"
"1";"en: angličtina";"NFC: oborová literatura";"POP: populárně naučná literatura";"FTS: formální a technické vědy";"MAT: matematika";"mezipaměti . </s><s> Položky se z druhé fronty vracejí do první";"fronty pomocí LRU";"a podle stejného principu se také zahazují položky z první"
"1";"cs: čeština";"NMG: publicistika";"NEW: tradiční publicistika";"X: neuvedeno";"REG: regionální tisk";"mluvčí jihomoravských hasičů Jan Dvořák . </s><s> Vrtulník kropil strniště ze";"vzduchu pomocí bambi";"vaku , do kterého se vleze téměř tisíc litrů vody"
"1";"cs: čeština";"NFC: oborová literatura";"POP: populárně naučná literatura";"FTS: formální a technické vědy";"ICT: výpočetní technika";"kabel vede k méně ostrému obrazu , je u digitálního";"přenosu pomocí HDMI";"vliv nekvalitního kabelu snadno rozpoznatelný . </s><s> Každá jen malá chyba"
"1";"cs: čeština";"NFC: oborová literatura";"POP: populárně naučná literatura";"ITD: interdisciplinární";"ITD: interdisciplinární";"<s> Anti - CRISPR proteiny </s><s> Otázku nespecifického zásahu při úpravách dědičné";"informace pomocí CRISPR";"- Cas9 vědci rozhodně nepodceňují . </s><s> K takovým „ střelám"
"1";"cs: čeština";"NFC: oborová literatura";"PRO: profesní literatura";"FTS: formální a technické vědy";"TEC: technika";"20 projektů . </s><s> „ V současné době zpracováváme část projektové";"dokumentace pomocí BIM";"pro výstavbu unikátní modlitebny v Sedlčanech . </s><s> Nedávno jsme tento"
"1";"cs: čeština";"NFC: oborová literatura";"PRO: profesní literatura";"FTS: formální a technické vědy";"ICT: výpočetní technika";"obrábění . </s><s> Nová strategie obrábění Bottom Up posunuje vysokorychlostní úběr";"materiálu pomocí Esprit";"ProfitMilling na vyšší úroveň . </s><s> Strategie Bottom Up umožňuje dosáhnout"
"1";"cs: čeština";"NFC: oborová literatura";"POP: populárně naučná literatura";"FTS: formální a technické vědy";"ICT: výpočetní technika";"se zmenší . </s><s> 2 LibreOffice dále odnedávna vykresluje prvky uživatelského";"prostředí pomocí OpenGL";". </s><s> Dosavadní redakční zkušenosti se ale shodují , že aspoň"
"1";"cs: čeština";"NFC: oborová literatura";"SCI: odborná literatura";"NAT: přírodní vědy";"CHE: chemie";"jako nespolehlivé . </s><s> Tabulka 5 . 2 : Ukázka výsledků";"identifikace pomocí MALDI";"- TOF MS </s><s> Provozních výhod identifikace mikroorganismů metodou MALDI -"
"1";"cs: čeština";"NFC: oborová literatura";"POP: populárně naučná literatura";"FTS: formální a technické vědy";"ICT: výpočetní technika";"firmy Nymi měří velikost , umístění a tep srdečního svalu";"uživatele pomocí EKG";". </s><s> Zařízení je stále ve vývoji , ale mělo by"
"1";"cs: čeština";"NFC: oborová literatura";"SCI: odborná literatura";"NAT: přírodní vědy";"MED: lékařství";"direktní laryngoskopii naslepo ( často za spontánní ventilace ) pomocí";"fibrobronchoskopu pomocí videolaryngoskopu";"s bužií ( metoda „ klestění cesty “ – „"
"1";"cs: čeština";"NFC: oborová literatura";"PRO: profesní literatura";"NAT: přírodní vědy";"AGR: zemědělství, chovatelství";", jaké jsou její aktivity . </s><s> Kromě známého navyšování výkonu";"motorů pomocí chiptuningu";"je to i čištění částicových filtrů . </s><s> To probíhá mokrou"
"1";"cs: čeština";"NFC: oborová literatura";"PRO: profesní literatura";"FTS: formální a technické vědy";"ICT: výpočetní technika";"díle tohoto seriálu , moderním způsobem monitorování aplikací je analýza";"výkonnosti pomocí tzv";". </s><s> network - based přístupu . </s><s> Ten představuje hybridní technologii"
"1";"cs: čeština";"NFC: oborová literatura";"SCI: odborná literatura";"HUM: humanitní vědy";"PHI: filozofie, náboženství";"ideovým heslem bylo osvobození dár al - islám od nadvlády";"jinověrců pomocí reformně";"pojatého obranného džihádu . </s><s> Takových hnutí odporu byla v dějinách"
"1";"cs: čeština";"NMG: publicistika";"LEI: volnočasová publicistika";"X: neuvedeno";"HOU: bydlení, zahrada, hobby";"využívá nových reproduktorů DoubleCube II Direct / </s><s> Reflecting , streamování";"hudby pomocí SoundTouch";"Wi-fiadaptéru z PC nebo NAS serveru , internetové rádio ,"
"1";"cs: čeština";"NFC: oborová literatura";"PRO: profesní literatura";"FTS: formální a technické vědy";"ICT: výpočetní technika";"politikou pro stáří hesla , * počty účtů a počítačů";"dostupných pomocí SSH";"klíčů , * počty SSH klíčů , které nejsou v"
"1";"cs: čeština";"NFC: oborová literatura";"PRO: profesní literatura";"FTS: formální a technické vědy";"TEC: technika";"služby umožňující číst a zapisovat data z / do PLC";"systému pomocí http";"protokolu . </s><s> Data jsou poskytována ve formátu JSON ( JavaScript"
"1";"cs: čeština";"NFC: oborová literatura";"PRO: profesní literatura";"FTS: formální a technické vědy";"TEC: technika";", že ceny udrží na nižší hladině využití pružného řízení";"sítí pomocí IT";"technologií ( „ chytré sítě “ ) , ale to"
"1";"cs: čeština";"NFC: oborová literatura";"PRO: profesní literatura";"FTS: formální a technické vědy";"TEC: technika";". </s><s> Pozornost je věnována vhodnému palivu a také moderním možnostem";"ovládání pomocí GSM";"portálů . </s><s> Publikace přináší i inspirativní příklady modernizací starých otopných"
"1";"cs: čeština";"NFC: oborová literatura";"SCI: odborná literatura";"NAT: přírodní vědy";"MED: lékařství";". </s><s> Westernův přenos - schéma postupu . </s><s> 1 . Separace";"proteinů pomocí SDS";"- PAGE ( polyakrylamidové gelová elektroforéza pomocí SDS ) zahrnuje"
"1";"cs: čeština";"NFC: oborová literatura";"PRO: profesní literatura";"FTS: formální a technické vědy";"TEC: technika";"rozmístí skenovací dráhy podle předdefinované úlohy . </s><s> Čas ušetřený vytvářením";"programu pomocí CAD";"Online a CAD Offline je značný . </s><s> Pro složité díly"
"1";"cs: čeština";"NFC: oborová literatura";"PRO: profesní literatura";"NAT: přírodní vědy";"AGR: zemědělství, chovatelství";"poskytovat přístup k automatickému řízení AutoGuide , k ovládání závěsných";"strojů pomocí ISOBUS";", automatickému ovládání sekcí , variabilnímu dávkování a dokumentaci TaskDoc"
"1";"en: angličtina";"FIC: beletrie";"NOV: próza";"X: neuvedeno";"X: neuvedeno";"velké osvícení ? “ </s><s> Natahuje se pro chodítko a s";"Mahonyho pomocí spouští";"nohy z postele a nazouvá si pantofle . </s><s> S nesmírným"
"1";"cs: čeština";"NFC: oborová literatura";"PRO: profesní literatura";"FTS: formální a technické vědy";"ICT: výpočetní technika";"vyhledávání je zahrnut jak vytěžený index dokumentu , tak obsah";"dokumentu pomocí full";"- textového vyhledávání . </s><s> Díky této kombinaci pak například lze"
"1";"cs: čeština";"NFC: oborová literatura";"PRO: profesní literatura";"NAT: přírodní vědy";"MED: lékařství";"G5 k dispozici také speciální věže určené k zobrazování lymfatických";"uzlin pomocí indocyaninové";"zeleně ( ICG ) , což představuje jeden ze současných"
"1";"cs: čeština";"NFC: oborová literatura";"SCI: odborná literatura";"NAT: přírodní vědy";"BIO: biologie";". </s><s> Polanský tak doporučuje konkrétní postup s využitím nepravého lesa";"středního pomocí tzv";". třífázových pruhových sečí . </s><s> Tyto se od sebe odlišují"
"1";"cs: čeština";"NFC: oborová literatura";"SCI: odborná literatura";"SSC: sociální vědy";"PSY: psychologie";"stavy zvýšeného nabuzení podmíněné traumatem přenesly do rovnováhy . </s><s> Obnova";"rovnováhy pomocí self";"- regulačních procesů : jedinec je veden k tomu ,"
"1";"cs: čeština";"NFC: oborová literatura";"POP: populárně naučná literatura";"FTS: formální a technické vědy";"ICT: výpočetní technika";"a widgetů z široké nabídky Garminu , možnost připojení dalších";"senzorů pomocí ANT";"+ , výbavu v podobě kompasu , výškoměru a teploměru"
"1";"cs: čeština";"NFC: oborová literatura";"POP: populárně naučná literatura";"FTS: formální a technické vědy";"ICT: výpočetní technika";"smartphony Podrobné informace o hardwaru </s><s> 18 RAM disk Optimalizujte výkon";"počítače pomocí RAM";"disku </s><s> 19 Pevné disky Určete název modelu a technická data"
"1";"cs: čeština";"NMG: publicistika";"LEI: volnočasová publicistika";"X: neuvedeno";"HOU: bydlení, zahrada, hobby";"manžety pro kapénkovou závlahu a postřik . </s><s> Hadici rozdvojíme podle";"potřeby pomocí I";"- dílů a díky T - dílům . </s><s> Na konec"
"1";"cs: čeština";"NFC: oborová literatura";"POP: populárně naučná literatura";"ITD: interdisciplinární";"ITD: interdisciplinární";"kyslíku rozpuštěného ve vodě pomocí žaber na příjem kyslíku ze";"vzduchu pomocí pseudotracheálních";"orgánů . </s><s> Horváthová s kolegy vybrala mláďata z vaku třiceti"
"1";"cs: čeština";"NFC: oborová literatura";"POP: populárně naučná literatura";"FTS: formální a technické vědy";"ICT: výpočetní technika";"dělicí frekvenci . </s><s> Samozřejmostí je přidání prostorového efektu , úprava";"hlasu pomocí CrystalVoice";", speciální „ průzkumný “ herní režim kdy slyšíte nepřítele"
"1";"cs: čeština";"NFC: oborová literatura";"SCI: odborná literatura";"HUM: humanitní vědy";"LAN: filologie";"; 27 – 30 měsíců ) , pravidelné tvoření plurálu";"substantiv pomocí -";"s ( 27 – 33 měsíců ) . </s><s> Naopak mezi"
"1";"cs: čeština";"NFC: oborová literatura";"PRO: profesní literatura";"FTS: formální a technické vědy";"TEC: technika";"zkušenosti a podílela se i na výstavbě prvního dálničního tunelu";"raženého pomocí NRTM";"na Slovensku , kterým byl tunel Branisko . </s><s> Výsledkem zaměření"
"1";"cs: čeština";"NMG: publicistika";"NEW: tradiční publicistika";"X: neuvedeno";"NTW: celostátní tisk";"pomoc a přestat . </s><s> LN Co říkáte na postupné ukončování";"kouření pomocí například";"e-cigarety ? </s><s> Z mnohaleté zkušenosti vím , že postupné přestávání"
"1";"cs: čeština";"NFC: oborová literatura";"PRO: profesní literatura";"FTS: formální a technické vědy";"ICT: výpočetní technika";". </s><s> Nová verze PS Imago nabízí například možnost evaluace seskupovací";"analýzy pomocí tzv";". Silhouette koeficientu . </s><s> Tento koeficient se počítá pro každý"
"1";"cs: čeština";"NFC: oborová literatura";"SCI: odborná literatura";"NAT: přírodní vědy";"MED: lékařství";"před výsledkem bakteriologického vyšetření , a jednak v obnovení drenáže";"dutin pomocí lokálně";"i celkově užívaných dekongesčních preparátů , prováděním cílené anemizace středního"
"1";"cs: čeština";"NFC: oborová literatura";"POP: populárně naučná literatura";"FTS: formální a technické vědy";"TEC: technika";"C . </s><s> Pro komfortní práci si vyberte pistoli s regulací";"teploty pomocí snadno";"ovladatelných tlačítek nebo s otočným regulátorem teploty . </s><s> Velmi šikovný"
"1";"cs: čeština";"NFC: oborová literatura";"SCI: odborná literatura";"HUM: humanitní vědy";"LAN: filologie";"vrcholek mezi 2,8 a 3,4 kHz , když analyzoval hlasy";"zpěváků pomocí LTAS";". </s><s> Tento vrcholek , který byl pojmenován „ pěvecký formant"
"1";"cs: čeština";"NFC: oborová literatura";"POP: populárně naučná literatura";"FTS: formální a technické vědy";"ICT: výpočetní technika";", redaktor E15 . cz a Živě . cz </s><s> Řízení";"obchodu pomocí CRM";"</s><s> Nástroje pro podporu prodeje firmám automaticky nezajistí okamžitý výdělek . </s>"
"1";"cs: čeština";"NFC: oborová literatura";"SCI: odborná literatura";"NAT: přírodní vědy";"MED: lékařství";"na zdravotníky při určení priority pomocí přesného systému znaků a";"symptomů pomocí tzv";". diskriminátorů , které rozlišují úrovně pro různé klinické projevy"
"1";"cs: čeština";"NFC: oborová literatura";"POP: populárně naučná literatura";"FTS: formální a technické vědy";"ICT: výpočetní technika";"Filtry « . </s><s> 24 VLC Media Player Konverze hudby a";"videa pomocí VLC";"Playeru </s><s> Pomocí oblíbeného programu VLC Media Player můžete nejen nejrůznější"
"1";"cs: čeština";"NFC: oborová literatura";"PRO: profesní literatura";"SSC: sociální vědy";"ECO: ekonomie, obchod, logistika";"veletrhu CeMat . </s><s> Současně byl prezentován automatizovaný proces nakládání a";"vykládání pomocí C";"- rámu . </s><s> Nyní firma ukázala kompletně automatizovaný celý proces"
"1";"cs: čeština";"NFC: oborová literatura";"PRO: profesní literatura";"NAT: přírodní vědy";"GEO: geografie, geologie";"na rozdíl od dlouholetého a dnes již i tradičního zpracování";"dat pomocí CAD";"programů , umožňuje zcela nový způsob práce s daty . </s>"
"1";"cs: čeština";"NFC: oborová literatura";"SCI: odborná literatura";"HUM: humanitní vědy";"LAN: filologie";", že byl zaznamenán obrovský pokrok na poli automatického rozpoznávání";"mluvčích pomocí již";"poměrně sofistikovaných počítačových metod . </s><s> Nejsme tedy odkázáni pouze na"
"1";"cs: čeština";"NFC: oborová literatura";"PRO: profesní literatura";"NAT: přírodní vědy";"AGR: zemědělství, chovatelství";"aplikační karty hnojení včetně nezbytných parametrů pro nastavení rozmetadla ,";"ovládaného pomocí ISOBUS";". </s><s> Tato data jsou bezdrátově přenesena na ISOBUS terminál . </s>"
"1";"cs: čeština";"NFC: oborová literatura";"PRO: profesní literatura";"FTS: formální a technické vědy";"ICT: výpočetní technika";"v podobě systémů pro správu elektronických dokumentů a řízení jejich";"oběhu pomocí workflow";"( anglický ekvivalent DMS – Document Management System ) . </s>"
"1";"cs: čeština";"NMG: publicistika";"NEW: tradiční publicistika";"X: neuvedeno";"NTW: celostátní tisk";"váhy 50 kilogramů . </s><s> „ Opakováním správného fyziologického pohybu dolních";"končetin pomocí Prodrobotu";"umožňujeme dětem snadněji si tento pohyb zapamatovat , aby ho"
"1";"en: angličtina";"NFC: oborová literatura";"POP: populárně naučná literatura";"NAT: přírodní vědy";"MED: lékařství";"v těle ( měřeno podle závažnosti příznaků nebo množství C-reaktivního";"proteinu pomocí CRP";"testu ) , snížení krevní glukózy u diabetiků ( měřeno"
"1";"en: angličtina";"NFC: oborová literatura";"POP: populárně naučná literatura";"NAT: přírodní vědy";"PHY: fyzika";"ověřovány . </s><s> Bez teorie relativity by přesně nefungovalo například určování";"polohy pomocí GPS";"( global positioning systems ) . </s><s> Časy příjmu signálů vysílaných"
"1";"cs: čeština";"NFC: oborová literatura";"POP: populárně naučná literatura";"FTS: formální a technické vědy";"ICT: výpočetní technika";"kartu » Upřesnit « a zde označte předvolbu » Místo";"vykreslování pomocí GPU";"používat softwarové vykreslování « , kterou najdete úplně nahoře . </s>"
"1";"cs: čeština";"NFC: oborová literatura";"SCI: odborná literatura";"NAT: přírodní vědy";"MED: lékařství";"pacientovi významně snižuje psychologický tlak na zdravotnické pracovníky při třídění";"pacientů pomocí přesně";"definovaného systému příznaků a symptomů , které se označují jako"
"1";"cs: čeština";"NFC: oborová literatura";"POP: populárně naučná literatura";"ITD: interdisciplinární";"ITD: interdisciplinární";"vyřadit z činnosti vybraný gen . Do „ díry “";"vytvořené pomocí CRISPR";"- Cas lze ale také vsunout cíleně připravený úsek DNA"
"1";"cs: čeština";"NFC: oborová literatura";"SCI: odborná literatura";"FTS: formální a technické vědy";"TEC: technika";"a využití libovolného výstupu senzoru , </s><s> • normalizace nesouhlasných datových";"souborů pomocí TML";"modelů chování . </s><s> TML se skládá z celého popisu systému"
"1";"cs: čeština";"NFC: oborová literatura";"PRO: profesní literatura";"FTS: formální a technické vědy";"TEC: technika";"není bez zajímavosti , že se tiskárna dá ovládat z";"ruky pomocí DeltaControl";"displeje , přes aplikaci na mobilním telefonu nebo vzdáleně pomocí"
"1";"cs: čeština";"NFC: oborová literatura";"PRO: profesní literatura";"FTS: formální a technické vědy";"ICT: výpočetní technika";"proces zpřesňovat . </s><s> Významným faktorem je též možnost sledovat aktivitu";"obchodu pomocí ABC";"analýzy obchodních příležitostí a rozboru pipe - line . </s><s> Zavedení"
"1";"cs: čeština";"NFC: oborová literatura";"POP: populárně naučná literatura";"ITD: interdisciplinární";"ITD: interdisciplinární";"podrobně charakterizovat genomy mnoha jedinců . </s><s> Charakterizace dědičné informace každého";"jedince pomocí velmi";"vysokého počtu markerů DNA ( typicky polymorfismy individuálních nukleotidů v"
"1";"cs: čeština";"NFC: oborová literatura";"SCI: odborná literatura";"NAT: přírodní vědy";"MED: lékařství";"míru poškození všech kostních i diskoligamentózních struktur hrudní a bederní";"páteře pomocí MR";", sledovat v průběhu 18 měsíců strukturální a tvarové změny"
"1";"cs: čeština";"NMG: publicistika";"LEI: volnočasová publicistika";"X: neuvedeno";"INT: zajímavosti ze světa";"36 ( 4 x ) . </s><s> Vniklá kola zapasujte do";"náprav pomocí os";"37 ( 2 x ) . </s><s> 8 Posledním doplňkem modelu"
"1";"cs: čeština";"NFC: oborová literatura";"POP: populárně naučná literatura";"NAT: přírodní vědy";"BIO: biologie";"v dějinách přikročeno k systematickému "" chovu a šlechtění """;"lidí pomocí """;"klasických "" metod selekce a zacíleného sestavování párů , jak"
"1";"cs: čeština";"NFC: oborová literatura";"SCI: odborná literatura";"NAT: přírodní vědy";"PHY: fyzika";". </s><s> Měření bylo založeno na rezonanční excitaci pouze malého podsouboru";"molekul pomocí spektrálně";"velmi úzké čáry laditelného spojitého laseru . </s><s> Leč tyto techniky"
"1";"cs: čeština";"NFC: oborová literatura";"PRO: profesní literatura";"NAT: přírodní vědy";"GEO: geografie, geologie";", kosmu , kosmických těles nebo jejich částí převedený do";"roviny pomocí matematicky";"definovaných vztahů ( kartografických zobrazení ) , ukazující prostřednictvím metod"
"1";"cs: čeština";"NFC: oborová literatura";"SCI: odborná literatura";"NAT: přírodní vědy";"MED: lékařství";"možnostech farmakologické léčby , by měla být zvážena i možnost";"léčby pomocí DBS";". </s><s> Je celá řada faktorů , které je třeba zvážit"
"1";"cs: čeština";"NFC: oborová literatura";"PRO: profesní literatura";"FTS: formální a technické vědy";"TEC: technika";"ve složitých zastavovacích poměrech obtížné posuzovat denní osvětlení a oslunění";"budov pomocí tehdy";"existujících relativně jednoduchých graficko-početních metod . </s><s> V Čechách i na"
"1";"cs: čeština";"NFC: oborová literatura";"PRO: profesní literatura";"FTS: formální a technické vědy";"TEC: technika";"Pardubice je dosažení přímého spojení Chrudim – Pardubice – Hradec";"Králové pomocí tzv";". Medlešické spojky . </s><s> Tato idea je dosti stará a"
"1";"cs: čeština";"NFC: oborová literatura";"POP: populárně naučná literatura";"FTS: formální a technické vědy";"ICT: výpočetní technika";"zpráv na další adresy , filtry příchozí pošty nebo šifrování";"zpráv pomocí OpenPGP";". </s><s> Tlačítko se jménem aktuálně přihlášeného uživatele v pravém horním"
"1";"cs: čeština";"NFC: oborová literatura";"POP: populárně naučná literatura";"FTS: formální a technické vědy";"TEC: technika";"dálnici . </s><s> Zaujala mě možnost vylepšit průběh výkonu i točivého";"momentu pomocí chiptuningu";"a snížit tak spotřebu a zvýšit pružnost motoru i akceleraci"
"1";"cs: čeština";"NFC: oborová literatura";"PRO: profesní literatura";"FTS: formální a technické vědy";"TEC: technika";"požadováno prokázání celé základní způsobilosti . </s><s> I přes avizovanou možnost";"hodnocení pomocí více";"kritérií i nadále přetrvává požadavek zadavatelů na hodnocení pouze pomocí"
"1";"cs: čeština";"NFC: oborová literatura";"SCI: odborná literatura";"NAT: přírodní vědy";"BIO: biologie";"; McDougall et al . 2011 ) . </s><s> Mapování rostlinných";"invazí pomocí invadovanosti";"stanovišť </s><s> Skutečnost , že biotop je nejdůležitějším faktorem určujícím invadovanost"
"1";"cs: čeština";"NFC: oborová literatura";"PRO: profesní literatura";"FTS: formální a technické vědy";"ICT: výpočetní technika";"zákaznické zkušenosti . </s><s> Právě zde hraje obrovskou roli zpracování různorodých";"dat pomocí tzv";". extrémní analytiky . </s><s> Výsledkem pak je zákaznická zkušenost na"
"1";"cs: čeština";"NMG: publicistika";"NEW: tradiční publicistika";"X: neuvedeno";"NTW: celostátní tisk";"parametry . </s><s> „ Na monitorovací stanici v Ratiboři měříme výšku";"oblačnosti pomocí cejlometru";"a teplotní zvrstvení pomocí radiometru . </s><s> Tyto informace objasní závislost"
"1";"cs: čeština";"NFC: oborová literatura";"POP: populárně naučná literatura";"FTS: formální a technické vědy";"ICT: výpočetní technika";"“ která mě dost vyděsila . </s><s> Okamžitě jsem provedl zálohu";"disku ( pomocí ACRONIS";") na externí disk a zároveň provedl kontrolu disku pomocí"
"1";"cs: čeština";"NFC: oborová literatura";"SCI: odborná literatura";"NAT: přírodní vědy";"MED: lékařství";"okolnosti , které používání glukometru pacientem omezují . </s><s> Při monitoraci";"glukózy pomocí FGM";"se však průměrná frekvence skenů senzorů pacientem ( každý sken"
"1";"cs: čeština";"NMG: publicistika";"LEI: volnočasová publicistika";"X: neuvedeno";"HOU: bydlení, zahrada, hobby";"kusy , </s><s> Bose SoundTouch20 je bezdrátový hudební systém umožňující streamování";"hudby pomocí SoundTouch";"technologie z PC nebo NAS serveru , telefonu , internetového"
"1";"cs: čeština";"NFC: oborová literatura";"POP: populárně naučná literatura";"ITD: interdisciplinární";"ITD: interdisciplinární";"myslí směs jakékoliv kvašené zeleniny nebo zeleniny upravené a dodatečně";"zakonzervované pomocí dodatečně";"přidaného sladkokyselého láku . </s><s> Prakticky všechny shora uvedené rady ,"
"1";"en: angličtina";"FIC: beletrie";"NOV: próza";"X: neuvedeno";"X: neuvedeno";"Snapchatu , aplikace na sdílení fotografií , vydělal jednu miliardu";"dolarů pomocí venture";"investic a pak zjistil , nebo mu to bylo spíše"
"1";"cs: čeština";"NFC: oborová literatura";"SCI: odborná literatura";"NAT: přírodní vědy";"MED: lékařství";"hemilaminektomií s ošetřením případné lacerace durálního vaku a s kontrolou";"dekomprese pomocí intraoperační";"myelografie . </s><s> Při současné kominutivní zlomenině obratlového těla byla doplněna"
"1";"cs: čeština";"NFC: oborová literatura";"POP: populárně naučná literatura";"FTS: formální a technické vědy";"ICT: výpočetní technika";"dynamické světelné efekty Dynamic Colour Illuminator , které osvítí interiér";"vozu pomocí LED";"diod , které jsou zabudovány do CD přijímače . </s><s> K"
"1";"cs: čeština";"NFC: oborová literatura";"POP: populárně naučná literatura";"FTS: formální a technické vědy";"ICT: výpočetní technika";"které ale mají jedno společné - jsou založeny na sdílení";"polohy pomocí GPS";"a datového připojení </s><s> Pro předškoláky a malé studenty </s><s> Pokud patříte"
"1";"cs: čeština";"NFC: oborová literatura";"PRO: profesní literatura";"NAT: přírodní vědy";"AGR: zemědělství, chovatelství";"které přispívají kjejich efektivnímu provozu . </s><s> Jsou to například systémy";"navádění pomocí GPS";", nebo laserového snímání hrany porostu . </s><s> Dále je možné"
"1";"cs: čeština";"NFC: oborová literatura";"PRO: profesní literatura";"FTS: formální a technické vědy";"TEC: technika";"ochutnat , jak se změní povrchové napětí i chuť vody";"upravené pomocí technicky";"vysoce sofistikovaného systému , který v mnoha oblastech lidského podnikání"
"1";"cs: čeština";"NFC: oborová literatura";"PRO: profesní literatura";"NAT: přírodní vědy";"MED: lékařství";"pro nás i naše pacienty . </s><s> Jak vysoká je úspěšnost";"léčby pomocí PDE";"- 5 inhibitorů ? </s><s> A existují i nějaké další možnosti"
"1";"cs: čeština";"NFC: oborová literatura";"PRO: profesní literatura";"FTS: formální a technické vědy";"ICT: výpočetní technika";"personalizovaný včetně možnosti biometrického ověření , přináší jedinečnou možnost identifikace";"objektů pomocí NFC";"čipů , QR kódu , čárových kódů nebo GPS lokace"
"1";"cs: čeština";"NFC: oborová literatura";"PRO: profesní literatura";"FTS: formální a technické vědy";"TEC: technika";"kompresory . </s><s> Vše je zcela jednoduché , od okamžiku uživatelského";"přihlášení pomocí RFID";"čipu , můžete intuitivně ovládat různé funkce . </s><s> Je to"
"1";"cs: čeština";"NFC: oborová literatura";"SCI: odborná literatura";"NAT: přírodní vědy";"MED: lékařství";"bariéry při měření klasickým glukometrem , využívají s vysokou frekvencí";"skenování pomocí FGM";". </s><s> Významnou výhodou FGM je jednoduchost systému , což se"
"1";"cs: čeština";"NMG: publicistika";"LEI: volnočasová publicistika";"X: neuvedeno";"HOU: bydlení, zahrada, hobby";"u většiny zařízení nastavit , případně jej ovlivnit nastavením tlaku";"vody pomocí více";"či méně otevřeného vodního kohoutu . “ </s><s> Pokud trávník zaléváte"
"1";"cs: čeština";"NFC: oborová literatura";"PRO: profesní literatura";"FTS: formální a technické vědy";"TEC: technika";"implementovat univerzálně využitelný kód . </s><s> Je rovněž zapotřebí zvýšit efektivitu";"programování pomocí již";"vytvořených či předem definovaných funkcí , aby bylo snazší porozumět"
"1";"cs: čeština";"NFC: oborová literatura";"POP: populárně naučná literatura";"ITD: interdisciplinární";"ITD: interdisciplinární";"záření . </s><s> 4 . Schéma funkce systému pro léčbu pevných";"nádorů pomocí vícenásobně";"směrovaných polymerních konjugátů Augerových zářičů . </s><s> Petr Štěpánek Tomáš Etrych"
"1";"de: němčina";"NFC: oborová literatura";"PRO: profesní literatura";"FTS: formální a technické vědy";"ICT: výpočetní technika";", nebo , což je lepší , prostřednictvím symbolického jména";"přiřazeného pomocí #";"define . </s><s> Pravidlo , které není normou ANSI - C"
"1";"cs: čeština";"NFC: oborová literatura";"POP: populárně naučná literatura";"SSC: sociální vědy";"REC: sport, rekreace, hobby";"podobě </s><s> Součástí popisu trasy je i přesné určení jednotlivých bodů";"trasy pomocí GPS";"souřadnic . </s><s> GPS přijímače se stávají běžnou součástí mobilních telefonů"
"1";"cs: čeština";"NFC: oborová literatura";"PRO: profesní literatura";"FTS: formální a technické vědy";"ICT: výpočetní technika";"situace podstatně složitější . </s><s> Jinými slovy , úspěšnost zajištění neustálé";"dostupnosti pomocí as";"- a - Service přístupu není jen otázkou technologií ,"
"1";"cs: čeština";"NFC: oborová literatura";"SCI: odborná literatura";"HUM: humanitní vědy";"ART: umění, architektura";"C 56 ) – tedy „ zavěšení “ části těla";"iniciály pomocí kaud";"protažených do bordur ( f . 77 v ) . </s>"
"1";"cs: čeština";"NFC: oborová literatura";"SCI: odborná literatura";"NAT: přírodní vědy";"MED: lékařství";"repozice , aplikace dvou klícek s kostí namísto ploténky a";"stabilizace pomocí transpedikulárních";"( TP ) šroubů , </s><s> - TLIF ( Transforaminal Lumbar"
"1";"cs: čeština";"NFC: oborová literatura";"PRO: profesní literatura";"FTS: formální a technické vědy";"ICT: výpočetní technika";"Group nabízí nový software pro zjednodušení zpracování dat při kontrole";"infrastruktury pomocí UAV";"( Unmanned Aerial Vehicle - bezposádkových letadel ) . </s><s> MAGNET"
"1";"cs: čeština";"NFC: oborová literatura";"POP: populárně naučná literatura";"ITD: interdisciplinární";"ITD: interdisciplinární";"přísná regulace nevztahovala . </s><s> V té době ještě technika editace";"genů pomocí CRISPR";"/ Cas9 neexistovala , experti však zhodnotili analogickou techniku ZFN"
"1";"cs: čeština";"NFC: oborová literatura";"PRO: profesní literatura";"FTS: formální a technické vědy";"TEC: technika";"řízku , kam je naštěpován kousek révy s pupenem ušlechtilé";"odrůdy ( pomocí tzv";". omega řezu ) , vyrůstá nový keř požadované odrůdy"
"1";"cs: čeština";"NFC: oborová literatura";"PRO: profesní literatura";"NAT: přírodní vědy";"AGR: zemědělství, chovatelství";"elektropohonem je možná preciznější regulace otáček každého rotoru podle množství";"píce pomocí ISOBUS";", tedy přímo na Varioterminálu traktoru Fendt </s><s> Návěs VarioLiner 2440"
"1";"cs: čeština";"NMG: publicistika";"LEI: volnočasová publicistika";"X: neuvedeno";"HOU: bydlení, zahrada, hobby";"Wool je díky nízkému difuznímu odporu obzvláště vhodný pro rekonstrukce";"fasád pomocí ETICS";"a pro vlhké objekty . </s><s> Je odolný vůči nárazům ,"
"1";"cs: čeština";"NMG: publicistika";"LEI: volnočasová publicistika";"X: neuvedeno";"INT: zajímavosti ze světa";"odstartovat už v roce 2021 , navíc úspěšnou stavbu vesmírných";"strojů pomocí 3D";"tisku už dokázali . </s><s> Tiskárna Stargate už postavil motor jménem"
"1";"cs: čeština";"NFC: oborová literatura";"SCI: odborná literatura";"FTS: formální a technické vědy";"ICT: výpočetní technika";"<s> 9 . 6 Numerický návrh PNS </s><s> Praktické řešení statistického problému";"rozpoznávání pomocí PNS";"spočívá , jak již bylo ukázáno v předchozích oddílech ,"
"1";"cs: čeština";"NMG: publicistika";"LEI: volnočasová publicistika";"X: neuvedeno";"HOU: bydlení, zahrada, hobby";"mechanickou odolností . </s><s> Tu skládaným dvířkům zajišťuje především kvalitní technologie";"olepení pomocí PUR";"lepidla . </s><s> A pro výběr dvířek do kuchyně pro vás"
"1";"cs: čeština";"NFC: oborová literatura";"SCI: odborná literatura";"SSC: sociální vědy";"PSY: psychologie";". </s><s> Učitel či učitelka by mohl ( např . pomocí";"modelování , pomocí vhodně";"položených otázek či srovnáním s pracemi jiných žáků ) přivést"
"1";"cs: čeština";"NFC: oborová literatura";"SCI: odborná literatura";"NAT: přírodní vědy";"MED: lékařství";"ledové tříště , ledových sáčků , ledových kompresů , ledové";"masáže ( pomocí tzv";". ledových lízátek ) , ledových norných koupelí končetin . </s>"
"1";"cs: čeština";"NMG: publicistika";"NEW: tradiční publicistika";"X: neuvedeno";"NTW: celostátní tisk";"například rychle bohatnoucím mileniálům . </s><s> Využila digitální inovace ke zjednodušení";"prodeje pomocí on-line";"aplikací a zapojila algoritmy a umělou inteligenci . </s><s> Tím může"
"1";"cs: čeština";"NFC: oborová literatura";"POP: populárně naučná literatura";"ITD: interdisciplinární";"ITD: interdisciplinární";"tzv . zelené chemie a je zaměřeno na komplexní využití";"biomasy pomocí ekologicky";"šetrných postupů . </s><s> Významná je rovněž účast ústavu v Centru"
"1";"cs: čeština";"NFC: oborová literatura";"SCI: odborná literatura";"NAT: přírodní vědy";"MED: lékařství";"intubaci se lékaři těchto oddělení musí pokusit o zajištění dýchacích";"cest pomocí laryngeální";"masky , kombitubusu či faryngálního tubusu . </s><s> Při selhání pokusů"
"1";"cs: čeština";"NMG: publicistika";"NEW: tradiční publicistika";"X: neuvedeno";"REG: regionální tisk";"popsal akci Janďura . </s><s> Šumavané také trénovali záchranu a transport";"osoby pomocí podvěsového";"vaku , nácvik evakuace a záchrany pomocí palubního jeřábu a"
"1";"cs: čeština";"NFC: oborová literatura";"SCI: odborná literatura";"NAT: přírodní vědy";"BIO: biologie";"syntéze prostorových dat pořizovaných jednotně za celou Evropu , následně";"segmentovaných pomocí objektově";"orientované analýzy ( Mücher et al . 2003 , Mücher"
"1";"cs: čeština";"NFC: oborová literatura";"PRO: profesní literatura";"FTS: formální a technické vědy";"TEC: technika";"jako byl např . prodej letenek prostřednictvím internetu nebo nákup";"jízdenek pomocí SMS";". </s><s> Co se týče sítě nabíjecích stanic , aktuální situace"
"1";"cs: čeština";"NMG: publicistika";"LEI: volnočasová publicistika";"X: neuvedeno";"LIF: životní styl";"nabízí ošetření platformou Elos , což je kombinace radiofrekvence a";"ošetření pomocí IPL";"( intenzivního pulzního světla ) , “ radí dermatoložka Iva"
"1";"cs: čeština";"NFC: oborová literatura";"SCI: odborná literatura";"NAT: přírodní vědy";"CHE: chemie";"se změří obsah vody v propan ‑ 2 olu z";"lahve pomocí coulometru";". </s><s> Měření na přístroji se provede desetkrát a z výsledků"
"1";"cs: čeština";"NFC: oborová literatura";"PRO: profesní literatura";"FTS: formální a technické vědy";"ICT: výpočetní technika";"vytvoříme , bude velice jednoduchý . </s><s> Bude zobrazovat elipsu barvy";"určené pomocí property";"a bude generovat událost , která umožní klientské aplikaci reagovat"
"1";"cs: čeština";"NFC: oborová literatura";"POP: populárně naučná literatura";"FTS: formální a technické vědy";"ICT: výpočetní technika";"grafického programu Gimp </s><s> 24 VLC Media Player Konverze hudby a";"videa pomocí VLC";"Playeru </s><s> Protip </s><s> Svižná a stabilní Windows </s><s> Mobily a tablety </s><s> 25"
"3";"en: angličtina";"FIC: beletrie";"NOV: próza";"X: neuvedeno";"X: neuvedeno";", než tu úplně zmrznu ! “ </s><s> S Harryho a";"Izzyho pomocí se";"vyškrábala na nohy a vzala s sebou i několik vrstev"
"3";"fr: francouzština";"NFC: oborová literatura";"SCI: odborná literatura";"HUM: humanitní vědy";"HIS: historie, biografie";"zřetelný . </s><s> I Sýrie samozřejmě hospodářsky , tj . formou";"různých pomocí ,";"využila války v Zálivu . </s><s> Politika ekonomické otevřenosti byla udržována"
"3";"cs: čeština";"NFC: oborová literatura";"POP: populárně naučná literatura";"ITD: interdisciplinární";"ITD: interdisciplinární";"že užití při prvních příznacích mozkové příhody a včasném vyhledání";"odborné pomocí přežívá";"postižený bez následků . </s><s> Nejpraktičtější a nejuniverzálnější možností aplikace na"
"3";"de: němčina";"FIC: beletrie";"NOV: próza";"X: neuvedeno";"X: neuvedeno";"na nejméně atraktivní služebnu v zemi . </s><s> Koneckonců jim s";"Laurentiho pomocí ukradl";"show a odsunul všechny na vedlejší kolej . </s><s> Za to"
"3";"cs: čeština";"NFC: oborová literatura";"MEM: memoáry, autobiografie";"MEM: memoáry, autobiografie";"MEM: memoáry, autobiografie";"rozhořčení , očí v sloup a nevěřícného vrtění hlavou ,";"drobných pomocí a";"snah o vzájemné pobavení , miliardy , biliony poctivě sevřených"
"3";"cs: čeština";"NFC: oborová literatura";"SCI: odborná literatura";"HUM: humanitní vědy";"HIS: historie, biografie";", že slib vrchovatě naplnil . </s><s> Současně založil tradici českých";"vojenských pomocí císařským";"zájmům v Itálii . </s><s> O královském pomazání , které by"
"3";"cs: čeština";"NFC: oborová literatura";"PRO: profesní literatura";"NAT: přírodní vědy";"AGR: zemědělství, chovatelství";"většinově vstřícný a pragmatický přístup , ale i za zajištění";"mimořádných pomocí k";"opakovanému řešení dopadů sucha , mrazů i evropských krizí s"
"3";"cs: čeština";"FIC: beletrie";"NOV: próza";"X: neuvedeno";"X: neuvedeno";". </s><s> Rozhodně jsem neměla chuť olíznout si prsty . </s><s> S";"Dannyho pomocí jsem";"našla koření i paličku . </s><s> Připadala jsem si strašně levá"
"3";"fr: francouzština";"NFC: oborová literatura";"SCI: odborná literatura";"HUM: humanitní vědy";"HIS: historie, biografie";"egyptský stát i nadále těžil ze své geopolitické situace formou";"různých pomocí ,";"zachoval si silnou samostatnost rozhodování k velké nespokojenosti svého amerického"
"3";"cs: čeština";"NFC: oborová literatura";"SCI: odborná literatura";"SSC: sociální vědy";"SOC: sociologie";"povinnost vycházející z hodnot a přesvědčení ; řešení vlastních životních";"problémů pomocí druhým";"; kompenzace komplexu méněcennosti ; posilování pocitu vlastní důležitosti ;"
"3";"sk: slovenština";"NFC: oborová literatura";"POP: populárně naučná literatura";"SSC: sociální vědy";"PSY: psychologie";"energii na pohlížení dopředu . </s><s> Možná to není pravidlo ,";"jehož pomocí zvládnete";"test v autoškole , ale určitě vám pomůže vytrvat ,"
"3";"en: angličtina";"FIC: beletrie";"NOV: próza";"X: neuvedeno";"X: neuvedeno";"znovu od začátku , pomalu a rozvážně , a s";"Freddyho pomocí překonala";"i některá těžší slova . </s><s> Když došla k poslednímu odstavci"
"3";"en: angličtina";"FIC: beletrie";"NOV: próza";"X: neuvedeno";"X: neuvedeno";"pod paží a společně vešly do obchůdku . </s><s> Dívky s";"kočího pomocí začaly";"vystupovat z kočáru . </s><s> Melanii se na schůdcích zapletla mezi"
"3";"X: neznámý";"NFC: oborová literatura";"SCI: odborná literatura";"SSC: sociální vědy";"SOC: sociologie";"zpočátku pouze fasádou . </s><s> Za ní však následovalo zbrojení ,";"jehož pomocí měla";"začít agresivní politika dobývání životního prostoru . </s><s> Boj sudetských Němců"
"3";"cs: čeština";"NFC: oborová literatura";"PRO: profesní literatura";"FTS: formální a technické vědy";"TEC: technika";"případně zaručuje zhášení oblouku během krátké doby . </s><s> Řešením ,";"jehož pomocí chce";"ABB pomoci snižovat tzv . uhlíkovou stopu elektrické sítě ,"
