"1";"fr: francouzština";"FIC: beletrie";"NOV: próza";"X: neuvedeno";"X: neuvedeno";"zcela absurdní . </s><s> Jde přece o účast na koncertu vokální";"hudby uvnitř dokonale";"neškodné komunity . </s><s> Armén se proceduře podřídil . </s><s> Není vhodná"
"1";"cs: čeština";"NMG: publicistika";"LEI: volnočasová publicistika";"X: neuvedeno";"INT: zajímavosti ze světa";"Spojených států se ve vodě z patnácti pramenů a pěti";"studní uvnitř Grand";"Canyonu vyskytuje taková koncentrace uranu , že znemožňuje používat vodu"
"1";"cs: čeština";"NFC: oborová literatura";"MEM: memoáry, autobiografie";"MEM: memoáry, autobiografie";"MEM: memoáry, autobiografie";"proevpropské opozice při obhajobě Lisabonské smlouvy . </s><s> Navíc posílilo oponenty";"smlouvy uvnitř ODS";". </s><s> Topolánek byl pod tlakem ostatních zemí EU , aby"
"1";"cs: čeština";"NFC: oborová literatura";"PRO: profesní literatura";"FTS: formální a technické vědy";"ICT: výpočetní technika";"případě off - site nasazení . </s><s> Co se týká hardwarové";"výbavy , uvnitř DS416slim";"nalezneme dvoujádrový procesor o taktu 1 . 0 GHz s"
"1";"cs: čeština";"NMG: publicistika";"NEW: tradiční publicistika";"X: neuvedeno";"NTW: celostátní tisk";"od dostatku práce přes důstojnou penzi až k potírání daňových";"rájů uvnitř EU";". </s><s> Čeští voliči , kteří byli součástí průzkumu , se"
"1";"es: španělština";"FIC: beletrie";"NOV: próza";"X: neuvedeno";"X: neuvedeno";"i když manipulace s demokratickými mechanismy jí vynesla stoupající počet";"nepřátel uvnitř i";"vně Indie . </s><s> Ale zpočátku část obyvatelstva , zvláště střední"
"1";"cs: čeština";"NFC: oborová literatura";"MEM: memoáry, autobiografie";"MEM: memoáry, autobiografie";"MEM: memoáry, autobiografie";"nakonec ukázala být testem vládní jednoty , a dokonce i";"jednoty uvnitř ODS";". </s><s> ODA tři dny po jejím oznámení prohlásila , že"
"1";"en: angličtina";"FIC: beletrie";"NOV: próza";"X: neuvedeno";"X: neuvedeno";"Jonesová byla jedna ze dvou známých Turistů , členů podivného";"bratrstva uvnitř CIA";"známého jako Odbor turistiky . </s><s> Po dlouhá desetiletí tento odbor"
"1";"en: angličtina";"NFC: oborová literatura";"SCI: odborná literatura";"HUM: humanitní vědy";"HIS: historie, biografie";", byly zneklidňující , ale jistě mohly napomoci porážce páté";"kolony uvnitř SSSR";"a válečnému vítězství , a v tomto směru byly dobré"
"1";"cs: čeština";"NFC: oborová literatura";"SCI: odborná literatura";"SSC: sociální vědy";"ECO: ekonomie, obchod, logistika";"ex - ante a ex - post kondicionality </s><s> Nejviditelnější mechanismus";"kondicionality uvnitř „";"předkrizové “ Evropské unie byl spojen s existencí eurozóny . </s>"
"1";"cs: čeština";"NMG: publicistika";"LEI: volnočasová publicistika";"X: neuvedeno";"INT: zajímavosti ze světa";"dispozici , a postavil si vlastní přístroj . </s><s> Filmoval let";"kolibříků uvnitř vlastnoručně";"vyrobeného aerodynamického tunelu , kde ptáky zachycoval při rychlostech větru"
"1";"cs: čeština";"NFC: oborová literatura";"PRO: profesní literatura";"FTS: formální a technické vědy";"ICT: výpočetní technika";"<s> Robotmaster jednoduše integruje programování robotů , simulaci drah a generování";"kódu uvnitř CAD";"/ CAM systému Mastercam . </s><s> Jelikož programování probíhá mimo robotické"
"1";"cs: čeština";"NFC: oborová literatura";"PRO: profesní literatura";"FTS: formální a technické vědy";"TEC: technika";"si můžete vzpomenout , že za snížením parazitních odporů a";"kapacit uvnitř LCD";"obrazovek stojí také tento program . </s><s> Má však COMSOL Multiphysics"
"1";"cs: čeština";"NFC: oborová literatura";"POP: populárně naučná literatura";"ITD: interdisciplinární";"ITD: interdisciplinární";"značně neobvyklý . </s><s> Možným vysvětlením je přítomnost velmi hmotné černé";"díry uvnitř UCD";", která , jako je tomu ve velkých galaxiích ,"
"1";"cs: čeština";"NFC: oborová literatura";"PRO: profesní literatura";"FTS: formální a technické vědy";"TEC: technika";"<s> A v tom tkví kámen úrazu českých představ vývoje vlastní";"energetiky uvnitř EU";". </s><s> Cenu elektřiny v propojeném regionu střední Evropy určuje Německo"
"1";"cs: čeština";"NFC: oborová literatura";"PRO: profesní literatura";"FTS: formální a technické vědy";"TEC: technika";"významné snížení , chcete - li narušení , konkurenceschopnosti českých";"firem ( uvnitř i";"vně Evropy ) , neboť tyto zvýšené náklady nejsou jakkoliv"
"1";"cs: čeština";"NFC: oborová literatura";"PRO: profesní literatura";"SSC: sociální vědy";"EDU: pedagogika";"rámci propagace své činnost usilovat o zlepšení informační a propagační";"činnosti uvnitř i";"vně odborového svazu , zejména prostřednictvím vlastního Týdeníku ŠKOLSTVÍ ,"
"1";"cs: čeština";"NFC: oborová literatura";"PRO: profesní literatura";"FTS: formální a technické vědy";"TEC: technika";"která pochází z energetického stavitelství a byla upravena pro nátěry";"podlah uvnitř i";"vně budov . </s><s> Inovace firmy mC - bauchemie nabízí široké"
"1";"cs: čeština";"NFC: oborová literatura";"POP: populárně naučná literatura";"NAT: přírodní vědy";"BIO: biologie";"podzemní těžby zanikaly . </s><s> V těžbě nerostných surovin kameniva a";"písku uvnitř CHKO";"došlo tedy mezi léty 1948 a 1989 k řadě velkých"
"1";"en: angličtina";"FIC: beletrie";"NOV: próza";"X: neuvedeno";"X: neuvedeno";"s Proctorem ještě jednou zkusím , tentokrát z řady telefonních";"automatů uvnitř Horton";"Plaza Mall . </s><s> "" Dejte mi prosím mobilní telefonní číslo"
"1";"cs: čeština";"NFC: oborová literatura";"SCI: odborná literatura";"SSC: sociální vědy";"PSY: psychologie";"proces „ dělání “ , zakoušení , interpretování a vyjednávání";"významů uvnitř „";"společenství myslí “ . </s><s> S ohledem na to je koncipován"
"1";"cs: čeština";"NMG: publicistika";"NEW: tradiční publicistika";"X: neuvedeno";"NTW: celostátní tisk";". </s><s> Při posuzování proto vždy bude hrát roli jakýsi práh";"citlivosti uvnitř EU";", který je v zavedenějších demokraciích položen níže , což"
"1";"cs: čeština";"NFC: oborová literatura";"PRO: profesní literatura";"FTS: formální a technické vědy";"TEC: technika";"a lehčí než Infratec 1241 . </s><s> Nová 4 . generace";"monochromátoru uvnitř Infratec";"NOVA stanovuje nové standardy v oblasti výkonu NIR . </s><s> Inteligentní"
"1";"de: němčina";"NFC: oborová literatura";"SCI: odborná literatura";"HUM: humanitní vědy";"HIS: historie, biografie";"řeckého království , ale i postavení a identity všech ortodoxních";"křesťanů uvnitř i";"vně Osmanské říše . </s><s> Osmanská a ortodoxní loajalita se dostaly"
"1";"cs: čeština";"NMG: publicistika";"NEW: tradiční publicistika";"X: neuvedeno";"NTW: celostátní tisk";"jako nezařazená poslankyně . </s><s> Její rozhodnutí je zjevně důsledkem přetrvávajících";"sporů uvnitř AfD";". </s><s> CSU zmítají obavy </s><s> V Bavorsku musela strávit velké ztráty"
"1";"fr: francouzština";"NFC: oborová literatura";"SCI: odborná literatura";"HUM: humanitní vědy";"HIS: historie, biografie";"vojáci z Čech tvořili patrně jednu čtvrtinu celkových sil konfederace";"operujících uvnitř i";"mimo království a Holanďané jednu osminu , přičemž upřesnil ,"
"1";"en: angličtina";"NFC: oborová literatura";"SCI: odborná literatura";"SSC: sociální vědy";"POL: politika, vojenství";"používáme v této studii , jsou formálně organizované součásti politického";"systému uvnitř i";"vně státu , k jejichž vzniku nedochází spontánně , nýbrž"
"1";"cs: čeština";"NMG: publicistika";"NEW: tradiční publicistika";"X: neuvedeno";"NTW: celostátní tisk";"spojeneckých armád . </s><s> Konaly podle práva , protože většina velitelů";"wehrmachtu uvnitř dosud";"obsazeného území se podle německé tradice snažila k termínu kapitulace"
"1";"cs: čeština";"NFC: oborová literatura";"SCI: odborná literatura";"HUM: humanitní vědy";"PHI: filozofie, náboženství";"“ je založeno na souhře stovek a tisíců různých bílkovinných";"molekul uvnitř a";"na površích buněk imunitního systému . </s><s> O tomto mimořádně složitém"
"1";"cs: čeština";"NMG: publicistika";"NEW: tradiční publicistika";"X: neuvedeno";"NTW: celostátní tisk";"superstátu “ </s><s> Orbánův střet s EPP je jedním z nejviditelnějších";"sporů uvnitř EU";", názorové třenice však rozdělují i dalšími unijní politiky . </s>"
"1";"cs: čeština";"NMG: publicistika";"NEW: tradiční publicistika";"X: neuvedeno";"NTW: celostátní tisk";"ANO v 11členné radě města 7 křesel . </s><s> Září 2015";"Neshody uvnitř ANO";"sílí , což vyvrcholilo neúspěšným pokusem o odvolání náměstkyně Simony"
"1";"cs: čeština";"NMG: publicistika";"NEW: tradiční publicistika";"X: neuvedeno";"NTW: celostátní tisk";"<s> Seriál zasazený do roku 1929 , kdy policisté vyšetřují případ";"vydírání uvnitř berlínské";"porno scény , může na první pohled vypadat jako tuctová"
"1";"cs: čeština";"NFC: oborová literatura";"MEM: memoáry, autobiografie";"MEM: memoáry, autobiografie";"MEM: memoáry, autobiografie";"dominancí ODS by nebyl dobrý . </s><s> Výsledky voleb posílily pozici";"lidovců uvnitř už";"beztak chatrné koalice , což pak mělo nepochybně vliv na"
"1";"cs: čeština";"NFC: oborová literatura";"SCI: odborná literatura";"HUM: humanitní vědy";"THE: divadlo, film, tanec";"protože řada tvůrců diskutovat chce a naopak jim kvalifikované posouzení";"pořadu uvnitř i";"vně rozhlasu velmi chybí . </s><s> Setkala jsem se však v"
"1";"cs: čeština";"NFC: oborová literatura";"SCI: odborná literatura";"NAT: přírodní vědy";"MED: lékařství";"v Edinburgu . </s><s> Metoda analyzuje přítomnost specifického genu nebo skupiny";"genů uvnitř DNA";". </s><s> Obecně lze uvažovat o analýze od celkové hmotnosti 0,1"
"1";"cs: čeština";"FIC: beletrie";"COL: kratší próza";"X: neuvedeno";"X: neuvedeno";", uvnitř malého žaludu , uvnitř jednosměrného proudu , uvnitř";"paty , uvnitř sekto";"- party , uvnitř výměníku , uvnitř stélky ve slamníku"
"1";"cs: čeština";"NMG: publicistika";"NEW: tradiční publicistika";"X: neuvedeno";"NTW: celostátní tisk";"miliardami eur a zásadně tak ovlivní příští podobu společně sdíleného";"prostoru uvnitř EU";". </s><s> Momentálně nic bližšího realitě v Evropě není . </s><s> Dělí"
"1";"cs: čeština";"NFC: oborová literatura";"SCI: odborná literatura";"SSC: sociální vědy";"ECO: ekonomie, obchod, logistika";"do kterého se zapojily jen státy eurozóny . </s><s> Odlišnost závazků";"států uvnitř a";"mimo eurozónu se odrazila i v institucionální struktuře . </s><s> Zatímco"
"1";"cs: čeština";"NFC: oborová literatura";"SCI: odborná literatura";"NAT: přírodní vědy";"MED: lékařství";"1 Somatická rekombinace </s><s> Delece „ nadbytečné "" DNA během přestaveb";"genů uvnitř TCR";"komplexů je umožněna existencí zvláštních rekombinačních signálních sekvencí , které"
"1";"cs: čeština";"NMG: publicistika";"NEW: tradiční publicistika";"X: neuvedeno";"NTW: celostátní tisk";"zboží ale prodávají vesměs bez ní , protože při pohybu";"zboží uvnitř EU";"se DPH ruší . </s><s> Aby firmy nebyly škodné , stát"
"1";"es: španělština";"FIC: beletrie";"NOV: próza";"X: neuvedeno";"X: neuvedeno";"represivních opatření . </s><s> Také se jí dotýkaly neustálé petice různých";"osobností uvnitř i";"vně Indie , aby odvolala výjimečný stav . </s><s> Její strýc"
"1";"en: angličtina";"FIC: beletrie";"NOV: próza";"X: neuvedeno";"X: neuvedeno";", odvozená z mikrografického měření . </s><s> Toto mapování prokázalo kolísání";"aktivity uvnitř jinak";"zcela homogenní struktury . </s><s> Snímek laskavostí projektu Wildfire . </s><s> ***"
"1";"cs: čeština";"NMG: publicistika";"LEI: volnočasová publicistika";"X: neuvedeno";"LIF: životní styl";"“ míní ředitelka . </s><s> Když nastoupí dogma </s><s> Koncept volnosti a";"svobody uvnitř pevně";"daných hranic , důsledného trvání na nich a jejich neustálé"
"1";"cs: čeština";"NMG: publicistika";"NEW: tradiční publicistika";"X: neuvedeno";"NTW: celostátní tisk";"dentaty . </s><s> Mýtus o Amazonkách je výrazem mužského strachu z";"žen uvnitř komplexněji";"organizované společnosti – je strachem ze ztráty dominance . </s><s> Z"
"1";"cs: čeština";"NFC: oborová literatura";"POP: populárně naučná literatura";"ITD: interdisciplinární";"ITD: interdisciplinární";". West naleznou vysvětlení tohoto exponentu v geometrickém charakteru transportních";"sítí uvnitř organismu2";"a formulují na tomto základě univerzální teorii vztahující k sobě"
"1";"cs: čeština";"NMG: publicistika";"NEW: tradiční publicistika";"X: neuvedeno";"NTW: celostátní tisk";"brannou politiku Florian Hahn řekl , že v rámci svobody";"pohybu uvnitř EU";"mohou vznikat moderní modely , jak stav vojáků zvýšit . </s>"
"1";"cs: čeština";"NFC: oborová literatura";"SCI: odborná literatura";"HUM: humanitní vědy";"LAN: filologie";"umělecké . </s><s> Transformace k čemu ? </s><s> K jiné platnosti hodnot";"životních uvnitř a";"vně tohoto vytvořeného a v tom vždy v té či"
"1";"cs: čeština";"NMG: publicistika";"NEW: tradiční publicistika";"X: neuvedeno";"NTW: celostátní tisk";"i 200 milionů eur na nový nástroj pro poskytování humanitární";"pomoci uvnitř EU";". </s><s> Zbylé 2,2 miliardy eur půjde na boj s uprchlickou"
"1";"cs: čeština";"NFC: oborová literatura";"POP: populárně naučná literatura";"NAT: přírodní vědy";"BIO: biologie";"na vzhled a funkci říční krajiny dalekosáhlý vliv . </s><s> Úsek";"Berounky uvnitř CHKO";"je dlouhý 42 kilometrů , ale úhrnný spád na celém"
"1";"cs: čeština";"NMG: publicistika";"NEW: tradiční publicistika";"X: neuvedeno";"NTW: celostátní tisk";"že návrh přispěje „ k omezení daňových úniků zejména nadnárodních";"skupin uvnitř EU";"“ . </s><s> Zároveň poukazuje na některé problematické body a nejasnosti"
"1";"cs: čeština";"NMG: publicistika";"NEW: tradiční publicistika";"X: neuvedeno";"REG: regionální tisk";"s nízkou životní úrovní . </s><s> Rozdílná kupní síla způsobí migraci";"lidí uvnitř EU";", budou se chtít stěhovat za lepším živobytím v prosperujících"
"1";"cs: čeština";"NFC: oborová literatura";"SCI: odborná literatura";"SSC: sociální vědy";"ECO: ekonomie, obchod, logistika";"<s> Změna v tomto případě znamená zejména přehodnocení a přeprojektování procesů";"probíhajících uvnitř i";"vně organizace . </s><s> Kontinuálním a pozvolným nástrojem dosažení procesního managementu"
"1";"cs: čeština";"NFC: oborová literatura";"POP: populárně naučná literatura";"HUM: humanitní vědy";"LAN: filologie";"těchto zdrojů plynou do ČT ( a patrně i nějakých";"lidí uvnitř ČT";") zajímavé prostředky , které by neplynuly z ryzího zpravodajství"
"1";"cs: čeština";"NFC: oborová literatura";"MEM: memoáry, autobiografie";"MEM: memoáry, autobiografie";"MEM: memoáry, autobiografie";"míry reflektovaly názory Klausova týmu , ale také byly odrazem";"kompromisů uvnitř OF";". </s><s> Zároveň bylo už před volbami jasné , že se"
"1";"cs: čeština";"NMG: publicistika";"NEW: tradiční publicistika";"X: neuvedeno";"NTW: celostátní tisk";"pro změnu pravidel fungování EU , tak pro vylepšení české";"pozice uvnitř EU";". </s><s> Měla by přijít s návrhy na uvolnění svěrací kazajky"
"1";"cs: čeština";"NFC: oborová literatura";"SCI: odborná literatura";"NAT: přírodní vědy";"BIO: biologie";"podpořit přímo vhodným managementem pěstování dané plodiny , tvorbou travinobylinných";"pásů uvnitř nebo";"na okrajích produkčních ploch i vhodnou péčí o lemy a"
"1";"cs: čeština";"NFC: oborová literatura";"SCI: odborná literatura";"NAT: přírodní vědy";"PHY: fyzika";"umožnily , alespoň do jisté míry , zjistit homogenní tvar";"spektra uvnitř nehomogenně";"rozšířených pásů . </s><s> Měření bylo založeno na rezonanční excitaci pouze"
"1";"cs: čeština";"NMG: publicistika";"NEW: tradiční publicistika";"X: neuvedeno";"NTW: celostátní tisk";"období a začnou platit nově nastavená pravidla již bez Spojeného";"království uvnitř EU";". </s><s> Toto období má podle obou stran vnést trochu klidu"
"1";"cs: čeština";"NMG: publicistika";"NEW: tradiční publicistika";"X: neuvedeno";"NTW: celostátní tisk";"tolik o znovuobnovení ztracené velikosti , nýbrž o udržení stávajících";"výsad uvnitř stále";"propojenějšího světa . </s><s> Dominantní proud této nové pravice nevyzývá své"
"1";"cs: čeština";"NMG: publicistika";"NEW: tradiční publicistika";"X: neuvedeno";"NTW: celostátní tisk";"že některé státy východní Evropy a Asie budou chtít využít";"rozpolcenosti uvnitř EU";"ve prospěch vlastních zájmů . </s><s> Petr Vlasák , hlavní analytik"
"1";"cs: čeština";"NFC: oborová literatura";"MEM: memoáry, autobiografie";"MEM: memoáry, autobiografie";"MEM: memoáry, autobiografie";"vzájemných výpadů mezi vládou a opozicí , ale i určitého";"napětí uvnitř nově";"vytvořené vlády byla zapříčiněna blížícími se prvními volbami do Senátu"
"1";"cs: čeština";"NFC: oborová literatura";"SCI: odborná literatura";"NAT: přírodní vědy";"MED: lékařství";"<s> Lavatherm je tepelný balíček , naplněný natriumacetátem . </s><s> Mechanickou aktivací";"aktivátoru uvnitř lavathermu";"dochází k řetězové krystalizaci , přičemž vzniká teplo až 54"
"1";"cs: čeština";"NMG: publicistika";"NEW: tradiční publicistika";"X: neuvedeno";"NTW: celostátní tisk";"nutné udržet pohromadě evropskou Rubikovu kostku , tedy sedmadvacet evropských";"států uvnitř EU";". </s><s> Jen dohromady a při vzájemném porozumění mohou tvořit globální"
"1";"cs: čeština";"NMG: publicistika";"NEW: tradiční publicistika";"X: neuvedeno";"REG: regionální tisk";"rozlohu země . </s><s> Skvěle funguje řízení obchodu a vzájemné hospodářské";"pomoci uvnitř EU";"i mimo ni . </s><s> Všichni obchodují ve společné měně a"
"1";"cs: čeština";"NMG: publicistika";"NEW: tradiční publicistika";"X: neuvedeno";"NTW: celostátní tisk";"s vedením ČSSD tvrdě kritizuje . </s><s> Ví proč . </s><s> Rozložení";"sil uvnitř ČSSD";"v nadcházející bitvě je totiž stále jasnější . </s><s> Návrh ,"
"1";"cs: čeština";"NFC: oborová literatura";"SCI: odborná literatura";"NAT: přírodní vědy";"BIO: biologie";"patogenní pro motýly lze charakterizovat schopností růstu , rozmnožování nebo";"vývoje uvnitř anebo";"na povrchu motýlů . </s><s> Svou činností prokazatelně poškozují hostitele . </s>"
"1";"cs: čeština";"NFC: oborová literatura";"SCI: odborná literatura";"HUM: humanitní vědy";"LAN: filologie";". </s><s> V kontaktu s nimi je též jednotlivý výraz „";"zvuků “ uvnitř 281";". </s><s> To všechno zde jistě podporuje náladu vězňova vzpomínání i"
"1";"cs: čeština";"NFC: oborová literatura";"PRO: profesní literatura";"FTS: formální a technické vědy";"ICT: výpočetní technika";". Novinkou v tomto doplňku je nová technologie pro spojování";"vláken uvnitř 3D";"tiskárny , bez dotyku vlákna s topným tělesem . </s><s> Mosaic"
"2";"cs: čeština";"NFC: oborová literatura";"PRO: profesní literatura";"FTS: formální a technické vědy";"TEC: technika";"který má vypracovat HR , nemá to často s realitou";"firmy uvnitř příliš";"společného , a tudíž to není skutečný Employer Brand . </s>"
"3";"cs: čeština";"NMG: publicistika";"LEI: volnočasová publicistika";"X: neuvedeno";"HOU: bydlení, zahrada, hobby";"se stavební „ obálkou “ budovy , nýbrž i zdroji";"energie uvnitř .";"</s><s> Bude žádoucí maximálně využívat ty zdroje energie , které jsou"
"3";"en: angličtina";"FIC: beletrie";"NOV: próza";"X: neuvedeno";"X: neuvedeno";"rozpustil se , křupavá zlatá kůrčička se probořila do měkkého";"těsta uvnitř .";"</s><s> Grout měl štěstí , že na Čirém potoce smažili koblihy"
"3";"cs: čeština";"NMG: publicistika";"LEI: volnočasová publicistika";"X: neuvedeno";"HOU: bydlení, zahrada, hobby";"neobydleného podkroví . </s><s> Nápad architekta Máci funguje dále : ze";"sauny uvnitř se";"skáče do vody a proplouvá do vyhřívaného venkovního bazénu . </s>"
"3";"cs: čeština";"NMG: publicistika";"LEI: volnočasová publicistika";"X: neuvedeno";"HOU: bydlení, zahrada, hobby";"a pevná , aby nevítaní hosté zůstali venku a členové";"rodiny uvnitř ?";"</s><s> Nebo má jen estetický účel v zahradní tvorbě , například"
"3";"ru: ruština";"FIC: beletrie";"NOV: próza";"X: neuvedeno";"X: neuvedeno";"co je stejné jako já sám , ovšem bez uvědomované";"zkušenosti – uvnitř má";"jen černo … “ </s><s> Jenže pro koho černo , ptám"
"3";"cs: čeština";"NFC: oborová literatura";"SCI: odborná literatura";"HUM: humanitní vědy";"ANT: antropologie, etnografie";"prázdný „ balónek "" z hedvábných vláken , ale bez";"kořisti uvnitř ,";"což samičku při předání plně uspokojuje ( přinášení ritualizovaných darů"
"3";"en: angličtina";"FIC: beletrie";"NOV: próza";"X: neuvedeno";"X: neuvedeno";"daleko méně odolné než Lovci . </s><s> Opera praskla ; spleť";"drátů uvnitř se";"potrhala . </s><s> Těsně předtím , než byl zničen hlavní mozkový"
"3";"en: angličtina";"FIC: beletrie";"NOV: próza";"X: neuvedeno";"X: neuvedeno";", protože to vypadalo , že mu změť rukou a";"nohou uvnitř přímo";"exploduje . </s><s> „ Hele , Josette , “ ukazoval radostně"
"3";"X: neznámý";"NFC: oborová literatura";"SCI: odborná literatura";"SSC: sociální vědy";"SOC: sociologie";"národní nebo nadnárodní – k upevnění takové sféry rovnosti a";"vzájemnosti uvnitř a";"mezi národním státem ( srov . Turner 2001 ; Ku"
"3";"de: němčina";"NFC: oborová literatura";"MEM: memoáry, autobiografie";"MEM: memoáry, autobiografie";"MEM: memoáry, autobiografie";"připomene , že svět byl původně stvořen krásný , člověka";"krásného uvnitř i";"navenek , jsem uchvácena . </s><s> Jak je to nádherné ,"
"3";"cs: čeština";"NMG: publicistika";"NEW: tradiční publicistika";"X: neuvedeno";"NTW: celostátní tisk";"je to prý proto , že trávíme čím dál více";"času uvnitř –";"v kancelářích a doma – a čím dál méně času"
"3";"cs: čeština";"NMG: publicistika";"LEI: volnočasová publicistika";"X: neuvedeno";"MIX: společnost";"života lidí , “ shrnuje lídr FAT . </s><s> nevyhnutelná role";"monumentu Uvnitř je";"Dům umění rozdělený na tři části , z nichž každá"
"3";"cs: čeština";"NMG: publicistika";"NEW: tradiční publicistika";"X: neuvedeno";"NTW: celostátní tisk";"K - Triem v Ostravě - Jihu , v případě";"deště uvnitř .";"</s><s> Středa bude patřit festivalovému koncertu na Mariánském náměstí v Ostravě"
"3";"en: angličtina";"FIC: beletrie";"NOV: próza";"X: neuvedeno";"X: neuvedeno";"jsem ti přece , že to ohlídám . “ </s><s> Ze";"tmy uvnitř vyběhla";"Sarah . </s><s> „ Casi ? “ vydechla chraptivě . </s><s> „"
"3";"cs: čeština";"NFC: oborová literatura";"POP: populárně naučná literatura";"NAT: přírodní vědy";"BIO: biologie";"tomu právě čas , a to bez ohledu na stáří";"vajíček uvnitř .";"</s><s> Zjistí - li ovšem , že tam jsou místo mláďat"
"3";"cs: čeština";"NFC: oborová literatura";"POP: populárně naučná literatura";"NAT: přírodní vědy";"GEO: geografie, geologie";"výplní s obalem delessitu a s geodami krystalů křemene nebo";"ametystu uvnitř ,";"které jsou ozdobou mnohých sbírek nerostů . </s><s> Nalezištěm stejně krásných"
"3";"cs: čeština";"NMG: publicistika";"LEI: volnočasová publicistika";"X: neuvedeno";"MIX: společnost";"venku je lezavý zimní den a kolem domu leží zbytky";"sněhu , uvnitř je";"přítmí , dusno , mlžný opar a tlumená červená světla"
"3";"fr: francouzština";"NFC: oborová literatura";"SCI: odborná literatura";"HUM: humanitní vědy";"HIS: historie, biografie";"by nebyl souostrovím ghett , ale zahrnoval by svobodný pohyb";"Palestinců uvnitř i";"vně , včetně těch z diaspory . </s><s> Izraelské stanovisko ,"
"3";"en: angličtina";"FIC: beletrie";"NOV: próza";"X: neuvedeno";"X: neuvedeno";"stavení u domu . </s><s> Přirozeně musely následovat ty nepotřebné hromady";"věcí uvnitř .";"</s><s> Navíc – čistě mezi námi – mám pocit , že"
"3";"cs: čeština";"NMG: publicistika";"NEW: tradiční publicistika";"X: neuvedeno";"NTW: celostátní tisk";"FOŤÁKEM A ZÁROVEŇ ZVĚČNĚNÍM AKTUÁLNÍ ATMOSFÉRY MÍSTA A POCITŮ SEBE";"SAMÉHO . </s><s> Uvnitř";"</s><s> Chlad </s><s> Proud </s><s> Usínání </s><s> Error pod stromečkem </s><s> Díval se na dokonale"
"3";"en: angličtina";"FIC: beletrie";"NOV: próza";"X: neuvedeno";"X: neuvedeno";"kozám . </s><s> Ostatní dívky , ty starší , trávily většinu";"času uvnitř .";"</s><s> Pokud vyšly ven , pak jedině formálně ustrojené a za"
"3";"en: angličtina";"NFC: oborová literatura";"POP: populárně naučná literatura";"NAT: přírodní vědy";"MED: lékařství";"<s> Když zkoumáme nějakou oblast ucha , vidíme stav určité části";"těla uvnitř .";"</s><s> Tento princip se využívá v akupunktuře , reflexologii a dalších"
"3";"en: angličtina";"FIC: beletrie";"NOV: próza";"X: neuvedeno";"X: neuvedeno";"se budova nenaklání pod tíhou obrovského množství zlata a stříbra";"uloženého uvnitř .";"</s><s> May i já jsme rázem procitly ze svého snu o"
"3";"cs: čeština";"NFC: oborová literatura";"POP: populárně naučná literatura";"FTS: formální a technické vědy";"ICT: výpočetní technika";"mnohem lepším zpracováním jak samotného těla zařízení , tak kvalitních";"komponentů uvnitř .";"</s><s> Navíc často nabízejí lepší rozšiřitelnost či výměnu komponent , to"
"3";"en: angličtina";"FIC: beletrie";"NOV: próza";"X: neuvedeno";"X: neuvedeno";"proti světlu , jako by tím mohl nahlédnout do tajemství";"skrytého uvnitř .";"</s><s> Tak jsem se poprvé setkal s Murdem Macritchiem . </s><s> Byl"
"3";"no: norština";"FIC: beletrie";"NOV: próza";"X: neuvedeno";"X: neuvedeno";"držadla . </s><s> Pak z bedny vytáhl skleněnou klec se zdechlinou";"havrana uvnitř .";"</s><s> Pochopitelně se jednalo spíš o kostru než o zdechlinu . </s>"
"3";"cs: čeština";"NMG: publicistika";"LEI: volnočasová publicistika";"X: neuvedeno";"LIF: životní styl";"v nabízeném sortimentu . </s><s> Při posuzování prodejny je hodnocena úroveň";"prodejny uvnitř i";"vně , personál , podpora prodeje i sortiment . </s><s> Zejména"
"3";"en: angličtina";"FIC: beletrie";"NOV: próza";"X: neuvedeno";"X: neuvedeno";"stranu . </s><s> Na chvíli se zarazili a zaposlouchali se do";"zvuků vevnitř ,";"ale v domě bylo ticho a klid . </s><s> Fizeovi se"
"3";"en: angličtina";"FIC: beletrie";"NOV: próza";"X: neuvedeno";"X: neuvedeno";"dál si ji bral dlouhými hlubokými pohyby . </s><s> Po změně";"úhlu uvnitř ucítila";"příjemný tlak . </s><s> Max se nakláněl do stran , zvedal"
"3";"cs: čeština";"NMG: publicistika";"LEI: volnočasová publicistika";"X: neuvedeno";"HOU: bydlení, zahrada, hobby";"lety jsme Café Budík navštívili a byli jsme nadšeni atmosférou";"domu uvnitř i";"zvenku – a jsme o to více , když už"
"3";"en: angličtina";"FIC: beletrie";"NOV: próza";"X: neuvedeno";"X: neuvedeno";"zažloutlý , voskovitě lesklý jako lidé , kteří tráví většinu";"času vevnitř .";"</s><s> „ Vyjela jste nahoru . “ </s><s> Mluvil zvláštním , nevýrazným"
"3";"cs: čeština";"FIC: beletrie";"NOV: próza";"X: neuvedeno";"X: neuvedeno";"tušil . </s><s> Všechno je jen obal , schránka na něco";"jiného uvnitř .";"</s><s> Stál na stanici autobusu v dětském ohromení a tiše zkusmo"
"3";"cs: čeština";"NFC: oborová literatura";"SCI: odborná literatura";"NAT: přírodní vědy";"BIO: biologie";"sloupec = vegetační stupně , první řádek = signatury edafických";"kategorií , uvnitř =";"signatury souborů lesních typů . </s><s> Principy péče o lesy z"
"3";"sv: švédština";"FIC: beletrie";"NOV: próza";"X: neuvedeno";"X: neuvedeno";"hlasy . </s><s> Nejasně , z další místnosti . </s><s> Stála bez";"hnutí , uvnitř byly";"živé bytosti , teď bylo všechno na ní , měla"
"3";"cs: čeština";"FIC: beletrie";"NOV: próza";"X: neuvedeno";"X: neuvedeno";"abych počkala venku . </s><s> Už to má připravené . </s><s> Ostatních";"lidí uvnitř si";"nevšímá a věnuje se mně . </s><s> Vyveze moje kolo před"
"3";"cs: čeština";"NMG: publicistika";"NEW: tradiční publicistika";"X: neuvedeno";"NTW: celostátní tisk";"které jsou způsobeny poškozením fyzických struktur , jako budov a";"majetku uvnitř ,";"a nepřímé škody , které jsou způsobené tím , že"
"3";"en: angličtina";"FIC: beletrie";"NOV: próza";"X: neuvedeno";"X: neuvedeno";"se těmi bytelnými stavbami snaží chránit až příliš křehké životy";"těch uvnitř .";"</s><s> Lorimanovi měli nemocného syna . </s><s> Její syn se ztratil a"
"3";"en: angličtina";"FIC: beletrie";"NOV: próza";"X: neuvedeno";"X: neuvedeno";"vypočítány na 650 stupňů . </s><s> S trochou štěstí udrží 37";"stupňů uvnitř –";"alespoň na chvíli . </s><s> Oděvy si navlékli naruby , snad"
"3";"cs: čeština";"NFC: oborová literatura";"POP: populárně naučná literatura";"FTS: formální a technické vědy";"ICT: výpočetní technika";"M . 2 či oboustranný USB - C . </s><s> Provedení";"kabeláže uvnitř je";"dáno limity skříně . </s><s> Svazky kabelů jsou tak uvnitř viditelné"
"3";"en: angličtina";"FIC: beletrie";"NOV: próza";"X: neuvedeno";"X: neuvedeno";"tvrdil , že je bylo možné získat jen z nějakého";"zdroje uvnitř .";"</s><s> Vaše informace se nedaly ověřit , protože CIA po vašem"
"3";"sv: švédština";"FIC: beletrie";"NOV: próza";"X: neuvedeno";"X: neuvedeno";"dřevěné dveře a pustí nás dál . </s><s> V záři kapesních";"svítilen uvnitř se";"nedá zaostřit . </s><s> Zápach je tady nesnesitelný . </s><s> Živočišný pach"
"3";"en: angličtina";"FIC: beletrie";"COL: kratší próza";"X: neuvedeno";"X: neuvedeno";"těžknou . </s><s> Můžeme si za to sami . </s><s> Požadujeme více";"místa uvnitř ,";"více přepychu a větší bezpečnost a to vše samozřejmě znamená"
"3";"cs: čeština";"NMG: publicistika";"NEW: tradiční publicistika";"X: neuvedeno";"REG: regionální tisk";". </s><s> Jablka sice přebíráme , ale vždycky může být něco";"schovaného uvnitř ,";"“ říká Pustějovský . </s><s> „ Síra pak z moštu během"
"3";"en: angličtina";"NFC: oborová literatura";"POP: populárně naučná literatura";"NAT: přírodní vědy";"MED: lékařství";"všech fyzických součástí žárovky , včetně skleněné baňky , wolframového";"vodiče uvnitř i";"šroubovatelného kontaktu ve spodní části žárovky , spočívá ve tvorbě"
"3";"cs: čeština";"NFC: oborová literatura";"SCI: odborná literatura";"HUM: humanitní vědy";"PHI: filozofie, náboženství";"oblast odpovědné lidské svobody , kterou má sice každý z";"nás „ uvnitř “";", kde se ale děje to jediné , co má"
"3";"cs: čeština";"FIC: beletrie";"NOV: próza";"X: neuvedeno";"X: neuvedeno";"hovíme u plnejch talířů bramboráků , nebo možná , že";"křupavejch , uvnitř ovšem";"šťavnatejch čipsů , a cibulový kroužky k tomu , a"
"3";"en: angličtina";"NFC: oborová literatura";"SCI: odborná literatura";"SSC: sociální vědy";"SOC: sociologie";"žijí - přičemž právě tato nepropustnost hranic a zdánlivá bezpečnost";"života uvnitř vylučují";"jejich udržení a budou je patrně vylučovat do té doby"
"3";"cs: čeština";"NMG: publicistika";"NEW: tradiční publicistika";"X: neuvedeno";"REG: regionální tisk";"jízdní vlastnosti a ovladatelnost , snadné parkování , překvapivě dost";"místa uvnitř (";"vzhledem k vnějším rozměrům ) i moderní motory . </s><s> Nabídka"
"3";"en: angličtina";"FIC: beletrie";"NOV: próza";"X: neuvedeno";"X: neuvedeno";"kus zdi , támhle kus zdi , slepá okna bez";"skel , vevnitř ohořelé";"zbytky tapet , odchlipující se zčernalé růže a vybledlí motýlci"
"3";"cs: čeština";"FIC: beletrie";"VER: poezie";"X: neuvedeno";"X: neuvedeno";"sám </s><s> už padají jen velké vločky vody </s><s> — </s><s> zbytek podivných";"měsíců </s><s> uvnitř";"</s><s> na prostěradle </s><s> vím to </s><s> když si ji představím </s><s> ty nej"
"3";"cs: čeština";"NMG: publicistika";"LEI: volnočasová publicistika";"X: neuvedeno";"SCT: společenský život";"stojícím mimo « a » tím , kdo je součástí";"dění uvnitř «";". </s><s> Pokud se provdáte za následníka britského trůnu , stáváte"
"3";"nl: nizozemština";"FIC: beletrie";"NOV: próza";"X: neuvedeno";"X: neuvedeno";"<s> Pokaždé jsem jela kolem toho modrého kousku látky s proužkem";"hlenu uvnitř ,";"který ležel u krajnice a byl čím dál poničenější . </s>"
"3";"cs: čeština";"NFC: oborová literatura";"PRO: profesní literatura";"SSC: sociální vědy";"ECO: ekonomie, obchod, logistika";"na tyto hrozby je potřeba pravidelně testovat včetně zmíněné schopnosti";"komunikace uvnitř i";"navenek . </s><s> Proto např . ECB přichází s iniciativou TIBER"
"3";"cs: čeština";"NMG: publicistika";"LEI: volnočasová publicistika";"X: neuvedeno";"SCT: společenský život";"adventní kalendář , každý si vybaví otevírací okénka s kouskem";"čokolády uvnitř (";"nebo i jinou drobností ) , ale původní adventní kalendáře"
"3";"cs: čeština";"NMG: publicistika";"NEW: tradiční publicistika";"X: neuvedeno";"NTW: celostátní tisk";", aby jej předvedla veřejnosti . </s><s> Vypadá jako dodávka ze";"sci-fi : uvnitř lidé";"sedí naproti sobě , vozidlo má futuristický volant , po"
"3";"en: angličtina";"FIC: beletrie";"NOV: próza";"X: neuvedeno";"X: neuvedeno";"malé světy v úzkých proužcích světla , které pronikalo do";"šera uvnitř .";"</s><s> Posadila jsem se na slámu . </s><s> Když jsem to udělala"
"3";"es: španělština";"FIC: beletrie";"NOV: próza";"X: neuvedeno";"X: neuvedeno";"pytlík ve výši očí a nedokázal odtrhnout pohled od plastových";"pásek uvnitř .";"</s><s> „ Co to je ? “ zeptal se . </s><s> „"
"3";"cs: čeština";"FIC: beletrie";"COL: kratší próza";"X: neuvedeno";"X: neuvedeno";"mu dojít na konec posledního symbolu – kolečka s trojicí";"kroužků uvnitř .";"</s><s> Značky jej přivedly k zamčeným dveřím , které si opět"
"3";"cs: čeština";"NFC: oborová literatura";"POP: populárně naučná literatura";"FTS: formální a technické vědy";"TEC: technika";"? kunám dosáhnout do hnízda . </s><s> Oválný otvor zajišťuje dostatek";"světla uvnitř ,";"takže ptáci nemusí stavět příliš vysoké hnízdo , na které"
"3";"nl: nizozemština";"FIC: beletrie";"NOV: próza";"X: neuvedeno";"X: neuvedeno";"<s> S Luďou na sebe kývneme , ale ani jeden z";"nás uvnitř tu";"radost necítí . </s><s> Lidi dál volají a tleskají . </s><s> Pak"
"3";"en: angličtina";"NFC: oborová literatura";"POP: populárně naučná literatura";"SSC: sociální vědy";"PSY: psychologie";". </s><s> Představuje si to tak , že byste strávili devadesát";"minut uvnitř ,";"potom si dali devadesát minut pauzu a potom to ještě"
"3";"cs: čeština";"NMG: publicistika";"LEI: volnočasová publicistika";"X: neuvedeno";"LIF: životní styl";"na to , co znají z řecké kultury . většina";"nábytku uvnitř je";"doopravdy jejich dílo . </s><s> V Česku jste podruhé v životě"
"3";"cs: čeština";"FIC: beletrie";"VER: poezie";"X: neuvedeno";"X: neuvedeno";"a stoupají </s><s> kairos ale nepřichází slunce dopadá </s><s> na povrch oční";"bulvy uvnitř";"</s><s> ve vnitřnostech </s><s> se přesýpá mateřsky těžká zem </s><s> unášená pohybem podzemních </s>"
"3";"en: angličtina";"FIC: beletrie";"COL: kratší próza";"X: neuvedeno";"X: neuvedeno";"západ slunce , uviděla jsem je sedět na trámu vedle";"hnízda , uvnitř už";"nebyli . </s><s> S radostí jsem žasla . </s><s> Poprvé vylétli z"
"3";"cs: čeština";"FIC: beletrie";"NOV: próza";"X: neuvedeno";"X: neuvedeno";"když se jí ptali , jaký je to tam u";"ní vevnitř ,";"tam , co je zasypaná temnotou , že tak krásný"
"3";"en: angličtina";"FIC: beletrie";"NOV: próza";"X: neuvedeno";"X: neuvedeno";"plot z šípkových růží , jímž si proseká cestu pomocí";"meče , uvnitř záplava";"rostoucích květin s obrovskými květy , nedotčenými lidskou rukou . </s>"
"3";"en: angličtina";"FIC: beletrie";"NOV: próza";"X: neuvedeno";"X: neuvedeno";"s lesem antén na střeše . </s><s> Okny bylo vidět hemžení";"lidí uvnitř .";"</s><s> Většinu tvořili dispečeři letového provozu , ale dnes se mezi"
"3";"en: angličtina";"FIC: beletrie";"NOV: próza";"X: neuvedeno";"X: neuvedeno";"větve vrby pohupující se ve větru a křehké jako hejno";"vlaštovek – uvnitř je";"však stále tygr . </s><s> Můžu se pokusit zkrotit ji ,"
"3";"cs: čeština";"NFC: oborová literatura";"SCI: odborná literatura";"NAT: přírodní vědy";"BIO: biologie";"nepatrně kyjovitý , dlouho pevně masitý , jen v době";"zralosti uvnitř houbovitě";"změklý , vláknitý , na špici třeně někdy vločkatý nebo"
"3";"en: angličtina";"FIC: beletrie";"NOV: próza";"X: neuvedeno";"X: neuvedeno";"že už se všema skončila , včetně mě a toho";"dítěte uvnitř .";"</s><s> O’Culigeen prej byl ta poslední kapka , když ji dneska"
"3";"cs: čeština";"NMG: publicistika";"LEI: volnočasová publicistika";"X: neuvedeno";"HOU: bydlení, zahrada, hobby";"to je absolutní nouzovka , “ informuje Luďka . </s><s> Nejvíc";"času uvnitř tráví";"majitelé v pokoji , kde je kuchyňský kout , před"
"3";"cs: čeština";"NFC: oborová literatura";"POP: populárně naučná literatura";"FTS: formální a technické vědy";"TEC: technika";"papundekl . </s><s> Prý byla na ticho vypočítaná ! </s><s> A toho";"místa vevnitř –";"nutno říci , že papundekl ho moc nezabírá . </s><s> A"
"3";"cs: čeština";"NFC: oborová literatura";"PRO: profesní literatura";"NAT: přírodní vědy";"AGR: zemědělství, chovatelství";"v úzkých brázdách pro kultivační práce , </s><s> spolehlivě udržela tlak";"vzduchu uvnitř (";"u bezdušové ) , </s><s> byla odolná vůči absorbování částic ležících"
"3";"cs: čeština";"NMG: publicistika";"LEI: volnočasová publicistika";"X: neuvedeno";"HOU: bydlení, zahrada, hobby";"se zpětným získáváním tepla ) . </s><s> Jako médium pro přenos";"tepla uvnitř se";"používá nejčastěji voda , ze vzduchu lze přenášet teplo také"
"3";"en: angličtina";"FIC: beletrie";"COL: kratší próza";"X: neuvedeno";"X: neuvedeno";"v pohodě není ani trochu . </s><s> Tak především má čtvero";"dveří , uvnitř místo";"pro pět a velký kufr . </s><s> Toho výrobce dosáhl tak"
"3";"en: angličtina";"FIC: beletrie";"COL: kratší próza";"X: neuvedeno";"X: neuvedeno";". </s><s> Nemusím snad dodávat , že ačkoli měla kapacitu osm";"osob , uvnitř bylo";"jen šest míst k sezení . </s><s> Tohle musíte mít ve"
"3";"cs: čeština";"NMG: publicistika";"LEI: volnočasová publicistika";"X: neuvedeno";"SCT: společenský život";"začali mlátit nejen do auta , ale následně i do";"muže uvnitř .";"</s><s> Napadenému se podařilo zavolat policii . </s><s> Děti skončily v ústavu"
"3";"cs: čeština";"FIC: beletrie";"VER: poezie";"X: neuvedeno";"X: neuvedeno";"úsporných opatření </s><s> vás naposledy vyzývám </s><s> opusťte třetí rozměr </s><s> jsme z";"nejhoršího uvnitř";"</s><s> po pás v rozkvětu </s><s> s hlavou v prdeli </s><s> a ano"
"3";"en: angličtina";"FIC: beletrie";"NOV: próza";"X: neuvedeno";"X: neuvedeno";"hromádka černých kuliček , myšího trusu . </s><s> Celkový povrch drobounkých";"pórů uvnitř má";"ale rozlohu tenisového kurtu . </s><s> Proto je aktivní uhlí tak"
"3";"fr: francouzština";"NFC: oborová literatura";"SCI: odborná literatura";"HUM: humanitní vědy";"HIS: historie, biografie";"své obavy z nebezpečí , které představuje přítomnost několika milionů";"Palestinců uvnitř „";"Velkého Izraele “ . </s><s> Jeho program hlásal udržení Jeruzaléma a"
"3";"cs: čeština";"NFC: oborová literatura";"SCI: odborná literatura";"NAT: přírodní vědy";"BIO: biologie";"špice , podélně vrásčitý , tvrdý a plný , za";"sucha uvnitř komůrkatý";", bílý , v dolní části často rezavě nebo okrově"
"3";"en: angličtina";"FIC: beletrie";"COL: kratší próza";"X: neuvedeno";"X: neuvedeno";"si vážně začnete myslet , že se z té drncavé";"jízdy uvnitř něco";"přetrhlo . </s><s> A pak , jakmile se přiblížíte k zatáčce"
"3";"en: angličtina";"NFC: oborová literatura";"MEM: memoáry, autobiografie";"MEM: memoáry, autobiografie";"MEM: memoáry, autobiografie";"lampy . </s><s> Všichni se domnívali , že se děje cosi";"závažného uvnitř ,";"protože navenek to tedy rozhodně nevypadalo , že by se"
"3";"cs: čeština";"NMG: publicistika";"NEW: tradiční publicistika";"X: neuvedeno";"NTW: celostátní tisk";"a hlavně dusno . </s><s> Náročné přechody z venku do divadelního";"sálu , uvnitř ledová";"klimatizace . </s><s> Zápřah byl velký , neměli jsme čas ani"
"3";"en: angličtina";"NFC: oborová literatura";"POP: populárně naučná literatura";"NAT: přírodní vědy";"CHE: chemie";"se mu i tvarem . </s><s> Malý otvor nahoře brání růstu";"tlaku uvnitř a";"explozi . </s><s> Marcos a jeho kolega Nicolas Thomas z pařížské"
"3";"ja: japonština";"FIC: beletrie";"NOV: próza";"X: neuvedeno";"X: neuvedeno";"obal se sice trochu natrhl a odhalil jeden z menších";"pytlů uvnitř ,";"ale Kuniko si řekla , že se nedá nic dělat"
"3";"en: angličtina";"NFC: oborová literatura";"POP: populárně naučná literatura";"NAT: přírodní vědy";"PHY: fyzika";"lze ji stlačit – třeba vnějším tlakem nebo gravitačním polem";"věcí uvnitř .";"</s><s> Skořápku budeme mačkat tak dlouho , dokud perfektně nezapadne do"
"3";"en: angličtina";"FIC: beletrie";"NOV: próza";"X: neuvedeno";"X: neuvedeno";". </s><s> Na to nebyla samozřejmě žádná odpověď , kromě svíravého";"pocitu uvnitř ,";"který se dostavil vždycky , když pomyslel na vášnivou a"
"3";"cs: čeština";"NMG: publicistika";"LEI: volnočasová publicistika";"X: neuvedeno";"MIX: společnost";"si přála její máma , ale živelná bytost se spoustou";"bolesti uvnitř .";"</s><s> Román Viktorie Hanišové přináší drásavý pohled na narušený vztah matky"
"3";"en: angličtina";"FIC: beletrie";"NOV: próza";"X: neuvedeno";"X: neuvedeno";"obálku otevřel a přečetl si , co stálo na listu";"papíru uvnitř .";"</s><s> "" Vypadá to , kapitáne , že tu naši zkušební"
"3";"en: angličtina";"FIC: beletrie";"NOV: próza";"X: neuvedeno";"X: neuvedeno";"případ , že by symbol dostatečně jasně nevaroval před účinky";"kapaliny uvnitř :";"roztok amoniak , bromid draselný , výtažek vraní oko ,"
"3";"cs: čeština";"NMG: publicistika";"NEW: tradiční publicistika";"X: neuvedeno";"NTW: celostátní tisk";"byznysmeni . </s><s> „ Je to dobrá zašívárna . </s><s> Na okraji";"centra , uvnitř máte";"soukromí . </s><s> Navíc strašně dobře vaří , “ řekl LN"
"3";"en: angličtina";"FIC: beletrie";"NOV: próza";"X: neuvedeno";"X: neuvedeno";", většinou se dalo někam schovat . </s><s> Hailsham byl plný";"schovávaček , vevnitř i";"venku : skříní , koutů , keřů , živých plotů"
"3";"en: angličtina";"NFC: oborová literatura";"MEM: memoáry, autobiografie";"MEM: memoáry, autobiografie";"MEM: memoáry, autobiografie";"vyvažovala to , nač nestačila svítivostí . </s><s> Omnibus uvezl dvanáct";"lidí uvnitř a";"čtrnáct venku – deset na dvojité lavici na střeše a"
"3";"cs: čeština";"NMG: publicistika";"LEI: volnočasová publicistika";"X: neuvedeno";"LIF: životní styl";"misky a syrovátku odložte stranou . </s><s> Nedopečeno </s><s> Větrníčky z odpalovaného";"těsta uvnitř zůstaly";"nedopečené ? </s><s> Do trouby je už nevracejte . </s><s> Zbytky „"
"3";"cs: čeština";"FIC: beletrie";"VER: poezie";"X: neuvedeno";"X: neuvedeno";"<s> jako je mezi </s><s> sklo okna pokusného ústavu </s><s> které sdílí úzkost";"zvířat uvnitř";"</s><s> s mrazivou , čistou noční krajinou </s><s> někdy je tak uklidňující </s>"
"3";"en: angličtina";"FIC: beletrie";"NOV: próza";"X: neuvedeno";"X: neuvedeno";"opačný konec areálu před další dřevěnou budovu . </s><s> Na konci";"chodby uvnitř spatřím";"dveře se zamřížovaným okénkem a nápisem CELA Č . 1"
"3";"cs: čeština";"NFC: oborová literatura";"POP: populárně naučná literatura";"ITD: interdisciplinární";"ITD: interdisciplinární";"GTLS ( Gaseous Tritium Light Source ) z odolného borosilikátového";"skla , uvnitř potažená";"fotoluminiscenční vrstvou , v níž se nachází radioaktivní izotop vodíku"
"3";"es: španělština";"FIC: beletrie";"COL: kratší próza";"X: neuvedeno";"X: neuvedeno";"je v tom nechtěla nechat . </s><s> Nemohli jít do té";"tmy uvnitř sami";". </s><s> Rozhodli jsme se , že půjdeme po večeři . </s>"
"3";"en: angličtina";"FIC: beletrie";"NOV: próza";"X: neuvedeno";"X: neuvedeno";", aby se do okna vůbec vyhoupla . </s><s> Spadla do";"přítmí uvnitř ,";"přičemž převrhla lahev s čisticím prostředkem , a přistála v"
"3";"en: angličtina";"FIC: beletrie";"NOV: próza";"X: neuvedeno";"X: neuvedeno";"svou daň , věděl , že došel na konec svých";"sil , uvnitř byl";"zlomený a začínal se rozpadat . </s><s> „ Mám pro vás"
"3";"cs: čeština";"NMG: publicistika";"LEI: volnočasová publicistika";"X: neuvedeno";"LIF: životní styl";"výdrž nebo rovnováhu . </s><s> Vyzkoušejte následující tréninky a získejte z";"běhání uvnitř co";"nejvíc . </s><s> Jak na správnou intenzitu ? </s><s> 6,5 7,5 znamená"
"3";"cs: čeština";"NMG: publicistika";"LEI: volnočasová publicistika";"X: neuvedeno";"HOU: bydlení, zahrada, hobby";"páry a vlhkost . </s><s> Tepelně izolovat můžeme vně po obvodu";"pláště , uvnitř s";"použitím foukané izolace nebo stavebním materiálem s již integrovaným izolantem"
"3";"de: němčina";"FIC: beletrie";"NOV: próza";"X: neuvedeno";"X: neuvedeno";"mu křečovitě stáhly , jako by se proměnily v hrudku";"železa , uvnitř ho";"všechno pálilo , takže se sotva dokázal narovnat . </s><s> Rozpršelo"
"3";"zh: čínština";"FIC: beletrie";"NOV: próza";"X: neuvedeno";"X: neuvedeno";"skupince cestářů . </s><s> Měli k dispozici takový nouzový domek z";"kamene , uvnitř celý";"dočerna vyuzený , cesta dál vedla k vysokým bílým vrcholům"
"3";"cs: čeština";"NMG: publicistika";"LEI: volnočasová publicistika";"X: neuvedeno";"SCT: společenský život";"a odkrojíme stopky . </s><s> Pak je zbavíme semeníku a bílých";"částí uvnitř .";"</s><s> 4 V míse promícháme mleté vepřové maso , vejce ,"
"3";"cs: čeština";"NMG: publicistika";"LEI: volnočasová publicistika";"X: neuvedeno";"HOU: bydlení, zahrada, hobby";"MARTÍNKOVÁ , vedoucí magazínu </s><s> HORSKÁ MÓDA </s><s> Rustikální dřevěné sluncem vyšisované";"fasády , uvnitř ,";"chic ‘ alpský interiér , v němž zůstává praskající oheň"
"3";"cs: čeština";"FIC: beletrie";"VER: poezie";"X: neuvedeno";"X: neuvedeno";"jsem narazil na ptačí hnízdo ze stébel , mechu a";"listí , uvnitř teď";"vyplněné kusy ledu . </s><s> Kočka o něm určitě věděla dávno"
"3";"cs: čeština";"NFC: oborová literatura";"PRO: profesní literatura";"FTS: formální a technické vědy";"TEC: technika";"polohy patřila vždy absence možnosti vynulovat displej . </s><s> Soustava ozubených";"koleček uvnitř tuto";"operaci jednoduše nedovoluje . </s><s> Rovněž byly vždy jisté limity v"
"3";"cs: čeština";"NFC: oborová literatura";"PRO: profesní literatura";"NAT: přírodní vědy";"AGR: zemědělství, chovatelství";"vně i uvnitř , rybinového dojení uvnitř či z tandemového";"dojení uvnitř .";"</s><s> V případě paralelního dojení vně se počet stání pohybuje mezi"
"3";"en: angličtina";"NFC: oborová literatura";"SCI: odborná literatura";"HUM: humanitní vědy";"HIS: historie, biografie";"“ . </s><s> Naléhavým úkolem prvních bylo osvobodit Francii od nepřítele";"prodlévajícího uvnitř ,";"„ zničit jeden ještě živý úd této země , a"
"3";"en: angličtina";"FIC: beletrie";"NOV: próza";"X: neuvedeno";"X: neuvedeno";"na jednu polovinu vrat . </s><s> S vrzáním se otevřela do";"temnoty uvnitř .";"</s><s> Donald vytáhl z kapsy baterku a jejím světlem začal přejíždět"
"3";"fr: francouzština";"FIC: beletrie";"NOV: próza";"X: neuvedeno";"X: neuvedeno";"tedy byla aspoň trochu přidrzlá . </s><s> Milovala krásu s trochou";"bordelu uvnitř .";"</s><s> Měla slabost pro trochu vulgární a předčasně vyspělé holky ,"
"3";"ko: korejština";"FIC: beletrie";"NOV: próza";"X: neuvedeno";"X: neuvedeno";"jsem vyběhla čtyři patra a zabočila do jednoho z oddělených";"salónků uvnitř .";"</s><s> Objednala jsem si kávu . </s><s> Dokud mi servírka šálek s"
"3";"cs: čeština";"NFC: oborová literatura";"POP: populárně naučná literatura";"FTS: formální a technické vědy";"TEC: technika";"auto snad o celou třídu větší . </s><s> „ A toho";"místa uvnitř –";"nutno říci , že papundekl ho moc nezabírá . “ </s>"
"3";"en: angličtina";"NFC: oborová literatura";"MEM: memoáry, autobiografie";"MEM: memoáry, autobiografie";"MEM: memoáry, autobiografie";"jsme seděli , nohy zkřížené pod sebou , ale jak";"zajatců uvnitř přibývalo";", musela většina sedících zase vstát . </s><s> Poslední skupinkou ,"
"3";"en: angličtina";"NFC: oborová literatura";"POP: populárně naučná literatura";"NAT: přírodní vědy";"BIO: biologie";"bakteriální molekulu , která vytváří pevnou vnější stěnu udržující vnitřnosti";"bakterie uvnitř .";"23 Moranella však o své geny pro výrobu peptidoglykanu přišla"
"3";"cs: čeština";"FIC: beletrie";"NOV: próza";"X: neuvedeno";"X: neuvedeno";"<s> Možná jsem dokonce doufal , že mě té bolavé vzduchoprázdné";"bubliny uvnitř někdo";"zbaví . </s><s> Ale teď šlo o ni . </s><s> Dělala to"
"3";"en: angličtina";"NFC: oborová literatura";"POP: populárně naučná literatura";"NAT: přírodní vědy";"CHE: chemie";"které slouží jako jedna elektroda , a uhlík z grafitové";"tyčinky uvnitř ,";"jež plní funkci druhé elektrody . </s><s> Podobné to bylo se"
"3";"ja: japonština";"FIC: beletrie";"COL: kratší próza";"X: neuvedeno";"X: neuvedeno";"zachytilo . </s><s> „ Jste v pořádku ? “ zeptal se";"řidiče uvnitř .";"</s><s> Z vozu vytékal benzín , a tak muže , který"
"3";"cs: čeština";"NMG: publicistika";"NEW: tradiční publicistika";"X: neuvedeno";"REG: regionální tisk";"po přehradě vozit turisty . </s><s> Teď kotví v zátoce u";"Razové , uvnitř se";"pracuje a následovat bude testování a zkušební provoz . </s><s> „"
"3";"cs: čeština";"NFC: oborová literatura";"PRO: profesní literatura";"FTS: formální a technické vědy";"TEC: technika";"uvnitř “ . </s><s> Jde již o čtvrtý díl ze seriálu";"snímků „ Uvnitř “";". </s><s> Režírovat jej bude dvojnásobný držitel Oscara Robert Stromberg . </s>"
"3";"cs: čeština";"NFC: oborová literatura";"PRO: profesní literatura";"SSC: sociální vědy";"ECO: ekonomie, obchod, logistika";"objeví , stejně jako zlepšit schopnosti a možnosti organizace a";"lidí uvnitř na";"tato rizika včas a správně reagovat . </s><s> Tomu mají napomoci"
"3";"es: španělština";"FIC: beletrie";"NOV: próza";"X: neuvedeno";"X: neuvedeno";". </s><s> Když jsme se chystali odejít z Bamboo , od";"stolu uvnitř se";"ozval hlas . </s><s> Někdo s jásotem vykřikl Martino jméno ;"
"3";"en: angličtina";"FIC: beletrie";"NOV: próza";"X: neuvedeno";"X: neuvedeno";"vypínačem na boku skříňky a myš začala bouchat do malé";"páčky uvnitř .";"</s><s> Vždycky když se trefila , spadl do skříňky malý kus"
"3";"en: angličtina";"FIC: beletrie";"NOV: próza";"X: neuvedeno";"X: neuvedeno";"prodírali o půlnoci zmrzlým sněhem . </s><s> Říká , že ze";"záchodů uvnitř v";"bytě se jí dělá šoufl . </s><s> To už to můžou"
"3";"en: angličtina";"FIC: beletrie";"COL: kratší próza";"X: neuvedeno";"X: neuvedeno";"poledního slunce . </s><s> Možná tam hraje rádio . </s><s> Podél jedné";"zdi uvnitř budou";"asi úhledně vyrovnané plechovky oleje a také sladkosti , časopisy"
"3";"cs: čeština";"NMG: publicistika";"LEI: volnočasová publicistika";"X: neuvedeno";"HOU: bydlení, zahrada, hobby";"cena podle provedení , </s><s> Snadné otevírání bezúchytkového nábytku i spotřebičů";"vestavených uvnitř zajistí";"systém Servo - Drive , cena na dotaz , </s><s> ROBOT"
"3";"cs: čeština";"FIC: beletrie";"COL: kratší próza";"X: neuvedeno";"X: neuvedeno";"alespoň zachytit signál skafandru . </s><s> Dávno jsem měl vidět identitu";"člověka uvnitř na";"svém displeji , ale neviděl jsem nic . </s><s> Úporně jsem"
"3";"cs: čeština";"NFC: oborová literatura";"POP: populárně naučná literatura";"SSC: sociální vědy";"ECO: ekonomie, obchod, logistika";"kdybychom pozorovali ciferník a zkoušeli odhalit princip fungování hodinového stroje";"schovaného uvnitř .";"</s><s> Po nějaké době bychom dokázali předpovědět , kde budou ručičky"
"3";"en: angličtina";"NFC: oborová literatura";"MEM: memoáry, autobiografie";"MEM: memoáry, autobiografie";"MEM: memoáry, autobiografie";"jsem na pokoji jako dar láhev saké s plátkama čistýho";"zlata uvnitř ,";"v Japonsku vysoce ceněnou věc . </s><s> Vypil jsem ji na"
"3";"cs: čeština";"NMG: publicistika";"LEI: volnočasová publicistika";"X: neuvedeno";"SCT: společenský život";"« pokračovaly a prorazily zeď nedaleké garáže . </s><s> Cihly z";"ní uvnitř poničily";"zaparkované auto . </s><s> Nikdo neutrpěl zranění . </s><s> Škoda je asi"
"3";"cs: čeština";"NFC: oborová literatura";"PRO: profesní literatura";"FTS: formální a technické vědy";"TEC: technika";"provozních nákladů budov a k vytvoření optimálního pracovního a životního";"prostředí uvnitř .";"</s><s> JAK POSTUPOVAT PŘI VÝBĚRU VHODNÉHO TYPU STÍNICÍCH VÝROBKŮ ? </s><s> Při"
"3";"cs: čeština";"NMG: publicistika";"NEW: tradiční publicistika";"X: neuvedeno";"REG: regionální tisk";"<s> Ženu pohřbili v pravěké „ košilce “ </s><s> Archeologové odkryli osmadvacet";"hrobů , uvnitř na";"ně čekalo mimořádné překvapení </s><s> POLEŠOVICE </s><s> Archeologové v Polešovicích zřejmě odkrývají"
"3";"cs: čeština";"NMG: publicistika";"LEI: volnočasová publicistika";"X: neuvedeno";"LIF: životní styl";"NAŠICH RECEPTŮ A DOČKÁTE SE KŘUPAVÉHO POVRCHU A ŠŤAVNATÉ LAHODNÉ";"CHUTI UVNITŘ .";"</s><s> VEPŘOVÉ V MARINÁDĚ S CITRONEM </s><s> POČET PORCÍ : 4 PŘÍPRAVA"
"3";"cs: čeština";"NMG: publicistika";"LEI: volnočasová publicistika";"X: neuvedeno";"HOU: bydlení, zahrada, hobby";"<s> Už jen zatlouci hřebík v domě je neslučitelné se spánkem";"kohokoli uvnitř ,";"natož třeba provoz truhlárny či autoklempírny . </s><s> Pokud něco takového"
"3";"en: angličtina";"FIC: beletrie";"NOV: próza";"X: neuvedeno";"X: neuvedeno";"<s> Otevřela skříně v ložnici a podívala se na velké množství";"šatů uvnitř .";"</s><s> Bude před ním hrát roli ženy , která ukončila úspěšnou"
"3";"en: angličtina";"FIC: beletrie";"COL: kratší próza";"X: neuvedeno";"X: neuvedeno";"až pod místo , kde tlaková tvarovka mírně ucházela . </s><s>";"Unik uvnitř byl";"malou známkou problému , jímž byl větší únik venku . </s>"
"3";"cs: čeština";"FIC: beletrie";"NOV: próza";"X: neuvedeno";"X: neuvedeno";"<s> A to byl Filipův favorit ! </s><s> Měl před sebou kus";"cesty , uvnitř v";"autě bylo teplo a zpíval mu zpěvák , který si"
"3";"he: hebrejština";"NFC: oborová literatura";"MEM: memoáry, autobiografie";"MEM: memoáry, autobiografie";"MEM: memoáry, autobiografie";"peněz se ve voze našlo . </s><s> Nevzpomínám si , kolik";"milionů uvnitř bylo";", ale já jsem si nevzal jedinou minci dokonce ani"
"3";"de: němčina";"FIC: beletrie";"NOV: próza";"X: neuvedeno";"X: neuvedeno";"na slunci , moje babička ho jedné neděle zahlédla z";"pole , uvnitř jsou";"Židé , šeptalo se , a ona nemohla odtrhnout pohled"
"3";"cs: čeština";"NMG: publicistika";"NEW: tradiční publicistika";"X: neuvedeno";"NTW: celostátní tisk";"hlásí k technologickým novinkám . </s><s> Často ale zůstane jen u";"prohlášení , uvnitř fungují";"kanceláře dál postaru . </s><s> V Česku navíc na inovace chybí"
"3";"cs: čeština";"NFC: oborová literatura";"POP: populárně naučná literatura";"FTS: formální a technické vědy";"TEC: technika";"demontáž provést . </s><s> Co je konstrukční zvláštností , je uložení";"vytahovače uvnitř ,";"podobně jako u 1911 . </s><s> K tomuto celkovému řešení lze"
"3";"cs: čeština";"NFC: oborová literatura";"SCI: odborná literatura";"NAT: přírodní vědy";"BIO: biologie";"vnitřní straně nejméně do poloviny pravidelně zřetelně rýhované a šedavě";"zbarvené , uvnitř s";"12 – 16 světle šedými až stříbrošedými peridiolami čočkovitého tvaru"
"3";"es: španělština";"FIC: beletrie";"NOV: próza";"X: neuvedeno";"X: neuvedeno";"ním žluč a slzy . </s><s> Aspoň ty zvenčí , protože";"těch uvnitř se";"tak snadno zbavit nemohla . </s><s> Točila se jí hlava . </s>"
"3";"en: angličtina";"FIC: beletrie";"NOV: próza";"X: neuvedeno";"X: neuvedeno";"v pinballu , byla jako amfetamin . </s><s> Jako by proud";"krve uvnitř byl";"urychlovač částic a atomy v divokém zoufalství kroužily kolem ,"
"3";"cs: čeština";"NFC: oborová literatura";"PRO: profesní literatura";"FTS: formální a technické vědy";"TEC: technika";"nemá HR nechat vtáhnout . </s><s> Employer Brand musí vycházet z";"lidí uvnitř .";"</s><s> HR může pomoci dostávat to na správná místa . </s><s> O"
"3";"en: angličtina";"FIC: beletrie";"NOV: próza";"X: neuvedeno";"X: neuvedeno";"nevelkými místnostmi po stranách . </s><s> Družice dokázaly zhruba zobrazit obrysy";"těl uvnitř ,";"četly infračervené záření přímo skrz střechu . </s><s> Jasnost byla silně"
"3";"cs: čeština";"NMG: publicistika";"NEW: tradiční publicistika";"X: neuvedeno";"NTW: celostátní tisk";", odpadky házeli do podzemní stoky . </s><s> Pouhé vyklízení toho";"sajrajtu uvnitř stálo";"15 miliónů . </s><s> Takže opravy a údržba opravdu levné nejsou"
"3";"cs: čeština";"NMG: publicistika";"LEI: volnočasová publicistika";"X: neuvedeno";"INT: zajímavosti ze světa";"na hřbet dvou obřích hadů lemujících schodiště k sochám čtyř";"Buddhů uvnitř .";"</s><s> Celé je to vlastně dobře . </s><s> Dokud na severu Thajska"
"3";"en: angličtina";"FIC: beletrie";"NOV: próza";"X: neuvedeno";"X: neuvedeno";"střechu , která představovala stejně důležitou součást obytného prostoru jako";"místnosti uvnitř .";"</s><s> Vystoupil z taxíku a vtáhl do nosu slané povětří . </s>"
"3";"sv: švédština";"FIC: beletrie";"NOV: próza";"X: neuvedeno";"X: neuvedeno";", než přijala myšlenku na to , že si ze";"sebe uvnitř Stilton";"smývá to , co si právě smývá . </s><s> Pak začala"
"3";"de: němčina";"FIC: beletrie";"NOV: próza";"X: neuvedeno";"X: neuvedeno";"našla i v Manfrediho dílně , dále záběry plesnivého karavanu";"nafoceného uvnitř i";"zvenku , fotka balíčku s drogami , hromádky bankovek a"
"3";"en: angličtina";"FIC: beletrie";"NOV: próza";"X: neuvedeno";"X: neuvedeno";", kdy se auto rozjelo , byla vaše dcera podle";"hasičů uvnitř .";"</s><s> A dveře byly zamčené . “ </s><s> Zavrtím hlavou . </s><s> Snažím"
"3";"cs: čeština";"NFC: oborová literatura";"POP: populárně naučná literatura";"FTS: formální a technické vědy";"TEC: technika";"pro akustické oddělení společnosti Continental . </s><s> I když hlavní část";"kabinetu uvnitř tvoří";"tlumicí labyrint , který navrhla známá britská firma Vertex AQ"
"3";"cs: čeština";"NMG: publicistika";"LEI: volnočasová publicistika";"X: neuvedeno";"MIX: společnost";"mu jen hlava . </s><s> Jeho tělo bylo prohříváno vlhkým proudem";"vzduchu uvnitř .";"</s><s> Ostatní typy masáže současníka n ? ak nezaskočí – na"
"3";"en: angličtina";"NFC: oborová literatura";"SCI: odborná literatura";"HUM: humanitní vědy";"PHI: filozofie, náboženství";". 19 . ) . </s><s> Klasické pohřební pyramidy s hrobkou";"předka uvnitř se";"označovaly jako atotob , zásvětní domy , což odráží stejný"
"3";"cs: čeština";"NFC: oborová literatura";"POP: populárně naučná literatura";"ITD: interdisciplinární";"ITD: interdisciplinární";"obr . 2 ) . </s><s> Většina je umístěna po obvodech";"půdorysů , uvnitř v";"centru byly vždy vztyčeny dva hlavní T - pilíře ,"
"3";"cs: čeština";"FIC: beletrie";"VER: poezie";"X: neuvedeno";"X: neuvedeno";"samotou a strachem </s><s> hořkou vůní </s><s> co vytéká z pylových kanálků </s><s>";"květů uvnitř";"</s><s> pak už jsi nemohl ven </s><s> těch několik dní </s><s> bych chtěl"
"3";"cs: čeština";"NMG: publicistika";"NEW: tradiční publicistika";"X: neuvedeno";"REG: regionální tisk";"Cross Run vede nejkrásnějšími místy České Lípy , například zahradou";"muzea . </s><s> Uvnitř";"</s><s> ROZHOVOR Fotím pro radost svou a bigbítových kamarádů ... str"
"3";"en: angličtina";"NFC: oborová literatura";"POP: populárně naučná literatura";"HUM: humanitní vědy";"HIS: historie, biografie";"při zpracování konzerv mohl také způsobit tvorbu botulotoxinu ( klobásového";"jedu ) uvnitř a";"propuknutí otravy - botulismu mezi námořníky . </s><s> Možná právě tohle"
"3";"cs: čeština";"NFC: oborová literatura";"POP: populárně naučná literatura";"SSC: sociální vědy";"REC: sport, rekreace, hobby";"boji o titul hlavně sami sobě . </s><s> A jsme z";"nejhoršího uvnitř";"</s><s> Po událostech předchozího týdne muselo vedení rychle zareagovat . </s><s> Že"
"3";"fr: francouzština";"FIC: beletrie";"NOV: próza";"X: neuvedeno";"X: neuvedeno";", než aby oplodil dívku , aniž by ji u";"toho uvnitř potrhal";". </s><s> Na to mladý Maxwell odpověděl , že s takovým"
"3";"cs: čeština";"NMG: publicistika";"LEI: volnočasová publicistika";"X: neuvedeno";"HOU: bydlení, zahrada, hobby";", LED osvětlením interiéru a dotykovým LED displejem umožňujícím sledování";"teploty uvnitř a";"nastavování různých režimů provozu , energetická třída A + ,"
"3";"cs: čeština";"FIC: beletrie";"COL: kratší próza";"X: neuvedeno";"X: neuvedeno";"naprosté tmě čekal stroj dvě tisíciletí a zatím těla obou";"bytostí uvnitř zetlela";"a z kostí se vytvořily nevábné hromádky . </s><s> „ Jistě"
"3";"cs: čeština";"NFC: oborová literatura";"PRO: profesní literatura";"NAT: přírodní vědy";"MED: lékařství";". </s><s> Senzory , cílené dopravy léků , možnost sledovat stav";"těla uvnitř a";"dávkovat podle toho léky , to vše k tomu přispívá"
"3";"cs: čeština";"NMG: publicistika";"LEI: volnočasová publicistika";"X: neuvedeno";"INT: zajímavosti ze světa";"pravý opak . </s><s> Když totiž sejf otevřeli , spatřili něco";"nevídaného : Uvnitř odpočíval";"náklad čítající 6 800 zlatých prutů o celkové váze tři"
"3";"cs: čeština";"NFC: oborová literatura";"POP: populárně naučná literatura";"FTS: formální a technické vědy";"TEC: technika";"urostlý , nejužší a nejnižší karoserie dnešního srovnání totiž příliš";"kubíků uvnitř nepobrala";". </s><s> A zejména vzadu je to napříč docela bída . </s>"
"3";"cs: čeština";"NFC: oborová literatura";"PRO: profesní literatura";"NAT: přírodní vědy";"AGR: zemědělství, chovatelství";"ze zařízení s paralelním dojením vně i uvnitř , rybinového";"dojení uvnitř či";"z tandemového dojení uvnitř . </s><s> V případě paralelního dojení vně"
"3";"en: angličtina";"NFC: oborová literatura";"SCI: odborná literatura";"SSC: sociální vědy";"SOC: sociologie";", je opevnit rozechvělou , neurčitou a nepředvídatelnou existenci """;"těch uvnitř """;". </s><s> Jenomže moderní život je ve své tekuté podobě odsouzen"
"3";"en: angličtina";"FIC: beletrie";"NOV: próza";"X: neuvedeno";"X: neuvedeno";"stoprocentní jistotu , nicméně to vypadalo , že náš zloděj";"identity uvnitř není";". </s><s> Budova měla ještě zamčené dveře vedoucí do zadní uličky"
"3";"cs: čeština";"NMG: publicistika";"LEI: volnočasová publicistika";"X: neuvedeno";"MIX: společnost";"Noemovy archy dokončená letos v americkém Kentucky . </s><s> Vznikala šest";"let , uvnitř je";"„ stylové “ muzeum Noemovy rodiny , včetně klecí s"
"3";"en: angličtina";"FIC: beletrie";"NOV: próza";"X: neuvedeno";"X: neuvedeno";", done Corleone . “ </s><s> „ Když ale budeme mít";"Frankieho uvnitř ,";"“ odporoval Genco Vitovi , „ můžeme se k Joeovi"
"3";"cs: čeština";"NFC: oborová literatura";"POP: populárně naučná literatura";"FTS: formální a technické vědy";"ICT: výpočetní technika";", OneDrive je integrován i do Průzkumníka . </s><s> O možnostech";"zálohování „ uvnitř “";"samotného operačního systému Windows tedy už víte . </s><s> Na dalších"
"3";"cs: čeština";"NMG: publicistika";"NEW: tradiční publicistika";"X: neuvedeno";"NTW: celostátní tisk";"v rohu visí na šroubováku hrozen igelitových pytlíků s kousky";"mramoru uvnitř a";"větší část podlahy pokrývá koláž z různobarevných dřevěných dýh . </s>"
"3";"en: angličtina";"FIC: beletrie";"NOV: próza";"X: neuvedeno";"X: neuvedeno";"dívek vyptávala do rytmu vln , jak je dům Teddyho";"Lloyda uvnitř zařízený";", jaký kupují čaj , jak velký a světlý je"
"3";"fr: francouzština";"FIC: beletrie";"NOV: próza";"X: neuvedeno";"X: neuvedeno";"i hranici . </s><s> Hranici ostnatých drátů venku a všech tajemství";"skrytých uvnitř .";"</s><s> Pokračoval v chůzi . </s><s> Dolehlo k němu vzdálené hučení klimatizace"
"3";"en: angličtina";"FIC: beletrie";"NOV: próza";"X: neuvedeno";"X: neuvedeno";"<s> Caleb přistoupil ke kleci . </s><s> Pohlédl na nehybná tělíčka šesti";"krys uvnitř .";"</s><s> „ Tím si nejsem tak jist , “ pronesl . </s>"
"3";"cs: čeština";"NMG: publicistika";"LEI: volnočasová publicistika";"X: neuvedeno";"HOU: bydlení, zahrada, hobby";"’ Papričky pocházející ze severu Chile se poznají podle černých";"semen uvnitř .";"</s><s> Jejich dužnina je masitá a šťavnatá . </s><s> Sušení na vzduchu"
"3";"cs: čeština";"NFC: oborová literatura";"POP: populárně naučná literatura";"ITD: interdisciplinární";"ITD: interdisciplinární";"háčkem a korálkem . </s><s> Ten poslouží jako zátka a ochrana";"práchna uvnitř .";"</s><s> Není to však nutné . </s><s> Troud ( hubka ) :"
"3";"da: dánština";"FIC: beletrie";"NOV: próza";"X: neuvedeno";"X: neuvedeno";"větší než SIM - karta , ale těch pár kapek";"krve uvnitř mělo";"tisíckrát komplikovanější kódování než elektronická DNA mobilního telefonu . </s><s> A"
"3";"en: angličtina";"FIC: beletrie";"NOV: próza";"X: neuvedeno";"X: neuvedeno";"je nutno vsunout ruce do rukavic a sáhnout dovnitř . </s><s>";"Předmětů vevnitř se";"tak nikdy nedotýkají holé prsty , pouze prsty v rukavicích"
"3";"cs: čeština";"NMG: publicistika";"LEI: volnočasová publicistika";"X: neuvedeno";"HOU: bydlení, zahrada, hobby";"která zároveň v interiéru dobře vypadá </s><s> Ponožky jsou z hrubší";"vlny , vevnitř vystlané";"fleecem , takže nekoušou a jsou o to teplejší ."
"3";"cs: čeština";"FIC: beletrie";"VER: poezie";"X: neuvedeno";"X: neuvedeno";"okně kus sochy </s><s> na okně hradba špinavých popelníků </s><s> potiché zavírání";"dveří vevnitř";"</s><s> aniž by kdokoliv šel </s><s> Všechny moje cesty vedly až sem </s>"
"3";"cs: čeština";"NMG: publicistika";"LEI: volnočasová publicistika";"X: neuvedeno";"SCT: společenský život";"základní školy . </s><s> Přestože Tereza vyrostla v nejkrásnější ženu planety";"Země , uvnitř je";"prý pořád ta malá holka z Moravy . </s><s> Z rodinného"
"3";"cs: čeština";"NFC: oborová literatura";"PRO: profesní literatura";"FTS: formální a technické vědy";"TEC: technika";"tyto uzávěry zajistit neustálé odvětrávání a vysychání spáry podle osvědčené";"zásady „ uvnitř těsnější";"než zvenku “ . </s><s> Důležitost upevnění </s><s> uchycení okenní těsnicí pásky"
"3";"cs: čeština";"NFC: oborová literatura";"POP: populárně naučná literatura";"HUM: humanitní vědy";"ART: umění, architektura";"ho jednoduchý kubus se světlým kamenným pláštěm ve stylu moderního";"klasicismu , uvnitř se";"však ukrýval interiér překvapivě výtvarně bohatý , pojednaný ve stylu"
"3";"en: angličtina";"FIC: beletrie";"NOV: próza";"X: neuvedeno";"X: neuvedeno";"konec šípu by se ulomil . </s><s> Na pohmoždění rány a";"třísky uvnitř by";"se nedbalo , ošetřit potřebovali i další . </s><s> Ale Machaon"
"3";"cs: čeština";"NMG: publicistika";"LEI: volnočasová publicistika";"X: neuvedeno";"LIF: životní styl";"Měkká závěsná hračka z barevné látky je doporučována už od";"narození , uvnitř je";"vybavena hracím strojkem . </s><s> FEHN Forest , 335 Kč ,"
"3";"en: angličtina";"FIC: beletrie";"COL: kratší próza";"X: neuvedeno";"X: neuvedeno";"mohl rozervat a poslat ji , pravděpodobně spolu se spoustou";"lidí uvnitř ,";"vzduchem přes záliv k Rockaways . </s><s> Ale nebylo úniku . </s>"
"3";"cs: čeština";"FIC: beletrie";"VER: poezie";"X: neuvedeno";"X: neuvedeno";"pomalu plesniví v opukách dávné zídky . </s><s> Teď prší ze";"stropu uvnitř";"</s><s> do postele , ve které ležíš . </s><s> Přidušená deštěm ,"
"3";"cs: čeština";"NFC: oborová literatura";"SCI: odborná literatura";"NAT: přírodní vědy";"BIO: biologie";"válcovitý až mírně kyjovitý , zprvu pevný , v době";"zralosti uvnitř houbovitě";"změklý , bílý , někdy zčásti lehce nafialovělý a hnědorezavě"
"3";"en: angličtina";"FIC: beletrie";"NOV: próza";"X: neuvedeno";"X: neuvedeno";"strachy se ani nehýbali – snažili se držet odstup od";"dění uvnitř ,";"které podle nich nevyhnutelně směřovalo ke katastrofě . </s><s> Jen postupně"
"3";"en: angličtina";"FIC: beletrie";"NOV: próza";"X: neuvedeno";"X: neuvedeno";"s kaplí . </s><s> Soukromý svatostánek rodu Cantwellů byl postavený z";"kamene ; uvnitř bylo";"jen pět řad lavic a malý mramorový oltář . </s><s> Kaple"
"3";"cs: čeština";"NMG: publicistika";"NEW: tradiční publicistika";"X: neuvedeno";"NTW: celostátní tisk";"má nabízená koňaková špička formu kopule a jen proužek vaječného";"koňaku uvnitř .";"</s><s> Na přelomu října a listopadu otevře Fabešová další cukrárnu ,"
"3";"cs: čeština";"NMG: publicistika";"NEW: tradiční publicistika";"X: neuvedeno";"NTW: celostátní tisk";"<s> Tentokrát ale s novou mašinkou . </s><s> Ta připomíná miniaturu parní";"lokomotivy , uvnitř se";"však ukrývá dieselový agregát . </s><s> „ Mašinka k nám dorazí"
"3";"cs: čeština";"NFC: oborová literatura";"POP: populárně naučná literatura";"SSC: sociální vědy";"PSY: psychologie";"velice tichá a přítomná ve svém těle a u smutného";"místa uvnitř .";"</s><s> Vlastně cítila , jakoby stará sova byla přímo tam s"
"3";"cs: čeština";"NFC: oborová literatura";"SCI: odborná literatura";"SSC: sociální vědy";"EDU: pedagogika";"může být provádění TOWS analýzy , kdy se nezačíná pojmenováním";"toho „ uvnitř “";", ale analýzou okolí ( tj . příležitostí a hrozeb"
"3";"cs: čeština";"NFC: oborová literatura";"SCI: odborná literatura";"NAT: přírodní vědy";"CHE: chemie";"s polárními fosforylovanými hlavičkami směřujícími vně a se zbytky mastných";"kyselin uvnitř .";"</s><s> Fosfolipidy jsou syntetizovány a degradovány v endoplazmatickém retikulu a cytosolu"
"3";"en: angličtina";"NFC: oborová literatura";"SCI: odborná literatura";"SSC: sociální vědy";"SOC: sociologie";"živoucích , i když turbulentních , povzbuzujících , ale obtížných";"interakcí uvnitř .";"</s><s> Přitažlivost "" společnosti stejných "" pak spočívá v tom ,"
"3";"cs: čeština";"NFC: oborová literatura";"POP: populárně naučná literatura";"FTS: formální a technické vědy";"TEC: technika";", lisované za vysoké teploty , s tloušťkou stěn (";"zatlumených uvnitř speciálním";"materiálem ) pouhých 5 mm , což při kompaktních rozměrech"
"3";"cs: čeština";"NFC: oborová literatura";"POP: populárně naučná literatura";"FTS: formální a technické vědy";"TEC: technika";"hlavně se o devět centimetrů natáhl rozvor . </s><s> Zatímco urostlá";"předchůdkyně uvnitř v";"novince konečně nacházíme očekávanou atmosféru manažerského vozu střední třídy . </s>"
"3";"en: angličtina";"FIC: beletrie";"NOV: próza";"X: neuvedeno";"X: neuvedeno";", co jsme chtěli doopravdy říct , zůstalo zavřené u";"nás vevnitř ,";"bylo to v nás uvězněné . </s><s> V Americe jsme prostě"
"3";"en: angličtina";"FIC: beletrie";"NOV: próza";"X: neuvedeno";"X: neuvedeno";". </s><s> Někde v dálce jsem slyšel kostelní zvony . </s><s> Cosi";"malinkého uvnitř mi";"říkalo , že jsem nic takového zaznamenat nemohl , protože"
"3";"cs: čeština";"NFC: oborová literatura";"POP: populárně naučná literatura";"NAT: přírodní vědy";"BIO: biologie";"samu svým růstem a proměnami vyhmatávající , bez velkých skrytých";"tajemství uvnitř a";"přitom , ač jen z mykochitinu a vody , přece"
"3";"cs: čeština";"NFC: oborová literatura";"POP: populárně naučná literatura";"FTS: formální a technické vědy";"TEC: technika";"<s> Zatímco primární zabezpečení se týká vstupů do objektu a sekundární";"dveří uvnitř ,";"terciární zabezpečení se vztahuje na samotné předměty , které chcete"
"3";"de: němčina";"FIC: beletrie";"NOV: próza";"X: neuvedeno";"X: neuvedeno";"Iris “ se už rozeznat nedalo . </s><s> Vešla jsem do";"domečku , vevnitř jsem";"ale mohla stát jenom přikrčená . </s><s> Když nás venku překvapil"
"3";"en: angličtina";"NFC: oborová literatura";"POP: populárně naučná literatura";"NAT: přírodní vědy";"CHE: chemie";"než třpytivou fasádou , které se nedaří zakrýt nedostatek velkého";"umění uvnitř ,";"a budova může být považována za zbytečné vytahování se cizími"
"3";"en: angličtina";"NFC: oborová literatura";"MEM: memoáry, autobiografie";"MEM: memoáry, autobiografie";"MEM: memoáry, autobiografie";", ale jako na náraz citlivé nálože . </s><s> Kanystr cenného";"paliva uvnitř by";"zajistil ještě lepší pyrotechnický efekt . </s><s> Protože nám bylo jasné"
"3";"en: angličtina";"FIC: beletrie";"NOV: próza";"X: neuvedeno";"X: neuvedeno";"od stařenky hrnek vzala , ale za několik vteřin z";"tekutiny uvnitř stoupala";"pára , pak čaj začal vřít a nakonec přetekl a"
"3";"cs: čeština";"NMG: publicistika";"LEI: volnočasová publicistika";"X: neuvedeno";"LIF: životní styl";"Dientzenhofera . </s><s> I když má kaple půdorys ve tvaru pěticípé";"hvězdy , uvnitř je";"kruhová . </s><s> Kupolovitý strop je vymalovaný modře se zlatými hvězdami"
"3";"it: italština";"FIC: beletrie";"NOV: próza";"X: neuvedeno";"X: neuvedeno";"úplně sám dobýt Ílion ? </s><s> Věz tedy , že je";"nás uvnitř mnoho";"a že se každý z nás stává silnějším nad nejsilnějšího"
"3";"cs: čeština";"NMG: publicistika";"NEW: tradiční publicistika";"X: neuvedeno";"NTW: celostátní tisk";"přestal pít tvrdý alkohol a následně se po vzoru vyspělého";"světa uvnitř zakázalo";"kouřit , a to s předstihem před zákonem , jenž"
"3";"cs: čeština";"NMG: publicistika";"LEI: volnočasová publicistika";"X: neuvedeno";"HOU: bydlení, zahrada, hobby";"i ohni . </s><s> Zvenku je chrání lazura na bázi přírodních";"olejů , uvnitř je";"dřevo napuštěné pravým včelím voskem praktické a voňavé řešení . </s>"
"3";"cs: čeština";"NFC: oborová literatura";"SCI: odborná literatura";"NAT: přírodní vědy";"MED: lékařství";"<s> Skeneho žlázky jsou lokalizovány pod uretrou a ústí do močové";"trubice uvnitř meatu";". </s><s> Jemným stiskem je možné objektivizovat výtok z uretry nebo"
"3";"en: angličtina";"FIC: beletrie";"NOV: próza";"X: neuvedeno";"X: neuvedeno";", jak jim je dopravit na palubu a nezpůsobit pokles";"tlaku uvnitř .";""" </s><s> Pak přepnul mikrofon . </s><s> "" Pegas volá Acheron . </s>"
"3";"cs: čeština";"NMG: publicistika";"NEW: tradiční publicistika";"X: neuvedeno";"NTW: celostátní tisk";"před budovou auta zdravotníků , hasičů i policistů státních a";"městských , uvnitř pak";"byly hostesky v uniformách jednotlivých záchranářských sborů i stylová Hudba"
"3";"en: angličtina";"NFC: oborová literatura";"SCI: odborná literatura";"SSC: sociální vědy";"SOC: sociologie";""" , ale to , co je z jedné strany";"plotu "" uvnitř """;", je z té druhé "" venku "" . </s><s> Majitelé"
"3";"cs: čeština";"NFC: oborová literatura";"SCI: odborná literatura";"SSC: sociální vědy";"PSY: psychologie";"aspekt exprese , avšak niternost či subjektivitu nechápe jako vlastnost";"nějakého „ uvnitř “";". </s><s> Vychází důsledně z určité konfigurace v příslušném kontextu a"
"3";"cs: čeština";"FIC: beletrie";"VER: poezie";"X: neuvedeno";"X: neuvedeno";"půlku svého pozemku nám prodali , aby měli na koupení";"bytu uvnitř ve";"městě . </s><s> Druhou tehdy dali synovi , mladému Zemanovi ,"
"3";"cs: čeština";"NMG: publicistika";"NEW: tradiční publicistika";"X: neuvedeno";"NTW: celostátní tisk";"problémy , které už asi v lednu přinese úplný zákaz";"kouření uvnitř ,";"se mohou zdát úsměvné . </s><s> Jak je zainteresovaní komentují a"
"3";"cs: čeština";"FIC: beletrie";"COL: kratší próza";"X: neuvedeno";"X: neuvedeno";"<s> Zatímco zvnějšku byl chrám sněhově bílý jako pěna na vrcholcích";"vln , uvnitř byla";"každá stěna obložená tmavě modrým mramorem mořských hlubin . </s><s> Oficiálně"
"3";"cs: čeština";"NMG: publicistika";"NEW: tradiční publicistika";"X: neuvedeno";"NTW: celostátní tisk";". S z Poličky – ta je ostatně i výrobcem";"materiálu uvnitř .";"</s><s> V lékárničce je přehledný pořadač , který usnadňuje nalezení rukavic"
"3";"en: angličtina";"FIC: beletrie";"NOV: próza";"X: neuvedeno";"X: neuvedeno";"dojemně ve světle lucerny , které částečně pronikalo i do";"přítmí uvnitř .";"</s><s> Eric . </s><s> Od chvíle , co našla paní Greenovou ,"
"3";"en: angličtina";"FIC: beletrie";"NOV: próza";"X: neuvedeno";"X: neuvedeno";"ze sedadla spolujezdce obálku a napsala na ni adresu Billovy";"kanceláře ; uvnitř byla";"zvláštní nabídka cyklistického obchodu s kupónem na dvacetiprocentní slevu na"
"3";"en: angličtina";"NFC: oborová literatura";"POP: populárně naučná literatura";"HUM: humanitní vědy";"HIS: historie, biografie";"srdcem Carter vykoukl zpoza rohu a zahleděl se do černé";"tmy uvnitř .";"</s><s> Tohle je pro každého archeologa okamžik pravdy , okamžik ,"
"3";"cs: čeština";"NMG: publicistika";"LEI: volnočasová publicistika";"X: neuvedeno";"HOU: bydlení, zahrada, hobby";"... </s><s> Velké prosklení dodá domu švih v exteriéru a dostatek";"světla uvnitř .";"</s><s> Dům připravený na souboj Taky vám připadá , jako by"
"3";"no: norština";"FIC: beletrie";"NOV: próza";"X: neuvedeno";"X: neuvedeno";"dvířka na stranu . </s><s> Panty zaskřípaly a on nahlédl do";"tmy uvnitř .";"</s><s> Do nicoty . </s><s> Někdo se sháněl po světle , ale"
"3";"pl: polština";"NFC: oborová literatura";"SCI: odborná literatura";"HUM: humanitní vědy";"LAN: filologie";"obecné mase textů , která „ zvenku “ vstupuje do";"jeho „ vevnitř “";"a boří mýtus koherentní struktury . </s><s> 2 . Je znevážen"
"3";"en: angličtina";"NFC: oborová literatura";"MEM: memoáry, autobiografie";"MEM: memoáry, autobiografie";"MEM: memoáry, autobiografie";", stránky měla pomačkané , zchátralé stářím a skvrnité od";"plísně , uvnitř byly";"ještě pořád vsunuté matčiny a sestřiny vlasy . </s><s> Stěny pokrývaly"
"3";"cs: čeština";"NMG: publicistika";"LEI: volnočasová publicistika";"X: neuvedeno";"LIF: životní styl";"kolekce Air Sense zaujme vtipným detailem v podobě vyfouklé koule";"skryté uvnitř .";"</s><s> Sklo seženete v prodejně Villeroy & Boch . </s><s> Přivolejte léto"
"3";"en: angličtina";"FIC: beletrie";"NOV: próza";"X: neuvedeno";"X: neuvedeno";"přitáhne a zase si dává načas . </s><s> Když je polovinou";"těla uvnitř ,";"Marina řekne „ doprdele s tím “ a natáhne se"
"3";"cs: čeština";"FIC: beletrie";"VER: poezie";"X: neuvedeno";"X: neuvedeno";"se všemi ptáky </s><s> a vším hmyzem </s><s> naslouchám větru </s><s> bouři jemných";"svalů </s><s> uvnitř";"</s><s> Slétává mezi pavučinu ros </s><s> v rukou věci zemřelých </s><s> Mezi stromy"
"3";"cs: čeština";"NFC: oborová literatura";"PRO: profesní literatura";"FTS: formální a technické vědy";"TEC: technika";"vystaveni nadměrnému venkovnímu hluku . </s><s> Naměřené vnitřní hladiny akustického tlaku";"zvuku uvnitř Rockwool";"Silent Boxu byly ovlivněny konstrukčním řešením kontejneru ( např ."
"3";"cs: čeština";"FIC: beletrie";"COL: kratší próza";"X: neuvedeno";"X: neuvedeno";"amulet se začal tavit , jak Das přes pár zrnek";"písku uvnitř čerpal";"energii z mnoha mil vzdáleného Zřídla a v sebezničujícím útoku"
"3";"cs: čeština";"NFC: oborová literatura";"POP: populárně naučná literatura";"FTS: formální a technické vědy";"ICT: výpočetní technika";"moderní , tenké notebooky s hliníkovým tělem a bez mechanických";"částí uvnitř vydrží";"spoustu let . </s><s> Největším strašákem jsou baterie a paradoxně jsou"
"3";"cs: čeština";"NFC: oborová literatura";"POP: populárně naučná literatura";"FTS: formální a technické vědy";"TEC: technika";"námahy vyměnit za jinak barevnou . </s><s> Mini rozměry znamenají málo";"místa uvnitř";"</s><s> VYKLÁPĚCÍ OKNA </s><s> Jednoduchému interiéru vévodí sedmipalcový displej . </s><s> Zadní okna"
"3";"cs: čeština";"FIC: beletrie";"NOV: próza";"X: neuvedeno";"X: neuvedeno";"plazil pryč . </s><s> „ A myslím si , že vám";"toho uvnitř snědli";"až moc . </s><s> Že už nikdy nebudete chodit . “ </s>"
"3";"de: němčina";"FIC: beletrie";"NOV: próza";"X: neuvedeno";"X: neuvedeno";", vzadu . </s><s> Nebylo už pozdě ? </s><s> Nervózně přehlédl masu";"lidí uvnitř ,";"ale rodinu Haselbachovu tam nenašel . </s><s> Najednou zaslechl přidušený výkřik"
"3";"cs: čeština";"NMG: publicistika";"LEI: volnočasová publicistika";"X: neuvedeno";"MIX: společnost";"<s> Všechno se to kývá a je zřejmé , že ze";"školáků uvnitř jsou";"na chvíli , alespoň ve fantazii , kosmonauti a stíhači"
"3";"cs: čeština";"NFC: oborová literatura";"SCI: odborná literatura";"SSC: sociální vědy";"PSY: psychologie";"předpokládá jakýsi tajemný proces , ve kterém se ze svého";"vlastního „ uvnitř “";"skrze vnější projevy dostáváme „ dovnitř “ druhého člověka . </s>"
"3";"en: angličtina";"FIC: beletrie";"NOV: próza";"X: neuvedeno";"X: neuvedeno";"si to vážně myslíme . “ </s><s> Na dveřích byl nápis";"MORFOLOGIE : Uvnitř byla";"místnost rozdělena skleněnou stěnou na část , v níž stáli"
"3";"cs: čeština";"FIC: beletrie";"COL: kratší próza";"X: neuvedeno";"X: neuvedeno";"intenzita světla se měnila , přesouvala a vytvářela bizarní hru";"stínů uvnitř i";"v okolí . </s><s> „ Při tomhle se fakt nedá číst"
"3";"en: angličtina";"FIC: beletrie";"NOV: próza";"X: neuvedeno";"X: neuvedeno";"skoro podzim a začínalo být chladno . </s><s> Veteráni trávili víc";"času uvnitř a";"vesměs se vraceli k zaběhnutým činnostem , kterými se zabývali"
"3";"en: angličtina";"FIC: beletrie";"NOV: próza";"X: neuvedeno";"X: neuvedeno";"nechal muže s dítětem o samotě . </s><s> Bez jeho neustálého";"řečnění uvnitř zavládlo";"ticho . </s><s> Tulák hleděl na mince ve své dlani . </s>"
"3";"cs: čeština";"NMG: publicistika";"NEW: tradiční publicistika";"X: neuvedeno";"REG: regionální tisk";"dalších zájemců . </s><s> „ Ještě nás čeká dobudování interaktivního dětského";"hřiště , uvnitř máme";"přednáškový sál , knihovnu , dobudováváme naučnou stezku , chystáme"
"3";"cs: čeština";"NFC: oborová literatura";"POP: populárně naučná literatura";"FTS: formální a technické vědy";"TEC: technika";"hliníkové trubice bassreflexových rezonátorů ústí na zadních stěnách na úrovni";"tweeterů , uvnitř jsou";"průběžně rozšířené ( mj . přídavným nátrubkem ) , což"
"3";"cs: čeština";"NMG: publicistika";"LEI: volnočasová publicistika";"X: neuvedeno";"HOU: bydlení, zahrada, hobby";"<s> Na základě získaných hodnot pak například upraví chod filtrace a";"ozonizace uvnitř spa";", a to v závislosti na četnosti a intenzitě jeho"
"3";"en: angličtina";"NFC: oborová literatura";"MEM: memoáry, autobiografie";"MEM: memoáry, autobiografie";"MEM: memoáry, autobiografie";", kterých si sotva všimnul , ale měla jsem z";"nich uvnitř dobrý";"pocit , protože jsem věděla , že jsem do toho"
"3";"cs: čeština";"NFC: oborová literatura";"SCI: odborná literatura";"NAT: přírodní vědy";"BIO: biologie";"dvouděložných bylin , obr . 324 ) , tvorbou travinobylinných";"pásů uvnitř nebo";"na okrajích produkčních ploch i vhodnou péčí o lemy a"
"3";"zh: čínština";"FIC: beletrie";"NOV: próza";"X: neuvedeno";"X: neuvedeno";"nás , okamžitě se začínám nejistě ptát , kolik je";"mě uvnitř .";"</s><s> Nebo se ptám , kolik je v nás tebe ,"
"3";"cs: čeština";"NFC: oborová literatura";"POP: populárně naučná literatura";"FTS: formální a technické vědy";"TEC: technika";"přidáním plynu ale nastává rapidní zlepšení , takže to za";"jízdy uvnitř nevibruje";"o nic víc , než když podtáčíte naftovou octavii . </s>"
"3";"de: němčina";"FIC: beletrie";"NOV: próza";"X: neuvedeno";"X: neuvedeno";"jedná o úplně novou kytku . </s><s> Přesto tahle nouzová výměna";"Brennera uvnitř hlodala";". </s><s> Na svou ruskou epizodu docela zapomněl , zničená kytka"
"3";"en: angličtina";"FIC: beletrie";"NOV: próza";"X: neuvedeno";"X: neuvedeno";"u lidský bytosti snad ještě nezažil . </s><s> Síla tý malinký";"bytosti uvnitř mu";"doslova odtlačila ruce pryč od Saidhbhinýho lůna . </s><s> Už brzy"
"3";"en: angličtina";"FIC: beletrie";"NOV: próza";"X: neuvedeno";"X: neuvedeno";"krvavým otiskem tlapy . </s><s> Slater matně rozeznal obrysy jáhnova těla";"ležícího uvnitř na";"stole ... což mu připomnělo , co mu říkal Kozak"
