"2";"cs: čeština";"NMG: publicistika";"NEW: tradiční publicistika";"X: neuvedeno";"NTW: celostátní tisk";"školách , počínaje mateřskými školami nebo základními školami a vysokou";"školou konče ,";"podporujeme mezinárodní mobility , zahraniční stáže , vyučovací metodu CLIL"
"2";"cs: čeština";"NFC: oborová literatura";"POP: populárně naučná literatura";"NAT: přírodní vědy";"BIO: biologie";", počínaje bakteriemi a plísněmi , a háďátky a dravými";"roztoči konče .";"</s><s> Pomáhají si chemickými i fyzikálními prostředky . </s><s> Stěny chodeb potřísní"
"2";"en: angličtina";"FIC: beletrie";"NOV: próza";"X: neuvedeno";"X: neuvedeno";", podepsaný dvaačtyřiceti hudebníky , Artiem Shawem počínaje a Brunem";"Walterem konče .";"</s><s> A to bylo všechno . </s><s> Pár lžiček medu v sudu"
"2";"cs: čeština";"NMG: publicistika";"LEI: volnočasová publicistika";"X: neuvedeno";"MIX: společnost";"2017 také překvapit kdekoho , počínaje jeho kritiky a Vladimirem";"Putinem konče .";"</s><s> Bude z Trumpa nekonvenční , leč státotvorný prezident ? </s><s> A"
"2";"en: angličtina";"FIC: beletrie";"NOV: próza";"X: neuvedeno";"X: neuvedeno";"a fáze jeho hněvu , těžkým sarkasmem počínaje a neartikulovaným";"řvaním konče ,";"ale teprve nyní zřejmě dosáhl naprostého vrcholu a já si"
"2";"cs: čeština";"NFC: oborová literatura";"PRO: profesní literatura";"FTS: formální a technické vědy";"TEC: technika";"fasády . </s><s> Od barevného odstínu počínaje po hrubost a povrchovou";"úpravou konče .";"</s><s> Tedy pokud má někdo strach z poruch povrchu fasády ,"
"2";"ru: ruština";"FIC: beletrie";"COL: kratší próza";"X: neuvedeno";"X: neuvedeno";"za celé naše obludně prožité století , Leninem počínaje a";"dneškem konče .";"</s><s> Nám v Rusku se zdálo , že se to všechno"
"2";"cs: čeština";"NMG: publicistika";"NEW: tradiční publicistika";"X: neuvedeno";"NTW: celostátní tisk";"a čtyři Američané se zabývají různými obory astrobiologií počínaje a";"geologií konče .";"</s><s> Každý z nich má k dispozici svůj malý pokoj ,"
"2";"cs: čeština";"NFC: oborová literatura";"MEM: memoáry, autobiografie";"MEM: memoáry, autobiografie";"MEM: memoáry, autobiografie";"z těch , které si nasmlouval , umělci počínaje a";"elektrikáři konče .";"</s><s> A i kdyby festival proběhl bez dalších potyček , i"
"2";"cs: čeština";"NFC: oborová literatura";"PRO: profesní literatura";"SSC: sociální vědy";"ECO: ekonomie, obchod, logistika";"řada chorvatských institucí – berními úřady počínaje , bankami a";"městy konče .";"</s><s> Lidem se má dohromady ulehčit zhruba o 309 milionů eur"
"2";"cs: čeština";"NMG: publicistika";"NEW: tradiční publicistika";"X: neuvedeno";"NTW: celostátní tisk";"aktivity Dr . Max – vzdělávacím systémem počínaje a klientskými";"programy konče –";"přinášejí tyto výsledky , “ komentuje úspěch největší lékárenské sítě"
"2";"fr: francouzština";"FIC: beletrie";"NOV: próza";"X: neuvedeno";"X: neuvedeno";"na přetřes , Chomejním , matkou a tetami počínaje a";"kamarádkami konče .";"</s><s> Louÿsova erotická literatura mě neproměnila ve zvrhlou a nemravnou ženu"
"2";"cs: čeština";"NFC: oborová literatura";"POP: populárně naučná literatura";"FTS: formální a technické vědy";"ICT: výpočetní technika";"všechny nedostatky komprimované hudby , chybějícími detaily počínaje a všudypřítomným";"šumem konče .";"</s><s> Doporučeníhodným minimem je alespoň dobrý FLAC nebo bezeztrátový CD WAV"
"2";"sv: švédština";"FIC: beletrie";"NOV: próza";"X: neuvedeno";"X: neuvedeno";"by to znamenalo pro celé město , starostou počínaje a";"rodiči konče .";"</s><s> „ A jaká je špatná zpráva ? “ zeptala se"
"2";"cs: čeština";"NMG: publicistika";"NEW: tradiční publicistika";"X: neuvedeno";"NTW: celostátní tisk";"komunikací státu k jednotlivým podnikatelům počínaje a mnoha jinými negativními";"dopady konče .";"</s><s> Jak se to konkrétněji dotýká malých firem ? </s><s> Přestože byrokracie"
"2";"cs: čeština";"NFC: oborová literatura";"POP: populárně naučná literatura";"SSC: sociální vědy";"PSY: psychologie";"odstraňování špatných jídelních návyků hltavým přejídáním počínaje , drasticky omezujícími";"dietami konče .";"</s><s> „ Jsem zastáncem trvale udržitelného hédonismu , “ přiznává Jana"
"2";"cs: čeština";"NMG: publicistika";"NEW: tradiční publicistika";"X: neuvedeno";"NTW: celostátní tisk";"přes 14 států americké unie , Oregonem počínaje a Jižní";"Karolínou konče –";", jsou už všechny pokoje v motelech a dalších zařízeních"
"2";"cs: čeština";"NMG: publicistika";"LEI: volnočasová publicistika";"X: neuvedeno";"INT: zajímavosti ze světa";"skýtají domov obrovskému množství živočichů – hmyzem počínaje a drobnými";"obratlovci konče .";"</s><s> Bobři zakládají a udržují stále vzácnější mokřadní biotopy a zároveň"
"2";"cs: čeština";"NMG: publicistika";"NEW: tradiční publicistika";"X: neuvedeno";"NTW: celostátní tisk";", kteří trpí nejrůznějšími onemocnění . </s><s> Depresemi počínaje a Alzheimerovou";"chorobou konče .";"</s><s> Možná by tím našli původce těchto chorob , na něž"
"2";"en: angličtina";"NFC: oborová literatura";"SCI: odborná literatura";"HUM: humanitní vědy";"HIS: historie, biografie";"a rozkolnické pýchy . </s><s> Levice Saint - Simonem počínaje a";"Marxem konče tento";"názor z velké části opakovala : i pro ni byla"
"2";"cs: čeština";"NMG: publicistika";"LEI: volnočasová publicistika";"X: neuvedeno";"SCT: společenský život";"z ní dají udělat překvapivé dobroty , předkrmem počínaje a";"koláčem konče .";"</s><s> Navíc je v zimě skvělým zdrojem vitaminů ! </s><s> GLAZOVANÁ MRKEV"
"2";"de: němčina";"FIC: beletrie";"NOV: próza";"X: neuvedeno";"X: neuvedeno";"počínaje a posledním mužem , poslední ženou , dokonce posledním";"dítětem konče ,";"na vše připraven a ke všemu odhodlán . </s><s> Nový svět"
"2";"cs: čeština";"NFC: oborová literatura";"SCI: odborná literatura";"HUM: humanitní vědy";"ANT: antropologie, etnografie";"nezmasakrovala . </s><s> Všech 58 , sedmiletými dětmi počínaje a čtyřiaosmdesátiletými";"prarodiči konče .";"</s><s> Jen dvě děti přežily – zavaleny pod mrtvolami ostatních . </s>"
"2";"cs: čeština";"NFC: oborová literatura";"POP: populárně naučná literatura";"FTS: formální a technické vědy";"ICT: výpočetní technika";"osmnácti různých provozů , malou vodní elektrárnou počínaje , elektrárnou";"jadernou konče .";"</s><s> JAZYK : čeština </s><s> Podivný „ kruháč “ </s><s> Záběry autobusů zoufale"
"2";"sv: švédština";"FIC: beletrie";"NOV: próza";"X: neuvedeno";"X: neuvedeno";"že všechny ženy , Åsou a Ylvou počínaje a nejmladší";"děvečkou konče ,";"mají o něho starost a pokaždé mnoho slov na jeho"
"2";"en: angličtina";"FIC: beletrie";"COL: kratší próza";"X: neuvedeno";"X: neuvedeno";"téměř jakékoli aroma , pomerančovou esencí počínaje a rozemletými dětskými";"hovínky konče tedy";"alespoň některé tak působily , kupříkladu jistá anglická směs s"
"2";"cs: čeština";"NMG: publicistika";"LEI: volnočasová publicistika";"X: neuvedeno";"HOU: bydlení, zahrada, hobby";"rukavicemi počínaje a ochranným oděvem spolu s botami s kovovou";"špičkou konče .";"</s><s> Oděv by měl mít výrazné barevné prvky . </s><s> Ale i"
"2";"cs: čeština";"NMG: publicistika";"LEI: volnočasová publicistika";"X: neuvedeno";"SCT: společenský život";"to jenom festival konzumace . </s><s> Dárky počínaje , jídlem a";"pitím konče .";"</s><s> Navíc já v Krkonoších o svátcích ani nejsem , přijíždí"
"2";"cs: čeština";"NMG: publicistika";"LEI: volnočasová publicistika";"X: neuvedeno";"HOU: bydlení, zahrada, hobby";"únavou , bolestmi hlavy či slzením očí počínaje a závažnými";"chorobami konče .";"</s><s> CO JE ZDRAVÝ VZDUCH ? </s><s> Asi si hned představíme ,"
"2";"cs: čeština";"NMG: publicistika";"LEI: volnočasová publicistika";"X: neuvedeno";"LIF: životní styl";"jaksepatří na obláčku . </s><s> Hračkami a pamlsky počínaje a stylovými";"doplňky konče .";"</s><s> Sklenice , Next , 240 Kč / ks </s><s> Lustr ,"
"2";"cs: čeština";"NMG: publicistika";"LEI: volnočasová publicistika";"X: neuvedeno";"SCT: společenský život";"farmě chová asi 1500 kusů živočichů , slepicemi počínaje a";"lvy konče .";"</s><s> Objíždí zoo a snaží se i přestárlá zvířata zachránit . </s>"
"2";"cs: čeština";"NFC: oborová literatura";"PRO: profesní literatura";"NAT: přírodní vědy";"MED: lékařství";"činností komory , s problémy lékařů , mediky počínaje a";"důchodci konče .";"</s><s> Poslední sjezd ČLK se konal v mimořádně příznivém ovzduší ,"
"2";"cs: čeština";"NMG: publicistika";"NEW: tradiční publicistika";"X: neuvedeno";"NTW: celostátní tisk";"titulů prozaických i básnických Ivanem Klímou počínaje a Seifertovým Morovým";"sloupem konče .";"</s><s> A samozřejmě nádherné Vaculíkovy fejetony a Český snář , detailní"
"2";"cs: čeština";"NFC: oborová literatura";"POP: populárně naučná literatura";"SSC: sociální vědy";"SOC: sociologie";"více v kontaktu s exekutivou , ministry počínaje , obecním";"úřadem konče ,";"než s politickými sekretariáty . </s><s> V kontaktu jsme tak spíše"
"2";"ru: ruština";"FIC: beletrie";"COL: kratší próza";"X: neuvedeno";"X: neuvedeno";"ručkama shrabovali , co se dalo – ikonami počínaje a";"letadly konče –";", a všechno si to vlekli domů do zahraničí . </s>"
"2";"cs: čeština";"NFC: oborová literatura";"PRO: profesní literatura";"FTS: formální a technické vědy";"TEC: technika";"všechny zúčastněné , logistikou počínaje , pokračujíc ve výrobě a";"expedicí konče se";"teprve produkt zařadí to takzvaných standardních skladových zásob . </s><s> Vznikne"
"2";"cs: čeština";"NFC: oborová literatura";"PRO: profesní literatura";"FTS: formální a technické vědy";"TEC: technika";", plazmovým a laserovým řezáním počínaje a řezání vysokotlakým vodním";"paprskem konče .";"</s><s> Důležitou součástí technologií je i dodávaný řídicí systém iMSNC . </s>"
"2";"cs: čeština";"NFC: oborová literatura";"POP: populárně naučná literatura";"SSC: sociální vědy";"PSY: psychologie";"aplikovat na svoje oblíbené kardio cvičení – během počínaje a";"veslováním konče .";"</s><s> REFRESH JÓGA : VE VZDUCHU I VE VODĚ </s><s> Jóga zažívá"
"2";"pl: polština";"NFC: oborová literatura";"SCI: odborná literatura";"HUM: humanitní vědy";"LAN: filologie";"a komplikovanými masovými scénami počínaje a jednotlivými karnevalovými posunky a";"grimasami konče .";"</s><s> Tento jazyk diferencovaně a takříkajíc artikulovaně ( jako každý jazyk"
"2";"en: angličtina";"FIC: beletrie";"NOV: próza";"X: neuvedeno";"X: neuvedeno";"bezpečí , všechno bylo normální rozhovorem s Waverly počínaje a";"vysíláním konče .";"</s><s> Vysíláním , které skončilo teprve před několika minutami . </s><s> Vysílání"
"2";"cs: čeština";"NMG: publicistika";"LEI: volnočasová publicistika";"X: neuvedeno";"LIF: životní styl";"stavy ve stěně močového měchýře , zánětem počínaje a nádorovým";"postižením konče .";"</s><s> Podle toho se také dají lépe či hůře léčit . </s>"
"2";"cs: čeština";"NMG: publicistika";"LEI: volnočasová publicistika";"X: neuvedeno";"INT: zajímavosti ze světa";"a Johnem Jamesem Audobonem počínaje a Theodorem Rooseveltem a Ernestem";"Hemingwayem konče -";"se považovali za přírodovědce a ochránce přírody . </s><s> Prosazovali udržitelnost"
"2";"cs: čeština";"NFC: oborová literatura";"SCI: odborná literatura";"SSC: sociální vědy";"PSY: psychologie";", že ve všech jeho výtvorech ( filmy počínaje a";"autobiografií konče )";"můžeme najít tentýž charakteristický dehabituační rukopis . </s><s> Některé obrazy z"
"2";"en: angličtina";"NFC: oborová literatura";"MEM: memoáry, autobiografie";"MEM: memoáry, autobiografie";"MEM: memoáry, autobiografie";"software upozornil na nejrůznější problémy počínaje kybernetickými podvody a nezdravými";"hypotékami konče .";"</s><s> Když si software Palantiru pořídí banka , během pár vteřin"
"2";"cs: čeština";"NFC: oborová literatura";"PRO: profesní literatura";"NAT: přírodní vědy";"AGR: zemědělství, chovatelství";"sortimentem , komunálními nosiči a traktory počínaje a nejrůznějšími pracovními";"adaptéry konče .";"</s><s> A na své si přijdou i zájemci o lesní techniku"
"2";"cs: čeština";"NMG: publicistika";"LEI: volnočasová publicistika";"X: neuvedeno";"MIX: společnost";"nejrůznější drobná fauna – ptáky počínaje a třeba ježky či";"užovkami konče .";"</s><s> Z „ lidského “ hlediska ale bude podle všeho nejdůležitější"
"2";"en: angličtina";"FIC: beletrie";"NOV: próza";"X: neuvedeno";"X: neuvedeno";"neboť všechno už mají předem zpracované – myšlenkami počínaje a";"jídlem konče .";"</s><s> I ty nehybně stojící krávy na pastvinách vypadaly jako reklamy"
"2";"ru: ruština";"FIC: beletrie";"COL: kratší próza";"X: neuvedeno";"X: neuvedeno";"<s> „ Já to všechno nenávidím , církevními ceremoniemi počínaje a";"čertovinami konče .";"“ </s><s> „ Ale u Mississippi se přece taky věří na"
"2";"cs: čeština";"NMG: publicistika";"NEW: tradiční publicistika";"X: neuvedeno";"NTW: celostátní tisk";"částech Prahy , Václavským náměstím počínaje a Příkopy či Karlovou";"ulicí konče .";"</s><s> Šest set tisíc korun pokuty dostala směnárna od regulátora i"
"2";"cs: čeština";"NMG: publicistika";"NEW: tradiční publicistika";"X: neuvedeno";"NTW: celostátní tisk";"fungující a spolehlivé infrastruktury , tou dopravní počínaje a vysokorychlostním";"internetem konče .";"</s><s> Už v dobách monarchie jsme byli technologickým pilířem císařství ,"
"2";"de: němčina";"FIC: beletrie";"NOV: próza";"X: neuvedeno";"X: neuvedeno";", celé Prusko , zámkem počínaje a naprosto nedůležitým proviantním";"úřadem konče ,";"podobně jako Eiffel se svou nejvyšší věží a nejkratším mostem"
"2";"cs: čeština";"NMG: publicistika";"NEW: tradiční publicistika";"X: neuvedeno";"NTW: celostátní tisk";"se měla co učit . </s><s> Jinou obchodní terminologií počínaje a";"výslovností konče .";"</s><s> Na začátku mě tipovali na „ odněkud z Ruska “"
"2";"cs: čeština";"NFC: oborová literatura";"POP: populárně naučná literatura";"FTS: formální a technické vědy";"ICT: výpočetní technika";"možných situací a scén , selfie snímky počínaje , panoramatickými";"záběry konče .";"</s><s> Z toho důvodu jsme se rozhodli kompletně přepracovat fotografické testy"
"2";"ru: ruština";"NFC: oborová literatura";"MEM: memoáry, autobiografie";"MEM: memoáry, autobiografie";"MEM: memoáry, autobiografie";"lesních plodů tu bylo plno – jahodami počínaje a divokým";"vínem konče .";"</s><s> Otec i děda uměli plést košíky a v nedaleké peřejnaté"
"2";"es: španělština";"FIC: beletrie";"NOV: próza";"X: neuvedeno";"X: neuvedeno";"a obviňuje ji z řady pochybení , anarchií počínaje a";"korupcí konče .";"</s><s> Útočí zpříma a míchá právní pochybení s příležitostnými okolnostmi . </s>"
"2";"cs: čeština";"NFC: oborová literatura";"POP: populárně naučná literatura";"FTS: formální a technické vědy";"TEC: technika";"možnost propojení s externími zařízeními , sluchátky počínaje a mnohakanálovými";"audiosystémy konče .";"</s><s> Dálka Smart Control komunikuje s televizory i prostřednictvím speciálního menu"
"2";"cs: čeština";"NMG: publicistika";"NEW: tradiční publicistika";"X: neuvedeno";"NTW: celostátní tisk";"respektive o různých posedlostech , těmi vztahovými počínaje a posedlostí";"minulostí konče )";"a o neschopnosti smířit se se skutečností , že některé"
"2";"cs: čeština";"NMG: publicistika";"LEI: volnočasová publicistika";"X: neuvedeno";"MIX: společnost";"se na mrtvých realizoval kdekdo . </s><s> Ožralými vandaly počínaje a";"satanisty konče ,";"“ vypráví čtyřiapadesátiletý Stejskal , který ostatky během jediné soboty"
"2";"es: španělština";"FIC: beletrie";"COL: kratší próza";"X: neuvedeno";"X: neuvedeno";"<s> Má k nim výhrady různého typu , hlukem počínaje a";"pachy konče .";"</s><s> Její problém s pachem zatuchliny nebo tělesné špíny není morální"
"2";"cs: čeština";"NMG: publicistika";"NEW: tradiční publicistika";"X: neuvedeno";"NTW: celostátní tisk";". </s><s> Buď budeme problémy řešit společně , ekonomií počínaje ,";"migrací konče .";"</s><s> Nebo každý po svém . </s><s> Jenže tyto problémy jsou nad"
"2";"cs: čeština";"NMG: publicistika";"LEI: volnočasová publicistika";"X: neuvedeno";"LIF: životní styl";"jako se psem . </s><s> Všichni psi , čivavou počínaje a";"buldokem konče ,";"jsou potomky vlků , které si ochočil pravěký člověk už"
"2";"cs: čeština";"NMG: publicistika";"LEI: volnočasová publicistika";"X: neuvedeno";"LIF: životní styl";"<s> Tím , jak to tam vypadá , počínaje a dobrými";"recenzemi konče .";"</s><s> Existuje ale i jeden nejspolehlivější způsob , jak poznat skvělou"
"2";"cs: čeština";"NFC: oborová literatura";"POP: populárně naučná literatura";"ITD: interdisciplinární";"ITD: interdisciplinární";"stimulační účinky na lidský organismus , oběhovým systémem počínaje a";"mozkem konče .";"</s><s> Proč je vylepšení tělesných funkcí kofeinem legální a proč není"
"2";"en: angličtina";"FIC: beletrie";"NOV: próza";"X: neuvedeno";"X: neuvedeno";"tempem a proháněl každého , nejvyššími vedoucími pracovníky počínaje a";"poslíčky konče .";"</s><s> Všichni se horečně snažili , aby s ním udrželi krok"
"2";"cs: čeština";"NFC: oborová literatura";"SCI: odborná literatura";"HUM: humanitní vědy";"LAN: filologie";"uložení výbušniny do různých institucí , školami počínaje a vládními";"úřady konče .";"</s><s> Poměrně časté bylo oznámení o uložení bomby v obchodním domě"
"2";"cs: čeština";"NFC: oborová literatura";"POP: populárně naučná literatura";"NAT: přírodní vědy";"MED: lékařství";"celkový režim životosprávy , pohybem a stravou počínaje a psychickou";"pohodou konče ,";"“ připomíná Tereza Hodycová . </s><s> Jak už bylo řečeno ,"
"2";"cs: čeština";"NMG: publicistika";"NEW: tradiční publicistika";"X: neuvedeno";"NTW: celostátní tisk";"pyká , ČSSD přežila ty své – Grossem počínaje a";"Rathem konče –";"bez úhony . </s><s> Až bude po Rathovi , zůstane nám"
"2";"cs: čeština";"NMG: publicistika";"NEW: tradiční publicistika";"X: neuvedeno";"NTW: celostátní tisk";"jej tvoří . </s><s> Všechny tyto systémy – mýty počínaje ,";"vědou konče –";"vlastně věří v existenci jakýchsi dvou světů . </s><s> Ať už"
"2";"cs: čeština";"NMG: publicistika";"NEW: tradiční publicistika";"X: neuvedeno";"NTW: celostátní tisk";". </s><s> Kdobývání jiných kosmických těles , počínaje Marsem a prozatím";"Marsem konče ,";"není ani jeden rozumný důvod . </s><s> Ostatně právě proto zůstal"
"2";"cs: čeština";"NFC: oborová literatura";"PRO: profesní literatura";"NAT: přírodní vědy";"AGR: zemědělství, chovatelství";"různých výrobků , tabulkovou čokoládou počínaje , pralinkami a čokoládovými";"figurkami konče .";"</s><s> Kultovní figurkou je čokoládový zajíc , jehož hlavním atributem jsou"
"2";"cs: čeština";"NMG: publicistika";"LEI: volnočasová publicistika";"X: neuvedeno";"MIX: společnost";"v životě prošvihnul . </s><s> Homérem a Vergiliem počínaje a kvantovou";"fyzikou konče .";"</s><s> Co bych si měl přát víc ? </s><s> O improvizaci </s><s> „"
"2";"cs: čeština";"NMG: publicistika";"NEW: tradiční publicistika";"X: neuvedeno";"NTW: celostátní tisk";"vstup do parlamentu komunisty počínaje ( 14,5 procenta ) a";"Piráty konče (";"4 procenta ) . </s><s> Jako paradoxní tečkou za koalicí lidovců"
"2";"cs: čeština";"NFC: oborová literatura";"POP: populárně naučná literatura";"SSC: sociální vědy";"EDU: pedagogika";", školami v přírodě a lyžařskými kurzy počínaje a zahraničními";"pobyty konče .";"</s><s> „ Lepku nesmím pozřít ani drobeček , který zůstal na"
"2";"cs: čeština";"NMG: publicistika";"NEW: tradiční publicistika";"X: neuvedeno";"NTW: celostátní tisk";"různých opisů – autory a nakladateli počínaje , distributory a";"kritikou konče –";"tak panuje překvapivá shoda . </s><s> Nadužívaná anachronická nálepka thriller přitom"
"2";"cs: čeština";"NMG: publicistika";"NEW: tradiční publicistika";"X: neuvedeno";"NTW: celostátní tisk";"stav pacientů – kardiovaskulárním onemocněním počínaje a nemocnými s duševními";"chorobami konče .";"</s><s> „ Zatím je ale nutné nevynechat prvek interpretace zdravotního stavu"
"2";"cs: čeština";"NFC: oborová literatura";"POP: populárně naučná literatura";"NAT: přírodní vědy";"BIO: biologie";"domovem pro různé živočichy , brouky a ptáky počínaje a";"netopýry konče ,";"ale stal se také nastraženou časovanou bombou , jež se"
"2";"cs: čeština";"NMG: publicistika";"NEW: tradiční publicistika";"X: neuvedeno";"NTW: celostátní tisk";"následné výdaje za služby , pravidelným servisem počínaje , velkými";"opravami konče .";"</s><s> Ceny v autosalonech tak konkurence na uzdě drží . </s><s> Příkladem"
"2";"cs: čeština";"NMG: publicistika";"NEW: tradiční publicistika";"X: neuvedeno";"NTW: celostátní tisk";"pro něj stalo trvalou inspirací , vínem počínaje a renesančním";"humanismem konče .";"</s><s> V jeho obrazech se objevila ona zvláštní krajina , kterou"
"2";"cs: čeština";"NFC: oborová literatura";"PRO: profesní literatura";"NAT: přírodní vědy";"MED: lékařství";"případě jakéhokoliv nebezpečí , zemětřesením nebo požárem počínaje a rozzuřeným";"pacientem konče .";"</s><s> Že tu nikdy nebude zemětřesení ? </s><s> Nevadí ! </s><s> Kdyby přišlo"
"2";"cs: čeština";"NFC: oborová literatura";"POP: populárně naučná literatura";"SSC: sociální vědy";"ECO: ekonomie, obchod, logistika";"pravidel znamenalo úskalí pro každou školu , stoiky počínaje ,";"Kantem konče .";"</s><s> Hédonismus ( stejně jako jeho moderní forma – utilitarismus )"
"2";"cs: čeština";"NFC: oborová literatura";"POP: populárně naučná literatura";"HUM: humanitní vědy";"ART: umění, architektura";"vycházející ze starších vzorů , středověkem počínaje a renesancí a";"barokem konče ,";"se náhle na sklonku devatenáctého století objevil nový svěží styl"
"2";"cs: čeština";"NMG: publicistika";"LEI: volnočasová publicistika";"X: neuvedeno";"LIF: životní styl";"co všechno v tom produktu není od barviv počínaje a";"konzervanty konče .";"</s><s> Nakonec se ke mně důvěrně naklonila : „ Jde o"
"2";"cs: čeština";"NFC: oborová literatura";"POP: populárně naučná literatura";"FTS: formální a technické vědy";"ICT: výpočetní technika";"v posledních letech výrazně zlepšila , počínaje barevným sladěním a";"ergonomií konče .";"</s><s> Monitor obstojí při běžné práci , surfování internetem , tvorbě"
"2";"cs: čeština";"NMG: publicistika";"NEW: tradiční publicistika";"X: neuvedeno";"NTW: celostátní tisk";"dekády rozumějí všemu počínaje problémy geopolitiky a vyrovnáváním se s";"minulostí konče .";"</s><s> I když tedy u nás demokratická diskuse v pravém slova"
"2";"cs: čeština";"NFC: oborová literatura";"MEM: memoáry, autobiografie";"MEM: memoáry, autobiografie";"MEM: memoáry, autobiografie";"odstranil všechny rušivé prvky , ozdobným aranžmá počínaje a nesrozumitelnými";"texty konče .";"</s><s> A tam , kde si Dylan liboval v hravosti a"
"2";"cs: čeština";"NFC: oborová literatura";"POP: populárně naučná literatura";"NAT: přírodní vědy";"BIO: biologie";"často stávají domovem pro další živočichy , brouky počínaje a";"savci konče .";"</s><s> Je hezké tyto tvory ve stromě potkat , mnozí jsou"
"2";"cs: čeština";"NMG: publicistika";"LEI: volnočasová publicistika";"X: neuvedeno";"LIF: životní styl";"– americkým prezidentem počínaje a Rasputinem či sirem Arthurem Conanem";"Doylem konče .";"</s><s> Ten posledně jmenovaný se stal jeho přítelem . </s><s> Tedy do"
"2";"cs: čeština";"NMG: publicistika";"LEI: volnočasová publicistika";"X: neuvedeno";"SCT: společenský život";"střevíci počínaje , šíleným korálkovým závěsem a k outfitu nevhodnou";"kabelou konče .";"</s><s> DAGMAR PATRASOVÁ Herečka Krajkou zpečetěný průšvih Když už bermudy z"
"2";"cs: čeština";"NFC: oborová literatura";"POP: populárně naučná literatura";"HUM: humanitní vědy";"INF: knihovnictví, informatika";"počínaje učiteli na národní škole , vysokou školou a postgraduálním";"studiem konče .";"</s><s> Měl jsem pocit , že by mě hřálo , kdybych"
"2";"cs: čeština";"NMG: publicistika";"LEI: volnočasová publicistika";"X: neuvedeno";"LIF: životní styl";"ústech působí řadu problémů - nepříjemným zápachem počínaje a nejrůznějšími";"infekcemi konče .";"</s><s> Co dělat , když ... </s><s> ZUBNÍ NÁHRADY . </s><s> VYZNÁTE SE"
"2";"zh: čínština";"FIC: beletrie";"NOV: próza";"X: neuvedeno";"X: neuvedeno";", plenami , podprsenkami , záplatovanými trenkami počínaje a potištěnými";"prostěradly konče ,";"jako by stovky vlajek nejrůznějších států světa vlály v šedivém"
"2";"cs: čeština";"NMG: publicistika";"NEW: tradiční publicistika";"X: neuvedeno";"NTW: celostátní tisk";"našly cestu do významných sci-fi , Star Wars počínaje a";"Terminátorem konče .";"</s><s> A celý výtvarný tým se také potkal při práci na"
"2";"en: angličtina";"NFC: oborová literatura";"POP: populárně naučná literatura";"SSC: sociální vědy";"POL: politika, vojenství";"kroucením hlavou a výsměchem počínaje a veřejnou kritikou a otevřenou";"ostrakizací konče .";"</s><s> Politici , kteří se proti nim proviní , musejí počítat"
"2";"cs: čeština";"NFC: oborová literatura";"POP: populárně naučná literatura";"SSC: sociální vědy";"EDU: pedagogika";") až po personální obsazení školy , družinářkou počínaje a";"ředitelem konče .";"</s><s> To má řadu důsledků . </s><s> Mezi jinými stálé snižování prestiže"
"2";"cs: čeština";"NFC: oborová literatura";"PRO: profesní literatura";"FTS: formální a technické vědy";"TEC: technika";"i takový zájem všech , domácnostmi počínaje a podniky či";"komunálem konče ,";"o snižování energetické náročnosti , či zefektivňování využívání energie . </s>"
"2";"en: angličtina";"NFC: oborová literatura";"SCI: odborná literatura";"HUM: humanitní vědy";"HIS: historie, biografie";"<s> Markýzem de Lafayettem počínaje a Jeanem - Jacquesem Servan -";"Schreiberem konče nacházeli";"v Americe energičnost , otevřenost a próteovskou proměnlivost , kterou"
"2";"cs: čeština";"NMG: publicistika";"NEW: tradiční publicistika";"X: neuvedeno";"NTW: celostátní tisk";"základky i školákům s nejrůznějšími handicapy – chudobou počínaje ,";"autismem konče .";"</s><s> Kdo doufal , že tu konečně nastane zájem a vstřícnost"
"2";"en: angličtina";"FIC: beletrie";"COL: kratší próza";"X: neuvedeno";"X: neuvedeno";"kobercem počínaje a kočkou , která se mi motala pod";"rukama , konče ,";"leč materiály uvnitř kamen byly podle všeho ohnivzdorné . </s><s> Ethelbertha"
"2";"cs: čeština";"NFC: oborová literatura";"POP: populárně naučná literatura";"SSC: sociální vědy";"PSY: psychologie";"od nich celou paletu diagnóz – sexuální perverzí počínaje a";"schizofrenií konče .";"</s><s> Na omluvu lékařské vědy je nutné říci , že v"
"2";"cs: čeština";"NMG: publicistika";"LEI: volnočasová publicistika";"X: neuvedeno";"INT: zajímavosti ze světa";"evoluci i příbuzenské vazby – drobnými kolibříky počínaje a mohutnými";"pštrosy konče .";"</s><s> VODNÍ PŘEDCHŮDCI </s><s> Někteří z nejstarších příbuzných moderních ptáků začínali jako"
"2";"cs: čeština";"NMG: publicistika";"LEI: volnočasová publicistika";"X: neuvedeno";"LIF: životní styl";"do jakékoli aerobní aktivity , během či běžkováním počínaje a";"veslováním konče .";"</s><s> Jde - li vám o dobití baterek , mimořádně energizující"
"2";"cs: čeština";"NFC: oborová literatura";"POP: populárně naučná literatura";"FTS: formální a technické vědy";"TEC: technika";"vzhledem základní „ domovské “ stránky a využitými aplikacemi a";"doplňky konče –";"je uživatelsky proměnlivé , těžko asi budou existovat dva shodně"
"2";"cs: čeština";"NMG: publicistika";"LEI: volnočasová publicistika";"X: neuvedeno";"LIF: životní styl";"IDEÁLU </s><s> Mindráky míváme z různých věcí , vzhledem počínaje a";"schopnostmi konče .";"</s><s> Že ale často vznikají jen na základě našich dojmů ,"
"2";"cs: čeština";"NFC: oborová literatura";"POP: populárně naučná literatura";"NAT: přírodní vědy";"BIO: biologie";"bez zábran hnízdí na všech památkách , Belvederem počínaje a";"Schönbrunnem konče (";"ve Vídni žije na volné noze i celá řada populací"
"2";"cs: čeština";"NMG: publicistika";"LEI: volnočasová publicistika";"X: neuvedeno";"LIF: životní styl";"nám čas ukazuje skoro každá elektronika , mobilem počínaje a";"mikrovlnkou konče ,";"se nošení hodinek kolem zápěstí může jevit jako anachronismus . </s>"
"2";"cs: čeština";"NFC: oborová literatura";"MEM: memoáry, autobiografie";"MEM: memoáry, autobiografie";"MEM: memoáry, autobiografie";"několik drinků – sofistikovaným mojitem počínaje a obyčejným rumem s";"kolou konče .";"</s><s> U ohně neodolám buřtu s chlebem , na festivalu si"
"2";"cs: čeština";"NMG: publicistika";"NEW: tradiční publicistika";"X: neuvedeno";"REG: regionální tisk";". </s><s> Studijními materiály a přípravnou literaturou začínaje a testy či";"poznávačkou konče .";"</s><s> Přípravného textu i doporučené literatury bylo mnohem více než loni"
"2";"cs: čeština";"NMG: publicistika";"LEI: volnočasová publicistika";"X: neuvedeno";"HOU: bydlení, zahrada, hobby";", jelikož některé vady – nedomyšleností projektu počínaje a konkrétní";"stavařinou konče –";"se mohou projevit až po delší době . </s><s> Tak se"
"2";"cs: čeština";"NFC: oborová literatura";"PRO: profesní literatura";"FTS: formální a technické vědy";"TEC: technika";"létě přijde „ okurková sezóna “ a říjnem počínaje a";"prosincem konče obalovny";"balí a finišery pokládají i o sobotách a o nedělích"
"2";"cs: čeština";"NMG: publicistika";"NEW: tradiční publicistika";"X: neuvedeno";"NTW: celostátní tisk";"mluvícími zvířátky a pohádkami počínaje a Mikulášem , čertem a";"Ježíškem konče .";"</s><s> Toto období nejenže je normální , ale je zřejmě i"
"2";"cs: čeština";"NFC: oborová literatura";"SCI: odborná literatura";"SSC: sociální vědy";"PSY: psychologie";"Goyou nebo Williamem Blakem a Joelem Peterem Witkinem či Damienem";"Hirstem konče .";"</s><s> Obecnost pojmu dekadence , resp . jeho paralelní existence vně"
"2";"cs: čeština";"NMG: publicistika";"LEI: volnočasová publicistika";"X: neuvedeno";"HOU: bydlení, zahrada, hobby";"využii praktické domácí pomocníky , pračkou a myčkou počínaje a";"kávovarem konče .";"</s><s> Předpokladem jsou přístroje se zabudovaným modulem se schopností komunikovat . </s>"
"2";"cs: čeština";"FIC: beletrie";"COL: kratší próza";"X: neuvedeno";"X: neuvedeno";"se ani nejrůznějším příslušníkům živočišné říše , slimáky počínaje a";"slony konče .";"</s><s> Všechny tyto tvory ale evoluce vybavila obrannými mechanismy , které"
"2";"cs: čeština";"NMG: publicistika";"LEI: volnočasová publicistika";"X: neuvedeno";"LIF: životní styl";", že jsou ženy ( sexuálním násilím počínaje a platovou";"nerovností konče )";". </s><s> Zkusme si alespoň poslechnout , co nám dnešní feministky"
"2";"cs: čeština";"NMG: publicistika";"LEI: volnočasová publicistika";"X: neuvedeno";"HOU: bydlení, zahrada, hobby";"e4 samozřejmě počítá i s tím , instalacemi počínaje a";"vybavením konče .";"</s><s> Ale nás zajímal tentokrát nikoli technický , ale lidský rozměr"
"2";"en: angličtina";"FIC: beletrie";"NOV: próza";"X: neuvedeno";"X: neuvedeno";"z domácí linky Simmonsových týden před vraždou počínaje a Derekovým";"zatčením konče .";"</s><s> Seznam jsem si okopíroval a dal si ho do aktovky"
"2";"cs: čeština";"NMG: publicistika";"NEW: tradiční publicistika";"X: neuvedeno";"NTW: celostátní tisk";"většina tehdejších států – Čínou počínaje a Aztéckou či Inckou";"říší konče –";"byla imperiální . </s><s> Vzestup Západu vysvětluje institucionálními a ideovými důvody"
"2";"en: angličtina";"NFC: oborová literatura";"SCI: odborná literatura";"HUM: humanitní vědy";"HIS: historie, biografie";"upřednostňují krásnou literaturu – německými klasiky počínaje a masově vytvářenými";"braky konče .";"</s><s> Práce týkající se dějin , náboženství nebo darwinismu však byly"
