"1";"en: angličtina";"FIC: beletrie";"NOV: próza";"X: neuvedeno";"X: neuvedeno";", to vše od Valentina Couturea a špičaté dírkované kožené";"boty od Allen";"- Edmondse . </s><s> Hned jak zapadnem k Harrymu , zaregistrujeme"
"1";"en: angličtina";"FIC: beletrie";"NOV: próza";"X: neuvedeno";"X: neuvedeno";"to vše od Armaniho , plus krapet nevkusné modré bavlněné";"ponožky od Interwoven";". </s><s> Černé polobotky s úzkou špičkou od Ferragama má úplně"
"1";"en: angličtina";"FIC: beletrie";"NOV: próza";"X: neuvedeno";"X: neuvedeno";"účelu schovanou , použil k tomu otvírák ze skoro ryzího";"stříbra od Mulazoniho";", který mi koupil Peter Radloff poté , co jsme"
"1";"fr: francouzština";"FIC: beletrie";"NOV: próza";"X: neuvedeno";"X: neuvedeno";"zpráv se znovu objevil na scéně . </s><s> „ Na dostřel";"děla od Mardicku";"král v čele svých oddílů viděl vycházet poraženou posádku . </s>"
"1";"it: italština";"FIC: beletrie";"NOV: próza";"X: neuvedeno";"X: neuvedeno";", “ řekla a položila podnos na stolek vedle hromady";"knih od Biriana";"Birova . </s><s> Nina otevřela jedno oko a rozespale řekla tetě"
"1";"cs: čeština";"FIC: beletrie";"NOV: próza";"X: neuvedeno";"X: neuvedeno";"v zorném úhlu . </s><s> Jindy se třepetá v poryvech větru";"přicházejícího od Maleconu";"jako svůdná tanečnice , a najednou je fuč ! </s><s> „"
"1";"no: norština";"FIC: beletrie";"NOV: próza";"X: neuvedeno";"X: neuvedeno";"<s> Venku na louce , ještě za světla . </s><s> Jen několik";"metrů od Gunwaldova";"domu . </s><s> Jistě , pokud vrah okolí neznal , možná"
"1";"en: angličtina";"FIC: beletrie";"NOV: próza";"X: neuvedeno";"X: neuvedeno";"elektráren , které byly často nedostatečně hlídané a jen několik";"kilometrů od nejhustěji";"zabydlených oblastí . </s><s> Těm , kdo tak urputně bojovali proti"
"1";"en: angličtina";"FIC: beletrie";"NOV: próza";"X: neuvedeno";"X: neuvedeno";"Norfolk je génius a jeho taktika je dokonalá . </s><s> Pomocí";"dopisů od de";"la Polea vrhá dvořany jednoho po druhém do pasti a"
"1";"zh: čínština";"FIC: beletrie";"NOV: próza";"X: neuvedeno";"X: neuvedeno";", “ říká zcela vážně . </s><s> Když jsem přijížděl od";"východu , od Zhuzhou";", měl vlak trochu zpoždění , zastavil ještě na jednom"
"1";"en: angličtina";"FIC: beletrie";"NOV: próza";"X: neuvedeno";"X: neuvedeno";"mističku pinzetou a položil ji vedle sady různě zbarvených fólií";"seřazených od světle";"šedé po havraní čerň . </s><s> Skvrna v mističce byla tmavší"
"1";"fr: francouzština";"FIC: beletrie";"NOV: próza";"X: neuvedeno";"X: neuvedeno";"polevilo . </s><s> Jeden citát mu připomněl další , slova Malého";"Prince od Saint";"- Exupéryho znějí jako Chaplinova ozvěna : „ Stáváš se"
"1";"no: norština";"FIC: beletrie";"NOV: próza";"X: neuvedeno";"X: neuvedeno";"srázu , na kterém stál — zhruba jeden a půl";"kilometru od bíle";"nahozených domků — viděl jenom hnědo-zelené tečky vojáků , jak"
"1";"en: angličtina";"FIC: beletrie";"NOV: próza";"X: neuvedeno";"X: neuvedeno";". </s><s> Blake se mi ani nepokusil zavolat . </s><s> Zato nabídka";"práce od Taylor";"mi přistála v hlasové schránce krátce po půlnoci . </s><s> Když"
"1";"no: norština";"FIC: beletrie";"NOV: próza";"X: neuvedeno";"X: neuvedeno";", nemáme čas ji vyzkoušet . </s><s> Stoupneš si na půl";"metru od Rolborga";"a střelíš ho do prsou . </s><s> Znovu nabiješ , pak"
"1";"de: němčina";"FIC: beletrie";"NOV: próza";"X: neuvedeno";"X: neuvedeno";". </s><s> Pomáhal jsem s vyhledáváním půjček na rozjezd firem a";"dotací od EU";", s logistickými problémy a úplně nejčastěji s insolvencemi . </s>"
"1";"en: angličtina";"FIC: beletrie";"NOV: próza";"X: neuvedeno";"X: neuvedeno";"objevovala u jeho dveří . </s><s> Přívěs stál zaparkovaný asi sto";"metrů od Front";"Street , mezi skladem dřeva a místem , které se"
"1";"en: angličtina";"FIC: beletrie";"NOV: próza";"X: neuvedeno";"X: neuvedeno";"v komunitním centru , představovala jen asi tři poličky otrhaných";"knih od Reader’s";"Digest . </s><s> „ O moji sestru obavy neměj , “"
"1";"cs: čeština";"FIC: beletrie";"NOV: próza";"X: neuvedeno";"X: neuvedeno";"je pozdě , “ vrtěl Hanif hlavou . </s><s> „ Kromě";"toho , ode mne";"se k nikomu ze svých … “ </s><s> „ Nechci tvůj"
"1";"en: angličtina";"FIC: beletrie";"COL: kratší próza";"X: neuvedeno";"X: neuvedeno";", ale ani on nedokáže držet na uzdě palebnou sílu";"osmiválce od AMG";". </s><s> Pokud si zapnete řízení trakce , nepohnete se ani"
"1";"en: angličtina";"FIC: beletrie";"COL: kratší próza";"X: neuvedeno";"X: neuvedeno";"stejný 5,5litrový agregát , jaký najdete u ostatních , větších";"aut od AMG";", akorát bez turbodmychadla . </s><s> Nemyslete si ovšem , že"
"1";"cs: čeština";"FIC: beletrie";"COL: kratší próza";"X: neuvedeno";"X: neuvedeno";", přece jen málo uspokojivé . </s><s> Přečetli si spolu Milencelady";"Chatterleyové od D";". H . Lawrence a odstěhovali se na venkov ,"
"1";"en: angličtina";"FIC: beletrie";"COL: kratší próza";"X: neuvedeno";"X: neuvedeno";"vědoucím úšklebkem , který matka později detekovala jako typický znak";"hochů od KGB";"a který já dnes vídám ve tváři prezidenta a lidí"
"1";"en: angličtina";"NFC: oborová literatura";"SCI: odborná literatura";"HUM: humanitní vědy";"PHI: filozofie, náboženství";"nachází se vysoko v kaňonu řeky Macal , zhruba 13";"kilometrů od Benque";"Viejo del Carmen nedaleko hranice s Guatemalou ( obr . </s>"
"1";"cs: čeština";"NFC: oborová literatura";"SCI: odborná literatura";"HUM: humanitní vědy";"HIS: historie, biografie";"a zaznělo Salve Regina , k čemuž byla za vyzvánění";"zvonů od sv";". Valentina přidána závěrečná kolekta ( modlitba ) . </s><s> Po"
"1";"cs: čeština";"NFC: oborová literatura";"SCI: odborná literatura";"HUM: humanitní vědy";"LAN: filologie";". Fialy atp . </s><s> Tuskány požaduje „ vyčištění knihoven a";"učeben od židovsko";"zednářského braku “ , revidovat základy vědy a obnovit křesťanské"
"1";"cs: čeština";"NFC: oborová literatura";"SCI: odborná literatura";"HUM: humanitní vědy";"LAN: filologie";"nich a zřejmě nejlepší je Pomněnka na hrobě Karla Hynka";"Máchy od K";". Sabinského ( Sabiny ) , uveřejněná v Květech č"
"1";"cs: čeština";"NFC: oborová literatura";"SCI: odborná literatura";"HUM: humanitní vědy";"LAN: filologie";"časté je takové stanovisko u lingvistů pracujících s Chomského teorií";"minimalismu , od J";". Jackendoffa až po G . Zybatowou a U ."
"1";"cs: čeština";"NFC: oborová literatura";"SCI: odborná literatura";"HUM: humanitní vědy";"LAN: filologie";"gest a slov . </s><s> V druhé polovině tzv . jednoslovného";"období ( od cca";"16 měsíců ) se objevují i „ struktury “ ,"
"1";"cs: čeština";"NFC: oborová literatura";"POP: populárně naučná literatura";"HUM: humanitní vědy";"LAN: filologie";"němu vyšetřování . "" </s><s> V Ďarmotech obdržela Němcová dopis z";"Prahy od MUDr";". Dušana Lambla , jímž ji vyzýval , aby se"
"1";"cs: čeština";"NFC: oborová literatura";"SCI: odborná literatura";"HUM: humanitní vědy";"INF: knihovnictví, informatika";"později historiografie , diplomatických dokumentů , náboženských textů , soukromých";"rozhovorů , od 16";". století počínající publicistiky apod . </s><s> V oblasti vědeckého ("
"1";"en: angličtina";"NFC: oborová literatura";"POP: populárně naučná literatura";"HUM: humanitní vědy";"INF: knihovnictví, informatika";"stejně smýšlejícím . </s><s> Vytvořil si proto databázi obsahující stovky zdrojů";"informací – od New";"York Times po neznámé blogy – které má oštítkované podle"
"1";"cs: čeština";"NFC: oborová literatura";"SCI: odborná literatura";"HUM: humanitní vědy";"ART: umění, architektura";"<s> První stopy v dějinách římské liturgie nacházíme ve spisu kanovníka";"Benedikta od sv";". Petra , který popisoval obřad , v němž papež"
"1";"cs: čeština";"NFC: oborová literatura";"SCI: odborná literatura";"HUM: humanitní vědy";"ART: umění, architektura";"území , které snad již v té době patřilo klášteru";"benediktinek od sv";". Jiří na Pražském hradě . 392 Díky svému půdorysnému"
"1";"cs: čeština";"NFC: oborová literatura";"PRO: profesní literatura";"SSC: sociální vědy";"ECO: ekonomie, obchod, logistika";"100 tisíc korun je zahrnuto v ceně krátkodobého cestovního pojištění";"sjednaného od 15";". června do 31 . srpna , “ informuje mluvčí"
"1";"cs: čeština";"NFC: oborová literatura";"PRO: profesní literatura";"SSC: sociální vědy";"POL: politika, vojenství";"<s> Proto by nám pomohlo , kdyby dohody na zřízení pracovního";"místa od ÚP";"byly delší než jeden rok , alespoň pro ty ,"
"1";"cs: čeština";"NFC: oborová literatura";"PRO: profesní literatura";"SSC: sociální vědy";"POL: politika, vojenství";"hodnoty dosáhly nejmenší obce a po nich obce s počtem";"obyvatel od 200";"do 499 . </s><s> Nejnižší příčku si udržely obce s počtem"
"1";"cs: čeština";"NFC: oborová literatura";"SCI: odborná literatura";"SSC: sociální vědy";"PSY: psychologie";"jeho dotazníku a třemi dimenzemi náboženské orientace . </s><s> Podle výsledků";"získaných od 244";"pravidelných návštěvníků anglických kostelů patřících různým křesťanským církvím vysoké skóry"
"1";"cs: čeština";"NFC: oborová literatura";"SCI: odborná literatura";"SSC: sociální vědy";"PSY: psychologie";"o výtvarném projevu , typická pro diskurz a praxi výtvarné";"výchovy od 60";". let , rezonuje právě v oblasti tvorby a její"
"1";"cs: čeština";"NFC: oborová literatura";"SCI: odborná literatura";"SSC: sociální vědy";"PSY: psychologie";"byl následek jak nižšího vystavení riziku nebezpečných situací , tak";"podpory od „";"supervizora “ při řešení rizikových situací bezpečným způsobem . </s><s> Rovněž"
"1";"en: angličtina";"NFC: oborová literatura";"SCI: odborná literatura";"SSC: sociální vědy";"SOC: sociologie";", státními úřady a širokou veřejností . </s><s> Posun v pojetí";"archivu od relativně";"uzavřeného , institucionálně kontrolovaného a hierarchického systému k víceméně otevřenému"
"1";"cs: čeština";"NFC: oborová literatura";"SCI: odborná literatura";"SSC: sociální vědy";"REC: sport, rekreace, hobby";"děti a jejich rodiče osloveni s nabídkou vstoupit do sportovních";"tříd ( od 5";". ročníku ) . </s><s> Tyto třídy se zaměřovaly na jednotlivé"
"1";"cs: čeština";"NFC: oborová literatura";"SCI: odborná literatura";"SSC: sociální vědy";"REC: sport, rekreace, hobby";"mezi 7 – 13 lety , ale existují i skupiny";"předškoláků od 3";"let . </s><s> Děti procházejí fiktivním přijímacím řízením - pohovorem ,"
"1";"cs: čeština";"NFC: oborová literatura";"POP: populárně naučná literatura";"SSC: sociální vědy";"REC: sport, rekreace, hobby";"před ním barokní kostel sv . Kateřiny , uvnitř zámku";"sochy od Ant";". Maxe . </s><s> Na náměstí sousoší Kalvárie , v obci"
"1";"cs: čeština";"NFC: oborová literatura";"PRO: profesní literatura";"SSC: sociální vědy";"EDU: pedagogika";"podobný jako předcházející , sleduje i sebepojetí dítěte v kontextu";"třídy ( od 4";". třídy po maturitní ročníky , vhodné i pro vyšší"
"1";"cs: čeština";"NFC: oborová literatura";"PRO: profesní literatura";"SSC: sociální vědy";"EDU: pedagogika";"příležitosti oslavy Dne dětí . </s><s> Letošní 7 . ročník Týdne";"čtení od 1";". 6 . – 7 . 6 . 2017 se"
"1";"cs: čeština";"NFC: oborová literatura";"PRO: profesní literatura";"SSC: sociální vědy";"EDU: pedagogika";", kdy během dvou hodin došlo u ministryně ke změně";"názoru od –";"budu bojovat a neodstoupím – až po – nechci dávat"
"1";"cs: čeština";"NFC: oborová literatura";"SCI: odborná literatura";"NAT: přírodní vědy";"BIO: biologie";". </s><s> Je tvořená souborem prvků v celé škále intenzity antropogenní";"přeměny , od relativně";"přirozených a přírodě blízkých až po prvky člověkem přeměněné či"
"1";"cs: čeština";"NFC: oborová literatura";"POP: populárně naučná literatura";"NAT: přírodní vědy";"BIO: biologie";". </s><s> Karbonské horniny se zde vyskytují ve velkém rozsahu nadmořských";"výšek , od méně";"než 210 m n . m . až po zhruba"
"1";"cs: čeština";"NFC: oborová literatura";"SCI: odborná literatura";"NAT: přírodní vědy";"MED: lékařství";"<s> Oba dva tyto parametry tudíž mohou být přínosem pro rozlišení";"adenomů od nonadenomů";". </s><s> Při porovnání jednotlivých histologických skupin s přítomností centrální hypodenzity"
"1";"cs: čeština";"NFC: oborová literatura";"PRO: profesní literatura";"NAT: přírodní vědy";"AGR: zemědělství, chovatelství";"že letos se o Regionální potravinu Kraje Vysočina ucházelo 65";"výrobků od 20";"výrobců , což byl největší počet za dobu trvání soutěže"
"1";"cs: čeština";"NFC: oborová literatura";"PRO: profesní literatura";"NAT: přírodní vědy";"AGR: zemědělství, chovatelství";"UNION CZ s . r . o . obsahoval devět";"materiálů od FAO";"210 po FAO 260 , etablované pro oblast vysočiny . </s>"
"1";"cs: čeština";"NFC: oborová literatura";"PRO: profesní literatura";"NAT: přírodní vědy";"AGR: zemědělství, chovatelství";"typů s označením JD 8100 až 8800 s maximálním výkonem";"motoru od 380";"do 843 k . </s><s> ? </s><s> Stroje nabízí zvýšenou průchodnost materiálu"
"1";"cs: čeština";"NFC: oborová literatura";"PRO: profesní literatura";"NAT: přírodní vědy";"AGR: zemědělství, chovatelství";"<s> Stroj má středové zavěšení </s><s> Shrnovače Fendt existují v širokém rozpětí";"záběrů od 3,6";"do 12,5 m . V naší zemi oblíbené dvourotorové provedení"
"1";"cs: čeština";"NFC: oborová literatura";"PRO: profesní literatura";"NAT: přírodní vědy";"AGR: zemědělství, chovatelství";"s ministrem zemědělství . </s><s> Komory navrhly zkrácení referenčního období ,";"platícího od 1";". června do 30 . září , v roce 2018"
"1";"cs: čeština";"NFC: oborová literatura";"PRO: profesní literatura";"NAT: přírodní vědy";"AGR: zemědělství, chovatelství";"<s> V živočišné výrobě se zabývá chovem červenostrakatého skotu a produkcí";"mléka , od 960";"dojnic dodá ročně do mlékárny přes osm milionů litrů . </s>"
"1";"en: angličtina";"NFC: oborová literatura";"POP: populárně naučná literatura";"FTS: formální a technické vědy";"MAT: matematika";"najít všechna prvočísla nižší než n , začněte sepsáním všech";"čísel od 1";"po n v řadě . </s><s> Potom vyškrtejte všechny násobky dvou"
"1";"cs: čeština";"NFC: oborová literatura";"PRO: profesní literatura";"FTS: formální a technické vědy";"TEC: technika";"na motor ( nebo přímo s motorem ) v rozsahu";"výkonů od 0,55";"do 22 kW . </s><s> Centralizovaná ani decentralizovaná řešení nejsou vhodná"
"1";"cs: čeština";"NFC: oborová literatura";"PRO: profesní literatura";"FTS: formální a technické vědy";"TEC: technika";"dva původní , které sloužily k přepravě pánví v hale";"ocelárny od 60";". let 20 . století . </s><s> „ Nový jeřáb přinese"
"1";"cs: čeština";"NFC: oborová literatura";"PRO: profesní literatura";"FTS: formální a technické vědy";"TEC: technika";". </s><s> Jeho hmotnost dosahuje 11,5 nebo 15 t s rozvory";"kol od 3240";"do 4150 mm . </s><s> Pohon všech kol provádí motor Tector"
"1";"cs: čeština";"NFC: oborová literatura";"PRO: profesní literatura";"FTS: formální a technické vědy";"TEC: technika";"ve sklopném i pevném provedení a může nabídnout přepravní objemy";"nástaveb od 22";"do 54 m3 ( nesklopné ) , respektive 26 až"
"1";"cs: čeština";"NFC: oborová literatura";"PRO: profesní literatura";"FTS: formální a technické vědy";"TEC: technika";"rozptylový transformátor postavený před čtyřiceti lety podle měl osm regulačních";"stupňů od 60";"do 140 A střídavých . </s><s> Napájecí napětí bylo 380 V"
"1";"cs: čeština";"NFC: oborová literatura";"PRO: profesní literatura";"FTS: formální a technické vědy";"TEC: technika";"zpracovává např . výrobce stožárů vysokého napětí celou rozměrovou řadu";"úhelníků od 35";"× 35 po 300 × 300 v jakosti S355J2 . </s>"
"1";"cs: čeština";"NFC: oborová literatura";"PRO: profesní literatura";"FTS: formální a technické vědy";"TEC: technika";") , viz předchozí díly článku o WTC v časopise";"Stavebnictví od č";". 03 / 2016 . </s><s> V té době bylo naléháno"
"1";"cs: čeština";"NFC: oborová literatura";"PRO: profesní literatura";"FTS: formální a technické vědy";"TEC: technika";"<s> V současné době nabízí BILLA celkem 1567 výrobků vlastních privátních";"značek od 250";"dodavatelů , z nichž 143 jsou české firmy . </s><s> Za"
"1";"cs: čeština";"NFC: oborová literatura";"PRO: profesní literatura";"FTS: formální a technické vědy";"TEC: technika";"vozidlech z obchodních řad Phoenix a Force v různých konfiguracích";"podvozků od 4";"x 4 po 8 x 8 . </s><s> Celkem o prvním"
"1";"cs: čeština";"NFC: oborová literatura";"POP: populárně naučná literatura";"FTS: formální a technické vědy";"TEC: technika";"přemosťuje . </s><s> Standardně však velký hliníkový knoflík slouží elektronické regulaci";"hlasitosti ( od 0";"do 60 , výchozí úroveň po zapnutí představuje vždycky „"
"1";"cs: čeština";"NFC: oborová literatura";"POP: populárně naučná literatura";"FTS: formální a technické vědy";"TEC: technika";"spoluúčasti . </s><s> U modelu Fabia se nabídka pohybuje u tříletého";"nájmu od 4499";"Kč do 5994 Kč , u Fabie Combi od 4999"
"1";"cs: čeština";"NFC: oborová literatura";"POP: populárně naučná literatura";"FTS: formální a technické vědy";"TEC: technika";"nejsou viditelné , protože lepidlo je čiré . </s><s> Odolává výkyvům";"teplot od";"</s><s> - 40 ° C až do + 120 ° C"
"1";"cs: čeština";"NFC: oborová literatura";"PRO: profesní literatura";"FTS: formální a technické vědy";"ICT: výpočetní technika";"na nabízený seznam funkcí , které se nám u třídy";"odvozené od CAtlExeModule";"nabízejí v okně Properties k přepsání , zjistíme , že"
"1";"cs: čeština";"NFC: oborová literatura";"PRO: profesní literatura";"FTS: formální a technické vědy";"ICT: výpočetní technika";"a vypínat náš první modul . </s><s> Do třídy Aplikace (";"odvozené od CAtlExeModule";"a zabalující win32 aplikaci ) si kromě přepsání metod PreMessageLoop"
"1";"cs: čeština";"NFC: oborová literatura";"PRO: profesní literatura";"FTS: formální a technické vědy";"ICT: výpočetní technika";"12 externích bateriových modulů . </s><s> Jako příslušenství pro rozvod zálohované";"energie od UPS";"k jednotlivým serverům , datovým úložištím , síťovým prvkům ("
"1";"cs: čeština";"NFC: oborová literatura";"PRO: profesní literatura";"FTS: formální a technické vědy";"ICT: výpočetní technika";"v rámci jedné rodiny produktů řeší problematiku datových skladů a";"reportingu „ od A";"do Z “ ( Teradata , SAS apod . )"
"1";"cs: čeština";"NFC: oborová literatura";"POP: populárně naučná literatura";"FTS: formální a technické vědy";"ICT: výpočetní technika";"měl ještě slabší paměť , méně portů a byl dvojčetem";"tabletu od GoCleveru";". </s><s> Žádný lepší konvertibilní tablet od Umaxu zatím v nabídce"
"1";"cs: čeština";"NFC: oborová literatura";"POP: populárně naučná literatura";"FTS: formální a technické vědy";"ICT: výpočetní technika";"prezentační mód . </s><s> Tohle je zkrátka mnohem lepší . </s><s> Rozsah";"jasu od 23";"do 341 cd / m2 je dostatečný , ovšem kontrast"
"1";"cs: čeština";"NFC: oborová literatura";"POP: populárně naučná literatura";"FTS: formální a technické vědy";"ICT: výpočetní technika";"kilometrů ? </s><s> Komfort v garáži Jednoduché nástěnné boxy do vlastní";"garáže ( od cca";"500 eur - 12 000 Kč ) podstatně zvyšují komfort"
"1";"cs: čeština";"NFC: oborová literatura";"POP: populárně naučná literatura";"FTS: formální a technické vědy";"ICT: výpočetní technika";"Drive Mini SSD Pro 256 GB </s><s> Druhý zástupce externích SSD";"disků od Freecomu";"dostal do vínku outdoorovou schránku . </s><s> Ta je kombinovaná :"
"1";"en: angličtina";"NFC: oborová literatura";"MEM: memoáry, autobiografie";"MEM: memoáry, autobiografie";"MEM: memoáry, autobiografie";"bílým krajkovým límečkem , které jim Joan ušila podle téhož";"střihu od Buttericka";". </s><s> Madonně se nelíbí , ale Joan jí řekla ,"
"1";"cs: čeština";"NFC: oborová literatura";"MEM: memoáry, autobiografie";"MEM: memoáry, autobiografie";"MEM: memoáry, autobiografie";"a zabili jednu těhotnou ženu . </s><s> V Kake , pětadevadesát";"kilometrů od Bozoum";", je ještě sedmdesát žen a dětí M’Bororo . </s><s> Přivezl"
"1";"cs: čeština";"NMG: publicistika";"NEW: tradiční publicistika";"X: neuvedeno";"NTW: celostátní tisk";"<s> Průzkumu se v květnu a červnu loňského roku zúčastnilo 2641";"lidí od 18";"do 59 let . </s><s> Pravicovým extremistům hrozí výjimečný trest </s><s> Až"
"1";"cs: čeština";"NMG: publicistika";"NEW: tradiční publicistika";"X: neuvedeno";"NTW: celostátní tisk";"nejočekávanější film soutěže : Knight of the Cups ( Rytíř";"pohárů ) od Terrence";"Malicka . </s><s> Divoký nápor na novinářskou projekci potvrdil , že"
"1";"cs: čeština";"NMG: publicistika";"NEW: tradiční publicistika";"X: neuvedeno";"NTW: celostátní tisk";"slavíka . </s><s> Citron </s><s> Klub Masters of Rock Zlín 28 .";"listopadu od 20";"hodin </s><s> ZLÍNSKÝ KRAJ </s><s> Volby 1990 : nepolitici jdou do boje </s>"
"1";"cs: čeština";"NMG: publicistika";"NEW: tradiční publicistika";"X: neuvedeno";"NTW: celostátní tisk";"známé kapely Sunflower Caravan a dalších . * Budova ministerstva";"dopravy od 10";"do 16 hodin bude připravena prohlídková trasa , která ukáže"
"1";"cs: čeština";"NMG: publicistika";"NEW: tradiční publicistika";"X: neuvedeno";"NTW: celostátní tisk";"deset let , tendr za čtyři miliardy korun na zajištění";"dopravy od 14";". prosince 2014 ale ÚOHS zrušil . </s><s> Liberecký kraj se"
"1";"cs: čeština";"NMG: publicistika";"NEW: tradiční publicistika";"X: neuvedeno";"NTW: celostátní tisk";", že ten míč nemůže získat , a už pět";"metrů od Redyho";"( Radouše ) měl rudé oči . </s><s> Oběma nohama mu"
"1";"cs: čeština";"NMG: publicistika";"NEW: tradiční publicistika";"X: neuvedeno";"NTW: celostátní tisk";"zastupitelstvem . </s><s> „ Naše společnost je mladá , hledáme mantinely";"svobody od zastavme";"všechno až po nezastavme nic , “ popisuje Sovička . </s>"
"1";"cs: čeština";"NMG: publicistika";"NEW: tradiční publicistika";"X: neuvedeno";"NTW: celostátní tisk";"neváhal podporovat špinavé hry . </s><s> Pro druhé nejvýznamnější tvůrce zahraniční";"politiky od 60";". let , který by nikdy nedopustil tak špatně sehrané"
"1";"cs: čeština";"NMG: publicistika";"NEW: tradiční publicistika";"X: neuvedeno";"NTW: celostátní tisk";"<s> Divadlo F . X . Šaldy , Liberec 30 .";"ledna od 19";"hodin </s><s> LIBERECKÝ KRAJ </s><s> Na Veselém Kopci oslaví masopust </s><s> VESELÝ KOPEC"
"1";"cs: čeština";"NMG: publicistika";"NEW: tradiční publicistika";"X: neuvedeno";"NTW: celostátní tisk";". </s><s> Nikdy nekončí </s><s> Sál Kulturního zařízení Valašské Meziříčí 3 .";"února od 19";"hodin </s><s> ZLÍNSKÝ KRAJ </s><s> Herecké naděje míří na Moravu </s><s> OLOMOUC Mladá"
"1";"cs: čeština";"NMG: publicistika";"NEW: tradiční publicistika";"X: neuvedeno";"NTW: celostátní tisk";"řadě scén tak lze poznat konkrétní děje z nedávné ruské";"minulosti od Pussy";"Riot v klecích u soudního přelíčení až po pronásledování homosexuálů"
"1";"cs: čeština";"NMG: publicistika";"NEW: tradiční publicistika";"X: neuvedeno";"NTW: celostátní tisk";"dokonce šlechtický původ . </s><s> Roudnická větev Lobkowiczů udržuje tradici pěstování";"révy od 17";". století . </s><s> Zrání a lahvování vín probíhá v rozsáhlých"
"1";"cs: čeština";"NMG: publicistika";"NEW: tradiční publicistika";"X: neuvedeno";"NTW: celostátní tisk";". </s><s> ( Trenéra Pascala Foussarda , který je generálním manažerem";"klubu , od 11";". kola nahradil Vital Heynen - pozn . red ."
"1";"cs: čeština";"NMG: publicistika";"NEW: tradiční publicistika";"X: neuvedeno";"NTW: celostátní tisk";"veřejné služby * zákon o sociálním bydlení * garance mateřské";"školy od 2";"let věku a možnost nastoupit i během školního roku *"
"1";"cs: čeština";"NMG: publicistika";"NEW: tradiční publicistika";"X: neuvedeno";"NTW: celostátní tisk";"let . </s><s> Můžeme zde tedy sledovat cestu zprůmyslnění stavebnictví u";"nás , od tradičně";"zděných domů k nástupu panelové technologie . </s><s> K poválečné bytové"
"1";"cs: čeština";"NMG: publicistika";"NEW: tradiční publicistika";"X: neuvedeno";"NTW: celostátní tisk";"s teplárenstvím . </s><s> ROZDÁVAJÍ LÍSTKY . </s><s> Zaměstnanec Českých drah od";"pondělí od 9";". do 15 . hodiny rozdává na veleslavínském nádraží cestujícím"
"1";"cs: čeština";"NMG: publicistika";"NEW: tradiční publicistika";"X: neuvedeno";"NTW: celostátní tisk";"se počítá vitalita plodu , tedy možnost přežití předčasně narozeného";"miminka od 24";". týdne nebo v jeho průběhu ( konec 6 ."
"1";"cs: čeština";"NMG: publicistika";"NEW: tradiční publicistika";"X: neuvedeno";"NTW: celostátní tisk";". </s><s> Díky tomu lze porovnávat různé typy lidové architektury z";"období od 17";". do 19 . století , nyní je zde k"
"1";"cs: čeština";"NMG: publicistika";"NEW: tradiční publicistika";"X: neuvedeno";"NTW: celostátní tisk";"do závodních jídelen si energetici mohli zakoupit rozmanité výrobky handicapovaných";"klientů od celkem";"44 chráněných dílen či neziskových organizací . </s><s> Tipy a snímky"
"1";"cs: čeština";"NMG: publicistika";"NEW: tradiční publicistika";"X: neuvedeno";"NTW: celostátní tisk";"častější jsou komplikace . </s><s> V současnosti se podává první dávka";"vakcíny od 15";". měsíce věku dítěte a druhá dávka za šest až"
"1";"cs: čeština";"NMG: publicistika";"NEW: tradiční publicistika";"X: neuvedeno";"NTW: celostátní tisk";"která bude pokračovat Vepřovými hody . </s><s> V pátek 20 .";"ledna od 14";"hodin budou lidé přímo na chodníku před restaurací sledovat bourání"
"1";"cs: čeština";"NMG: publicistika";"NEW: tradiční publicistika";"X: neuvedeno";"NTW: celostátní tisk";"Slavií Praha . </s><s> Semifinále play off zahájí Poruba 29 .";"dubna od 14";". 30 hodin ve sportovní hale v Polance nad Odrou"
"1";"cs: čeština";"NMG: publicistika";"NEW: tradiční publicistika";"X: neuvedeno";"NTW: celostátní tisk";"miliónů eur . </s><s> Do Liberce zamířilo díky Klewanovi 160 uměleckých";"děl od 60";"autorů včetně výjimečných děl klasické moderny a v jejím rámci"
"1";"cs: čeština";"NMG: publicistika";"NEW: tradiční publicistika";"X: neuvedeno";"NTW: celostátní tisk";"Karvinští na hřiště čtrnáctého Slovácka . </s><s> V sobotu 30 .";"září od 17";"hodin je tak znovu čeká záchranářská bitva . </s><s> To ,"
"1";"cs: čeština";"NMG: publicistika";"NEW: tradiční publicistika";"X: neuvedeno";"NTW: celostátní tisk";"rameny . </s><s> V 9 . kole hostí Baník 1 .";"října od 17";"hodin ve Vítkovicích Zlín . </s><s> Házenkáři Kopřivnice šokovali v extralize"
"1";"cs: čeština";"NMG: publicistika";"NEW: tradiční publicistika";"X: neuvedeno";"NTW: celostátní tisk";"<s> Čtenář tak může sledovat vývoj spolupráce představitelů londýnského a moskevského";"exilu – od československo";"- sovětské smlouvy z prosince 1943 po přijetí Košického vládního"
"1";"cs: čeština";"NMG: publicistika";"NEW: tradiční publicistika";"X: neuvedeno";"NTW: celostátní tisk";"zdražování této klíčové energetické suroviny . </s><s> 6,1 procenta činí posílení";"koruny od 6";". dubna loňského roku , kdy ČNB ukončila devizové intervence"
"1";"cs: čeština";"NMG: publicistika";"NEW: tradiční publicistika";"X: neuvedeno";"NTW: celostátní tisk";"v Branickém divadle . </s><s> První představení se uskuteční 3 .";"března od 19";". 30 hodin . </s><s> Hosty budou Tereza Hofová , Matěj"
"1";"cs: čeština";"NMG: publicistika";"NEW: tradiční publicistika";"X: neuvedeno";"NTW: celostátní tisk";"lesního podniku a s rodinou bydlíme v myslivně asi deset";"kilometrů od Weitry";". </s><s> Vašemu rodu třeba kdysi patřily i Lány , sídlo"
"1";"cs: čeština";"NMG: publicistika";"NEW: tradiční publicistika";"X: neuvedeno";"NTW: celostátní tisk";"vánoční cukroví a přispět na dobrou věc . </s><s> Koupí speciálního";"svařáku od Rotaract";"Clubu podpoří charitativní projekty v kraji . </s><s> Přijede tvůrce Kingdom"
"1";"cs: čeština";"NMG: publicistika";"NEW: tradiční publicistika";"X: neuvedeno";"NTW: celostátní tisk";"z Masarykovy univerzity v Brně , kteří loni po analýze";"dat od 9500";"hráčů zjistili , že známky opravdové závislosti vykazují pouze jednotky"
"1";"cs: čeština";"NMG: publicistika";"NEW: tradiční publicistika";"X: neuvedeno";"NTW: celostátní tisk";"různé počítačové i mobilní aplikace . </s><s> Mezi ty nejoblíbenější podle";"průzkumu od Předvýběr";". cz patří Skype či WhatsApp . </s><s> Za klíčové nástroje"
"1";"cs: čeština";"NMG: publicistika";"NEW: tradiční publicistika";"X: neuvedeno";"NTW: celostátní tisk";"i své kybernetické síly . * „ Technologie 21 .";"století “ od 1";". ledna 2020 doplní satelitní centrum . </s><s> Zhruba padesát českých"
"1";"cs: čeština";"NMG: publicistika";"NEW: tradiční publicistika";"X: neuvedeno";"NTW: celostátní tisk";"uvedla , že Apple Pay je k dispozici držitelům platebních";"karet od Air";"Bank , J & T Banky , Komerční banky ,"
"1";"cs: čeština";"NMG: publicistika";"NEW: tradiční publicistika";"X: neuvedeno";"NTW: celostátní tisk";"si </s><s> Velká beseda s vedením Prahy se uskuteční 29 .";"dubna od 18";"do 20 hodin v prostorách Kasáren Karlín . </s><s> Poté budou"
"1";"cs: čeština";"NMG: publicistika";"NEW: tradiční publicistika";"X: neuvedeno";"NTW: celostátní tisk";"<s> Fenomén pravěkého deponování bude představen formou přednášky O pokladech doby";"bronzové od 15";"hodin . </s><s> „ Hlavním tématem letošního ročníku je obživa ,"
"1";"cs: čeština";"NMG: publicistika";"NEW: tradiční publicistika";"X: neuvedeno";"NTW: celostátní tisk";". </s><s> Debata o změnách v Janovského se koná 6 .";"května od 17";"hodin v ZŠ na Strossmayerově náměstí . </s><s> Oslaví Den Země </s>"
"1";"cs: čeština";"NMG: publicistika";"NEW: tradiční publicistika";"X: neuvedeno";"NTW: celostátní tisk";"vkus čtenářů . </s><s> Představení knihy proběhne v úterý 21 .";"května od 17";"hodin na IKSŽ FSV UK ( pražský palác Hollar ,"
"1";"cs: čeština";"NMG: publicistika";"NEW: tradiční publicistika";"X: neuvedeno";"NTW: celostátní tisk";"Blansko - město bude uzavřena nepřetržitě od čtvrtka 4 .";"července od 23";". 00 do pondělí 8 . července do 20 ."
"1";"cs: čeština";"NMG: publicistika";"NEW: tradiční publicistika";"X: neuvedeno";"REG: regionální tisk";"Kč , na místě 100 Kč V sobotu 27 .";"června od 16";"hodin , zahrada KD Hurá na prázdniny – pro děti"
"1";"cs: čeština";"NMG: publicistika";"NEW: tradiční publicistika";"X: neuvedeno";"REG: regionální tisk";") se svým projektem La Gitana V neděli 13 .";"září od 15";"hodin , koncertní síň Trojice Minori Nakaune ( Japonsko )"
"1";"cs: čeština";"NMG: publicistika";"NEW: tradiční publicistika";"X: neuvedeno";"REG: regionální tisk";"akce ? </s><s> Ano , koná se v sobotu 6 .";"června od 10";"do 20 hodin . </s><s> Jsou domluvené čtyři kapely , jeden"
"1";"cs: čeština";"NMG: publicistika";"NEW: tradiční publicistika";"X: neuvedeno";"REG: regionální tisk";"následovat o prázdninách . </s><s> Swingové hody Kdy : 13 .";"června od 17";". 30 hodin </s><s> Kde : Roudnice nad Labem , KDŘíp"
"1";"cs: čeština";"NMG: publicistika";"NEW: tradiční publicistika";"X: neuvedeno";"REG: regionální tisk";"na valnou hromadu , která se koná dne 6 .";"června od 17";". 00 v areálu TJ Střekov v Ústí nad Labem"
"1";"cs: čeština";"NMG: publicistika";"NEW: tradiční publicistika";"X: neuvedeno";"REG: regionální tisk";". místo Tomáš Fůs mladší . </s><s> V kategorii traktory tovární";"výroby od 25";"do 100 koní byli oceněni : 1 . místo –"
"1";"cs: čeština";"NMG: publicistika";"NEW: tradiční publicistika";"X: neuvedeno";"REG: regionální tisk";"a opicích . </s><s> Jazzbořice fest </s><s> Jezbořice – Vsobotu 6 .";"června od 14";": 00 hod . se na místním koupališti uskuteční hudební"
"1";"cs: čeština";"NMG: publicistika";"NEW: tradiční publicistika";"X: neuvedeno";"REG: regionální tisk";". </s><s> Hudební salon </s><s> Václav Hudeček </s><s> karlovarská Galerie umění </s><s> 17 .";"června od 17";"hodin </s><s> Bob Klepl předvede v Ostrově Vysavač </s><s> Ostrov – Jedinečnou"
"1";"cs: čeština";"NMG: publicistika";"NEW: tradiční publicistika";"X: neuvedeno";"REG: regionální tisk";". </s><s> Losování tomboly a předávání cen se koná na nádvoří";"hradu od 16";"do 17 hodin . </s><s> Startovné : Mc Donald's dětská TOUR"
"1";"cs: čeština";"NMG: publicistika";"NEW: tradiční publicistika";"X: neuvedeno";"REG: regionální tisk";"( při pozitivní rodinné anamnéze nebo v případě jiných rizikových";"faktorů ) – od 40";"let každé dva roky : kontrola glykémie – hladiny cukru"
"1";"cs: čeština";"NMG: publicistika";"NEW: tradiční publicistika";"X: neuvedeno";"REG: regionální tisk";"naší soutěže a můžete se těšit v neděli 27 .";"září od 17";"hodin na hokejový zápas PSG Zlín – Pardubice . </s><s> Poukaz"
"1";"cs: čeština";"NMG: publicistika";"NEW: tradiční publicistika";"X: neuvedeno";"REG: regionální tisk";"přesune do Janíkovy stodoly . </s><s> Akce se uskuteční 31 .";"července od 17";"hodin v amfiteátru Dřevěného městečka . </s><s> Rožnov pod Radhoštěm –"
"1";"cs: čeština";"NMG: publicistika";"NEW: tradiční publicistika";"X: neuvedeno";"REG: regionální tisk";"kapely Anča Band se uskuteční už tuto sobotu 28 . </s><s>";"května od 19";"hodin na Zimním stadionu Blatná . </s><s> KAPELA . </s><s> Anča Band"
"1";"cs: čeština";"NMG: publicistika";"NEW: tradiční publicistika";"X: neuvedeno";"REG: regionální tisk";". </s><s> Těleso řízené Vladimírem Frühaufem přednese ve středu 25 .";"května od 18";"hodin ve foyer litoměřického hradu světské skladby , lidové i"
"1";"cs: čeština";"NMG: publicistika";"NEW: tradiční publicistika";"X: neuvedeno";"REG: regionální tisk";"Davidem Reecem . </s><s> SLEDUJEME </s><s> Klatovy – V úterý 24 .";"května od 17";"hodin se v zasedací síni klatovské radnice uskuteční další jednání"
"1";"cs: čeština";"NMG: publicistika";"NEW: tradiční publicistika";"X: neuvedeno";"REG: regionální tisk";"uskuteční v Kulturním domě v Třebohosticích v neděli 16 .";"října od 14";"hodin . </s><s> K tanci i k poslechu zahraje dechovkový kvintet"
"1";"cs: čeština";"NMG: publicistika";"NEW: tradiční publicistika";"X: neuvedeno";"REG: regionální tisk";"předsedou poroty velké soutěže v aerobiku skupin a týmových choreografií";"dětí od 5";"do 14 a více let . </s><s> „ I jeho pohled"
"1";"cs: čeština";"NMG: publicistika";"NEW: tradiční publicistika";"X: neuvedeno";"REG: regionální tisk";"kategorie od 450 m po 15 km . </s><s> Starty podle";"kategorií od 18";"hod . Před nákupním střediskem v Kamenici . </s><s> BRUSLENÍ VEŘEJNOSTI </s>"
"1";"cs: čeština";"NMG: publicistika";"NEW: tradiční publicistika";"X: neuvedeno";"REG: regionální tisk";"Strojírenské ulici 6 zve škola zájemce ve středu 7 .";"prosince od 15";"do 17 hodin . </s><s> Návštěvníci se při dni otevřených dveří"
"1";"cs: čeština";"NMG: publicistika";"NEW: tradiční publicistika";"X: neuvedeno";"REG: regionální tisk";"na zhlédnutí inscenace mají šumperští diváci ve středu 24 .";"února od 17";"hodin či v pátek 26 . února od 10 hodin"
"1";"cs: čeština";"NMG: publicistika";"NEW: tradiční publicistika";"X: neuvedeno";"REG: regionální tisk";"Vsetín – výstava . </s><s> Foyer kina Vatra . </s><s> 2 .";"prosince od 9";". 00 hod . – Mikulášský den . </s><s> Setkání a"
"1";"cs: čeština";"NMG: publicistika";"NEW: tradiční publicistika";"X: neuvedeno";"REG: regionální tisk";"se koná mimořádně v hotelu Praha v sobotu 1 .";"dubna od 15";"hodin . </s><s> Přijďte si vyrobit ovečku nebo zajíčka z vlny"
"1";"cs: čeština";"NMG: publicistika";"NEW: tradiční publicistika";"X: neuvedeno";"REG: regionální tisk";"se bude konat na Masarykově náměstí v pátek 30 .";"června od 15";"hodin . </s><s> Návštěvníci se mohou těšit na pásmo historické muziky"
"1";"cs: čeština";"NMG: publicistika";"NEW: tradiční publicistika";"X: neuvedeno";"REG: regionální tisk";"přírodovědnou tematikou . </s><s> Akce se koná v sobotu 1 .";"července od 12";": 00 a vstup je zdarma . </s><s> Udávej a vyhraj"
"1";"cs: čeština";"NMG: publicistika";"NEW: tradiční publicistika";"X: neuvedeno";"REG: regionální tisk";"na lyžích budou usilovat o tituly v neděli 1 .";"října od 13";". 15 v závodě do vrchu – se startem v"
"1";"cs: čeština";"NMG: publicistika";"NEW: tradiční publicistika";"X: neuvedeno";"REG: regionální tisk";"Neratovic . </s><s> Program knihovny rovněž nabízí v pondělí 9 .";"října od 18";". 30 hodin zábavný večer na téma Austrálie . </s><s> Australský"
"1";"cs: čeština";"NMG: publicistika";"NEW: tradiční publicistika";"X: neuvedeno";"REG: regionální tisk";"prostor v Zahradní ulici v Sedlčanech ve čtvrtek 5 .";"října od 9";"do 16 hodin . </s><s> Klienti se pochlubí svými výrobky ze"
"1";"cs: čeština";"NMG: publicistika";"NEW: tradiční publicistika";"X: neuvedeno";"REG: regionální tisk";"v Mirošově . </s><s> Místem konání bude v sobotu 14 .";"října od 8";": 00 do 11 : 00 hodin městská knihovna . </s>"
"1";"cs: čeština";"NMG: publicistika";"NEW: tradiční publicistika";"X: neuvedeno";"REG: regionální tisk";"k náboru , který se koná ve čtvrtek 30 .";"března od 14";". 30 do 16 . 30 ve Slovácké búdě . </s>"
"1";"cs: čeština";"NMG: publicistika";"NEW: tradiční publicistika";"X: neuvedeno";"REG: regionální tisk";"Huštěnovicích a u společnosti Hamé v Babicích uzavře na sedm";"dní ( od 27";". září do 2 . října ) silnici přes obec"
"1";"cs: čeština";"NMG: publicistika";"NEW: tradiční publicistika";"X: neuvedeno";"REG: regionální tisk";"“ prozrazují Parádnice , které zvou v sobotu 30 .";"září od 17";". 00 na oslavu do Muzea tupeské keramiky . </s><s> Parádnice"
"1";"cs: čeština";"NMG: publicistika";"NEW: tradiční publicistika";"X: neuvedeno";"REG: regionální tisk";"vhodnou pozvánkou na další domácí utkání v sobotu 30 .";"září od 18";"hodin na zimním stadionu Bospor Aréna . ( woj ) </s>"
"1";"cs: čeština";"NMG: publicistika";"NEW: tradiční publicistika";"X: neuvedeno";"REG: regionální tisk";"roku 2016 </s><s> Slavnostní galavečer se uskuteční v úterý 28 .";"února od 18";"hodin v Městském domě v Přerově . </s><s> Vyberte svoji sportovní"
"1";"cs: čeština";"NMG: publicistika";"NEW: tradiční publicistika";"X: neuvedeno";"REG: regionální tisk";"Zéland – přednáška Rudolfa Štěpančíka . </s><s> Ve středu 12 .";"dubna od 16";"hodin . </s><s> Ornis Bezručova 10 , Přerov Drátování – výtvarná"
"1";"cs: čeština";"NMG: publicistika";"NEW: tradiční publicistika";"X: neuvedeno";"REG: regionální tisk";"setkání fanoušků sci-fi Bílkon . </s><s> Přednáška se uskuteční 3 .";"listopadu od 19";"hodin v Městské knihovně v Bílovci . </s><s> Dámy z klubu"
"1";"cs: čeština";"NMG: publicistika";"NEW: tradiční publicistika";"X: neuvedeno";"REG: regionální tisk";"z Brna , kterého doma vyzvou ve středu 15 .";"listopadu od 18";"hodin . </s><s> BC NOVÝ JIČÍN – SKB ZLÍN 68 :"
"1";"cs: čeština";"NMG: publicistika";"NEW: tradiční publicistika";"X: neuvedeno";"REG: regionální tisk";". </s><s> Tomáš Klus bude koncertovat v domě kultury 7 .";"listopadu od 19";"hodin . </s><s> Víte - li , jak se jmenuje jeho"
"1";"cs: čeština";"NMG: publicistika";"NEW: tradiční publicistika";"X: neuvedeno";"REG: regionální tisk";"všechny tři podkrkonošské celky hrají před vlastním publikem . </s><s> Dvůr";"Králové od 17";"hodin hostí Klatovy , o hodinu později Vrchlabí přivítá Most"
"1";"cs: čeština";"NMG: publicistika";"NEW: tradiční publicistika";"X: neuvedeno";"REG: regionální tisk";"Radniční pivovar </s><s> Čaj o páté Kdy : pátek 16 .";"března od 17";". 00 Kde : Telč , DPS </s><s> Veřejné bruslení Kdy"
"1";"cs: čeština";"NMG: publicistika";"NEW: tradiční publicistika";"X: neuvedeno";"REG: regionální tisk";"nám . Míru </s><s> Pohádkový karneval Kdy : neděle 18 .";"března od 14";". 00 Kde : Budišov , sál školy </s><s> Divadlo Nejkrásnější"
"1";"cs: čeština";"NMG: publicistika";"NEW: tradiční publicistika";"X: neuvedeno";"REG: regionální tisk";"tipy z Břeclavska </s><s> KURDĚJOVSKÁ LETNÍ NOC Kdy : 14 .";"července od 19";". 00 Kde : areál za obecním úřadem , Kurdějov"
"1";"cs: čeština";"NMG: publicistika";"NEW: tradiční publicistika";"X: neuvedeno";"REG: regionální tisk";"je každoročně Zahradní slavnost , která se uskuteční 29 .";"července od 16";"hodin v prostorách přerovského Ornisu . </s><s> „ Tato akce ,"
"1";"cs: čeština";"NMG: publicistika";"NEW: tradiční publicistika";"X: neuvedeno";"REG: regionální tisk";"Přerově </s><s> STŘEDA 26 . </s><s> ZÁŘÍ ulice Tománkova , Jasínkova ,";"Interbrigadistů , od 7";". 00 do 14 . 00 </s><s> ÚTERÝ 2 . </s><s> ŘÍJNA"
"1";"cs: čeština";"NMG: publicistika";"NEW: tradiční publicistika";"X: neuvedeno";"REG: regionální tisk";"zveme k nám do obce . </s><s> V sobotu 26 .";"května od 17";"hodin bude zpřístupněno rekonstruované muzeum . </s><s> To se povedlo díky"
"1";"cs: čeština";"NMG: publicistika";"NEW: tradiční publicistika";"X: neuvedeno";"REG: regionální tisk";"vychutnáte ukázky kytarového umění . </s><s> Akce se uskuteční 5 .";"října od 19";"hodin v sále Lázeňské kolonády . </s><s> TIP týdne </s><s> NYMBURK </s><s> Setkání"
"1";"cs: čeština";"NMG: publicistika";"NEW: tradiční publicistika";"X: neuvedeno";"REG: regionální tisk";"povedlo , body dostává obnova pivovaru . </s><s> Schvaluje také odkup";"pozemků od ČD";", takže se bude moci začít s výstavbou parkovišť v"
"1";"cs: čeština";"NMG: publicistika";"NEW: tradiční publicistika";"X: neuvedeno";"REG: regionální tisk";"JARMARK </s><s> Hořovice , Palackého náměstí a zámek , 13 .";"října od 8";"do 16 hodin Lidová slavnost s více než šesti tisíci"
"1";"cs: čeština";"NMG: publicistika";"NEW: tradiční publicistika";"X: neuvedeno";"REG: regionální tisk";"Šumperku . </s><s> V rámci předkola vyzvou v sobotu 28 .";"července od 14";". 30 hodin Olešnici . </s><s> Zároveň půjde o šumperskou generálku"
"1";"cs: čeština";"NMG: publicistika";"NEW: tradiční publicistika";"X: neuvedeno";"REG: regionální tisk";"budovy naproti bistru . </s><s> Otevřeno tam je od pondělí do";"pátku od 9";"do 15 hodin , ve středu až do 17 hodin"
"1";"cs: čeština";"NMG: publicistika";"NEW: tradiční publicistika";"X: neuvedeno";"REG: regionální tisk";"odehraje v prachatické Galerii Dolní brána v úterý 19 .";"března od 19";"hodin . </s><s> Vstupné prachatické Kulturní a informační služby stanovily na"
"1";"cs: čeština";"NMG: publicistika";"NEW: tradiční publicistika";"X: neuvedeno";"REG: regionální tisk";"daňové přiznání . </s><s> Konkrétně navštíví Městský úřad Duchcov 20 .";"března od 14";"do 16 . 30 hodin , sedět budou v přízemí"
"1";"cs: čeština";"NMG: publicistika";"NEW: tradiční publicistika";"X: neuvedeno";"REG: regionální tisk";"O severském Norsku promluví Býchorský babinec v pátek 22 .";"března od 18";"hodin v Spolkovém domě . </s><s> Ve fotoprezentaci diváci nahlédnou do"
"1";"cs: čeština";"NMG: publicistika";"NEW: tradiční publicistika";"X: neuvedeno";"REG: regionální tisk";"bude trvat až do 29 . </s><s> ( so 16 . </s><s>";"Března , od 20";"h ) Domažlice – Masopust v bytech s pečovatelskou službou"
"1";"cs: čeština";"NMG: publicistika";"NEW: tradiční publicistika";"X: neuvedeno";"REG: regionální tisk";"Estrádní sál kulturního domu , Příbram Kdy : 23 .";"března od 20";": 30 hod . Typ akce : Setkání se spisovatelem"
"1";"cs: čeština";"NMG: publicistika";"NEW: tradiční publicistika";"X: neuvedeno";"REG: regionální tisk";"Stříbro </s><s> Výstava Od košilky k rubáši ... </s><s> Úterý 12 ,";"března od 17";"hodin . </s><s> Výstava potrvá do 19 . 5 . </s><s> Redaktorka"
"1";"cs: čeština";"NMG: publicistika";"NEW: tradiční publicistika";"X: neuvedeno";"REG: regionální tisk";"kurzu , který připravila votická knihovna na pátek 11 .";"října od 8";": 30 hodiny . </s><s> Senioři se na kurzu trénování paměti"
"1";"cs: čeština";"NMG: publicistika";"NEW: tradiční publicistika";"X: neuvedeno";"REG: regionální tisk";"Zezulky do Rychnova nad Kněžnou . </s><s> Koná se 8 .";"října od 17";"hodin v restauraci Národ v Panské ulici 79 . </s><s> Tomáš"
"1";"cs: čeština";"NMG: publicistika";"NEW: tradiční publicistika";"X: neuvedeno";"REG: regionální tisk";"<s> Baumaxova show láká dnes do klubu Buena Vista </s><s> 14 .";"prosince od 20";": 00 hodin Zpěvák a mistr slovních hříček Xavier Baumaxa"
"1";"cs: čeština";"NMG: publicistika";"NEW: tradiční publicistika";"X: neuvedeno";"REG: regionální tisk";"Petra Hámová doporučuje </s><s> Do divadel zamíří Čtyřlístek </s><s> Sobota 14 .";"prosince od 10";"a 15 hodin Hrdinové oblíbeného komiksu Čtyřlístek zamířili znovu na"
"1";"cs: čeština";"NMG: publicistika";"NEW: tradiční publicistika";"X: neuvedeno";"REG: regionální tisk";", kterou se v klubu odehraje v sobotu 14 .";"prosince od 21";"hodin . </s><s> Celkový počet lístků je omezený , vstup je"
"1";"cs: čeština";"NMG: publicistika";"NEW: tradiční publicistika";"X: neuvedeno";"REG: regionální tisk";"Valy a Mělicemi . </s><s> Veselá pohádka v divadle </s><s> 14 .";"prosince od 14";": 00 </s><s> ZUŠ Chrudim dnes uvede v Divadle Karla Pippicha"
"1";"cs: čeština";"NMG: publicistika";"NEW: tradiční publicistika";"X: neuvedeno";"REG: regionální tisk";"kostele svatého Václava , a to v neděli 15 .";"prosince od 17";"hodin . </s><s> V programu večera vystoupí rodina Kavánkova . </s><s> Pražská"
"1";"cs: čeština";"NMG: publicistika";"NEW: tradiční publicistika";"X: neuvedeno";"REG: regionální tisk";"Gotta . </s><s> Pocinovičtí sokolové oslaví 100 let </s><s> Sobota 14 .";"prosince od 9";": 00 , KD Pocinovice Již dnes se koná oslava"
"1";"cs: čeština";"NMG: publicistika";"NEW: tradiční publicistika";"X: neuvedeno";"REG: regionální tisk";"skladeb v kostele svatého Vavřince . </s><s> Ve středu 18 .";"prosince od 18";"hodin se těleso představí v Rokycanech a 22 . prosince"
"1";"cs: čeština";"NMG: publicistika";"NEW: tradiční publicistika";"X: neuvedeno";"REG: regionální tisk";"Čapka představí Divadelní Scéna Zlín . </s><s> KDY : 24 .";"dubna od 10";". 00 KDE : Dům kultury Hodonín </s><s> Cena vstupenky je"
"1";"cs: čeština";"NMG: publicistika";"NEW: tradiční publicistika";"X: neuvedeno";"REG: regionální tisk";"program Velikonočního posezení s dechovkou . </s><s> KDY : 18 .";"dubna od 18";". 00 KDE : kulturní dům , Velká nad Veličkou </s>"
"1";"cs: čeština";"NMG: publicistika";"NEW: tradiční publicistika";"X: neuvedeno";"REG: regionální tisk";"se uskuteční v sále obecního úřadu v Šilheřovicích 16 .";"dubna od 17";". hodiny . </s><s> Diváky okouzluje Spící krasavice </s><s> Baletní soubor olomouckého"
"1";"cs: čeština";"NMG: publicistika";"NEW: tradiční publicistika";"X: neuvedeno";"REG: regionální tisk";"sv . Václava v Opavě rozezní ve středu 17 . </s><s>";"dubna od 18";". 30 hodin operní sbor Slezského divadla a smíšený sbor"
"1";"cs: čeština";"NMG: publicistika";"NEW: tradiční publicistika";"X: neuvedeno";"REG: regionální tisk";"vstupné jednotné 100 Kč dospělí ( včetně deseti degustačních vzorků";"guláše ) , od 14";". 00 vstupné 60 Kč dospělí , 40 Kč studenti"
"1";"cs: čeština";"NMG: publicistika";"NEW: tradiční publicistika";"X: neuvedeno";"REG: regionální tisk";"hřišti a na trávě . </s><s> ZÁBAVA KDY : 23 .";"května , od 16";": 30 KDE : Holýšov , klubovna KD CO :"
"1";"cs: čeština";"NMG: publicistika";"NEW: tradiční publicistika";"X: neuvedeno";"REG: regionální tisk";". </s><s> DRUHÝ ROČNÍK AKCE JAZZOVÝ BALDOV </s><s> KDY : 17 .";"srpna , od 16";": 00 KDE : Baldovské návrší u Domažlic </s><s> Na druhém"
"1";"cs: čeština";"NMG: publicistika";"NEW: tradiční publicistika";"X: neuvedeno";"REG: regionální tisk";"obdrží pamětní list . </s><s> BŘASY </s><s> MEMORIÁL SLÁVY PEŠKA </s><s> 7 .";"září od 9";": 00 Hřiště Baníku Kříše Sportovní nadšence zvou Kříše již"
"1";"cs: čeština";"NMG: publicistika";"NEW: tradiční publicistika";"X: neuvedeno";"REG: regionální tisk";"Chlevišťana představí historii Plané očima moderní archeologie . </s><s> Muzeum Českého";"lesa , ( od 10";". září do 3 . listopadu ) . </s><s> SLOVANÉ V"
"1";"cs: čeština";"NMG: publicistika";"NEW: tradiční publicistika";"X: neuvedeno";"REG: regionální tisk";"Labem . </s><s> Uutkání se bude dohrávat v pondělí 4 .";"února od 18";"hodin . </s><s> Tedy až po návratu karlovarského týmu z italské"
"1";"cs: čeština";"NMG: publicistika";"NEW: tradiční publicistika";"X: neuvedeno";"REG: regionální tisk";") začne chovat nestandardně . </s><s> PŘEDNÁŠKA KDY : 11 .";"listopadu , od 17";": 00 KDE : Ostrov , městská knihovna CO :"
"1";"cs: čeština";"NMG: publicistika";"NEW: tradiční publicistika";"X: neuvedeno";"REG: regionální tisk";"si pro něco zajímavého ke čtení můžete od středy do";"čtvrtka od 9";"do 12 a od 13 do 17 hodin , v"
"1";"cs: čeština";"NMG: publicistika";"NEW: tradiční publicistika";"X: neuvedeno";"REG: regionální tisk";"ale končí laskavým smířením . </s><s> Představení se koná 24 .";"dubna od 19";"hodin a je uváděno místo původně plánované inscenace Hraběnka aneb"
"1";"cs: čeština";"NMG: publicistika";"NEW: tradiční publicistika";"X: neuvedeno";"REG: regionální tisk";"věnovaný zdobení plechovek . </s><s> Koná se ve čtvrtek 22 .";"srpna od 13";"a od 15 hodin , děti pracují ve dvou skupinách"
"1";"cs: čeština";"NMG: publicistika";"NEW: tradiční publicistika";"X: neuvedeno";"REG: regionální tisk";"Klub důchodců Slaměnka Sokolov </s><s> Servis </s><s> ZÁBAVA </s><s> KDY : 30 .";"listopadu , od 9";": 00 KDE : Kraslice CO : Mikulášské jízdy Slavnostní"
"1";"cs: čeština";"NMG: publicistika";"LEI: volnočasová publicistika";"X: neuvedeno";"HOU: bydlení, zahrada, hobby";"SOUPRAVA . </s><s> Stůl Profi3 32 P 3 s nastavitelnou výškou";"desky od 57";"do 75 cm a rozměrem 116 x 66 cm obsahuje"
"1";"cs: čeština";"NMG: publicistika";"LEI: volnočasová publicistika";"X: neuvedeno";"HOU: bydlení, zahrada, hobby";". </s><s> Únosnost celoobvodového kování je obvykle ( dle typu a";"kvality ) od 90";"do 130 kg u plastových oken . </s><s> Proto by například"
"1";"cs: čeština";"NMG: publicistika";"LEI: volnočasová publicistika";"X: neuvedeno";"HOU: bydlení, zahrada, hobby";"18 motivů podle návrhu designéra Bertranda Jayra , cena podle";"rozměru od 2";"837 Kč / 33 x 95 cm , </s><s> Nástěnné hodiny"
"1";"cs: čeština";"NMG: publicistika";"LEI: volnočasová publicistika";"X: neuvedeno";"HOU: bydlení, zahrada, hobby";"kuchyně s prostorným varným centrem se hodí moderní ostrůvkové odsavače";"par ( od 12";"990 Kč ) . </s><s> Myčky šetří vodu i čas Myčky"
"1";"cs: čeština";"NMG: publicistika";"LEI: volnočasová publicistika";"X: neuvedeno";"HOU: bydlení, zahrada, hobby";". </s><s> Unikátní patentovaná technologie GFT dokáže spolehlivě vyrovnávat drobné nerovnosti";"podkladu , od 450";"Kč / m2 bez DPH . orcz . cz </s><s> Jedinečnost"
"1";"cs: čeština";"NMG: publicistika";"LEI: volnočasová publicistika";"X: neuvedeno";"HOU: bydlení, zahrada, hobby";". </s><s> Reálná účinnost rekuperace se pohybuje u běžně dostupných vzduchotechnických";"zařízení od 30";"do 95 % , přičemž účinnost nad 60 % se"
"1";"cs: čeština";"NMG: publicistika";"LEI: volnočasová publicistika";"X: neuvedeno";"HOU: bydlení, zahrada, hobby";", hodit se totiž bude ke všemu ! </s><s> Sadu dvou";"polštářků od Yorokobi";"vyhrají tři z vás , kteří správně odpovědí na otázku"
"1";"cs: čeština";"NMG: publicistika";"LEI: volnočasová publicistika";"X: neuvedeno";"HOU: bydlení, zahrada, hobby";", garáž a skladovací prostor . </s><s> Díky technologii pro automatizaci";"domácností od ABB";"vytváří stavba energeticky efektivní , ekologické a pohodlné prostředí . </s>"
"1";"cs: čeština";"NMG: publicistika";"LEI: volnočasová publicistika";"X: neuvedeno";"HOU: bydlení, zahrada, hobby";"m2 ) . </s><s> Způsob krytí je zásadní i pro hmotnost";"krytiny ( od 25";"kg / m2 až po 70 kg / m2 )"
"1";"cs: čeština";"NMG: publicistika";"LEI: volnočasová publicistika";"X: neuvedeno";"HOU: bydlení, zahrada, hobby";", která dodala stavební systém VELOX na více než 2600";"staveb od energeticky";"úsporných , nízkoenergetických a pasivních rodinných domů až po bytové"
"1";"cs: čeština";"NMG: publicistika";"LEI: volnočasová publicistika";"X: neuvedeno";"LIF: životní styl";"pusu . </s><s> Podobný efekt jako banán má i vnitřní strana";"slupek od pomer";"a nče a cit r onu . </s><s> Ovšem jejich kyseliny"
"1";"cs: čeština";"NMG: publicistika";"LEI: volnočasová publicistika";"X: neuvedeno";"LIF: životní styl";"<s> Cena 1490 Kč . </s><s> 52 Bavte se s pizzou </s><s> Pizza";"párty od Dino";"Toys je hra k nakousnutí . </s><s> Roztočte šipku a těšte"
"1";"cs: čeština";"NMG: publicistika";"LEI: volnočasová publicistika";"X: neuvedeno";"LIF: životní styl";"vdovský důchod a úředníci nejsou nejschopnější … </s><s> Česko-chorvatský film Ministerstvo";"lásky , od 4";". května </s><s> Artuš podle Guye </s><s> Novinka britského režiséra Guye Ritchieho"
"1";"cs: čeština";"NMG: publicistika";"LEI: volnočasová publicistika";"X: neuvedeno";"LIF: životní styl";"KTERÝ SKVĚLE CHUTNÁ A MÁ SNADNÉ DÁVKOVÁNÍ . </s><s> PRO IMUNITU";"DĚTÍ OD 3";"LET . ( 950 KČ ) </s><s> MATUZALEM KAPSLE DOPLNĚK STRAVY"
"1";"cs: čeština";"NMG: publicistika";"LEI: volnočasová publicistika";"X: neuvedeno";"SCT: společenský život";"VELIKÁNI </s><s> Žirafy jsou nejvyšší zvířata na světě . </s><s> Samci dorůstají";"výšky od 4,8";"až do 5,5 metru a váží až 900 kilo . </s>"
"1";"cs: čeština";"NMG: publicistika";"LEI: volnočasová publicistika";"X: neuvedeno";"SCT: společenský život";"Josefa Klímy , který Prima vysílá hned po skončení Temného";"Kraje od 21";": 35 h . </s><s> 50 x doživotí V ČR bylo"
"1";"cs: čeština";"NMG: publicistika";"LEI: volnočasová publicistika";"X: neuvedeno";"SCT: společenský život";"honoráře herců v seriálech ní pohybují podle dobře ověřených po";"informací od 5000";"korun ný do 15 000 korun a slovenská kráska patří"
"1";"cs: čeština";"NMG: publicistika";"LEI: volnočasová publicistika";"X: neuvedeno";"MIX: společnost";"Magnet , bunda od 1040 Kč , úpletové šaty z";"polyesteru od 539";"Kč </s><s> Top s nabíranými sklady u krku je pěkně sladěný"
"1";"cs: čeština";"NMG: publicistika";"LEI: volnočasová publicistika";"X: neuvedeno";"MIX: společnost";"v závislosti na klinikách liší , pohybují se podle vybrané";"metody od 10";"do 25 tisíc korun za oko . </s><s> Je to sice"
"1";"cs: čeština";"NMG: publicistika";"LEI: volnočasová publicistika";"X: neuvedeno";"MIX: společnost";"které ohrožují lidské životy , se bude mluvit 8 .";"června od 16";"hodin . </s><s> Jak bude vypadat cesta na Mars a jaké"
"1";"cs: čeština";"NMG: publicistika";"LEI: volnočasová publicistika";"X: neuvedeno";"MIX: společnost";"<s> Městská knihovna , Korunní 2160 / 68 , 5 .";"června od 17";"do 19 hodin , vstup zdarma Členové České asociace Scrabble"
"1";"cs: čeština";"NMG: publicistika";"LEI: volnočasová publicistika";"X: neuvedeno";"MIX: společnost";"od 11 do 19 hodin a v neděli 30 .";"září od 10";"do 18 hodin na Vyšehradě . </s><s> Vstupné aneb co je"
"1";"cs: čeština";"NMG: publicistika";"LEI: volnočasová publicistika";"X: neuvedeno";"MIX: společnost";"– Spálovský slalom na Kamenici – se uskuteční 21 .";"dubna od 9";"do 16 hodin v Plavech . </s><s> Na místě se představí"
"3";"cs: čeština";"FIC: beletrie";"NOV: próza";"X: neuvedeno";"X: neuvedeno";"se po Morbihanu v noci , kdy se námořníci bojí";"nebezpečných vod .";"</s><s> Říká se , že je ze starého náboženství a je"
"3";"sv: švédština";"FIC: beletrie";"NOV: próza";"X: neuvedeno";"X: neuvedeno";"až nad ní , protože tam prý vůbec nemají čističku";"odpadních vod .";"</s><s> Určitě vypouštějí do řeky vyoperovaná slepá střeva a bůhví co"
"3";"en: angličtina";"FIC: beletrie";"NOV: próza";"X: neuvedeno";"X: neuvedeno";"mě , slyšela jsem , že nikdo nesmí do čističky";"odpadních vod .";"“ </s><s> „ Opravdu ? </s><s> Já myslela , že do jednotky"
"3";"en: angličtina";"FIC: beletrie";"NOV: próza";"X: neuvedeno";"X: neuvedeno";"oslavil silvestra . </s><s> Líbat ji bylo jako ponořit se do";"teplých vod .";"</s><s> Jako zůstávat dlouho , hodně dlouho v pustině , vyschlé"
"3";"es: španělština";"FIC: beletrie";"NOV: próza";"X: neuvedeno";"X: neuvedeno";"uměl argumenty překroutit až do krajnosti a diskuse zavést do";"kalných vod ,";"kde se cítila nejistá a směšná . </s><s> „ Feministická liga"
"3";"en: angličtina";"FIC: beletrie";"NOV: próza";"X: neuvedeno";"X: neuvedeno";"tyfus , spolupracoval s Rusem , který četl v tabulkách";"podzemních vod ,";"jako by to bylo obědové menu . </s><s> Tehdy byl pracovníkem"
"3";"en: angličtina";"FIC: beletrie";"COL: kratší próza";"X: neuvedeno";"X: neuvedeno";", jak se zvedají ze slaných luhů , za hranicemi";"bezpečných vod ,";"ale jsou tam a jejich jména s tisíci dalšími vytvářejí"
"3";"fr: francouzština";"FIC: beletrie";"COL: kratší próza";"X: neuvedeno";"X: neuvedeno";"ruku z výšin a uchopil mě , </s><s> vyprostil mě ze";"spousty vod ,";"</s><s> vyrval mě mému mocnému nepříteli , </s><s> těm , kdo mě"
"3";"cs: čeština";"FIC: beletrie";"VER: poezie";"X: neuvedeno";"X: neuvedeno";", </s><s> Ikaros vprostřed pádu . </s><s> A že jsou oba uhněteni";"z vod ,";"</s><s> lze říci : jeden vzlíná , druhý prosakuje . </s><s> Tolik"
"3";"cs: čeština";"FIC: beletrie";"VER: poezie";"X: neuvedeno";"X: neuvedeno";"krve kanuly </s><s> na Šárčinu bílou tvář . </s><s> Pohřbené zaživa do";"modrých vod ,";"</s><s> kde nejsou uši k ničemu , </s><s> které v boji nechtěně"
"3";"cs: čeština";"FIC: beletrie";"VER: poezie";"X: neuvedeno";"X: neuvedeno";", z kořene zkrouceného pískem , ovinutého travinami . </s><s> Z";"prudkých vod lávka";", z lávky kroky , z kroků směr . </s><s> Živote"
"3";"de: němčina";"FIC: beletrie";"VER: poezie";"X: neuvedeno";"X: neuvedeno";"bahnitém dnu , o hrůzách , jichž se v hlubinách";"svých vod dopouštěl";"po tisíciletí jako o závod , neb moc a zrada"
"3";"cs: čeština";"FIC: beletrie";"VER: poezie";"X: neuvedeno";"X: neuvedeno";"a nás ještě propojuje noc </s><s> sníh na březích věšel prolákliny";"do vod vor";"vrávoral vstříc měsíci ten </s><s> mlčenlivý keř jsem ráda pěstovala ten"
"3";"cs: čeština";"NFC: oborová literatura";"POP: populárně naučná literatura";"HUM: humanitní vědy";"HIS: historie, biografie";", základní lesní fond , vodní toky , přírodní zásoby";"podzemních vod a";"přírodní léčivé zdroje jsou ve vlastnictví republik , čímž je"
"3";"cs: čeština";"NFC: oborová literatura";"SCI: odborná literatura";"HUM: humanitní vědy";"LAN: filologie";"a využít například čtení s příkrou cézurou : a u";"tajemné vod /";"/ stonání ; lze si však představit i čtení s"
"3";"cs: čeština";"NFC: oborová literatura";"PRO: profesní literatura";"SSC: sociální vědy";"ECO: ekonomie, obchod, logistika";"systému , “ komentuje Alessandro Pasquale , generální ředitel Karlovarských";"minerálních vod .";"</s><s> Přijetí principů oběhového hospodářství by podle něj posunulo Českou republiku"
"3";"cs: čeština";"NFC: oborová literatura";"PRO: profesní literatura";"SSC: sociální vědy";"POL: politika, vojenství";", Inovativní procesy úpravy vody , Nový pohled na čištění";"odpadních vod a";"Problematika srážkových vod . • Více o programu zjistíte na"
"3";"cs: čeština";"NFC: oborová literatura";"SCI: odborná literatura";"NAT: přírodní vědy";"BIO: biologie";"svahovin nebo u nás jen v omezené míře zastoupených usazenin";"stojatých vod .";"</s><s> Zvláštní význam pak připadá ložiskům rašelin , které dík pylovým"
"3";"cs: čeština";"NFC: oborová literatura";"SCI: odborná literatura";"NAT: přírodní vědy";"BIO: biologie";"nutno zohlednit vedle krajinářských aspektů zejména vliv na podzemní oběh";"krasových vod a";"zamezit negativním účinkům trhacích prací na okolní jeskyně a podzemní"
"3";"cs: čeština";"NFC: oborová literatura";"SCI: odborná literatura";"NAT: přírodní vědy";"BIO: biologie";". 254 / 2006 Sb . stanoví podmínky s nakládání";"povrchových vod ,";"kdy se , rozuměj u rybníků apod . „ nesmějí"
"3";"cs: čeština";"NFC: oborová literatura";"SCI: odborná literatura";"NAT: přírodní vědy";"BIO: biologie";"účinkem kyselého deště okyselily půdy , došlo i k okyselení";"povrchových vod .";"</s><s> Křišťálová průhlednost například šumavských jezer a mnohých horských potoků často"
"3";"cs: čeština";"NFC: oborová literatura";"SCI: odborná literatura";"NAT: přírodní vědy";"BIO: biologie";"jsou velmi chudé a málo mocné , došlo k okyselení";"povrchových vod již";"při relativně malé depozici a za stavu půd , kdy"
"3";"cs: čeština";"NFC: oborová literatura";"SCI: odborná literatura";"NAT: přírodní vědy";"BIO: biologie";"pohledu rybářství a turistického splouvání na lodích . </s><s> Podle kategorizace";"rybných vod jsou";"všechny rybami obývané toky hodnoceny jako vody lososové . </s><s> Rybí"
"3";"cs: čeština";"NFC: oborová literatura";"SCI: odborná literatura";"NAT: přírodní vědy";"BIO: biologie";"“ pobřežní niku a v silně eutrofizovaném prostředí mokřadů a";"povrchových vod pomáhá";"likvidovat nadměrné množství zelené biomasy . </s><s> Nyní začíná v našich"
"3";"cs: čeština";"NFC: oborová literatura";"PRO: profesní literatura";"NAT: přírodní vědy";"BIO: biologie";"V přírodě tento druh občas vstupuje v ústí řek i";"do vod barakických";", takže snáší celkovou tvrdost až do 35 ° N"
"3";"cs: čeština";"NFC: oborová literatura";"POP: populárně naučná literatura";"NAT: přírodní vědy";"BIO: biologie";"může být vázána značná část , či dokonce většina sladkovodních";"stojatých vod .";"</s><s> Zároveň v nich díky jejich charakteru probíhá intenzivní koloběh uhlíku"
"3";"cs: čeština";"NFC: oborová literatura";"POP: populárně naučná literatura";"NAT: přírodní vědy";"BIO: biologie";"spojuje charakteristický znak v podobě proudící vody . </s><s> Důležitou charakteristikou";"tekoucích vod je";"jejich samočisticí schopnost : říční voda je obnovována pramennými vývěry"
"3";"cs: čeština";"NFC: oborová literatura";"POP: populárně naučná literatura";"NAT: přírodní vědy";"BIO: biologie";": z vody na souš </s><s> Dlouhodobý sukcesní proces přirozeného stárnutí";"stojatých vod –";"jezer a rybníků , ale i malých tůní či mrtvých"
"3";"cs: čeština";"NFC: oborová literatura";"PRO: profesní literatura";"NAT: přírodní vědy";"GEO: geografie, geologie";". </s><s> Cesta do Chomutova v porovnání s pobytem v kraji";"padajících vod již";"nestojí za zmínku . </s><s> Bylo však skvělé ještě v současné"
"3";"cs: čeština";"NFC: oborová literatura";"POP: populárně naučná literatura";"NAT: přírodní vědy";"GEO: geografie, geologie";"skolekodonti . </s><s> Ve svrchním siluru začala invaze organického světa do";"sladkých vod a";"na souš . </s><s> Pobřežní močály a souš osídlily první cévnaté"
"3";"cs: čeština";"NFC: oborová literatura";"SCI: odborná literatura";"NAT: přírodní vědy";"CHE: chemie";"srážení se používá jako alternativní metoda oddělování těžkých kovů z";"odpadních vod a";"roztoků . </s><s> Proti běžně používanému hydroxidovému srážení má četné výhody"
"3";"cs: čeština";"NFC: oborová literatura";"SCI: odborná literatura";"NAT: přírodní vědy";"MED: lékařství";"vliv na okolní životní prostředí . </s><s> Toxické látky zapříčiňují narušení";"ekosystému vod ,";"ovzduší i půdy , dostávají se do potravinových řetězců a"
"3";"cs: čeština";"NFC: oborová literatura";"PRO: profesní literatura";"NAT: přírodní vědy";"MED: lékařství";"tenze pro zhoršení vidění do dálky . </s><s> Ambulantní hodnoty nitrooční";"tenze OD (";"pravé oko ) – 33 torrů , OS ( levé"
"3";"cs: čeština";"NFC: oborová literatura";"PRO: profesní literatura";"NAT: přírodní vědy";"AGR: zemědělství, chovatelství";"již dnes známí kapři vyšlechtění za pomoci Fakulty rybářství a";"ochrany vod ve";"Vodňanech na vyšší obsah omega 3 mastných kyselin . </s><s> Zamýšlený"
"3";"cs: čeština";"NFC: oborová literatura";"PRO: profesní literatura";"NAT: přírodní vědy";"AGR: zemědělství, chovatelství";"co zpravidla vozily fekální vozy jako odpadní vodu na čistírny";"odpadních vod ,";"kde byla standardně zpracována a vyčištěna , by nově mělo"
"3";"cs: čeština";"NFC: oborová literatura";"PRO: profesní literatura";"NAT: přírodní vědy";"AGR: zemědělství, chovatelství";"<s> Jako pozitivní hodnotí zpráva pokles spotřeby vody a zlepšení kvality";"povrchových vod .";"</s><s> Tématem bylo i hodnocení výzkumu </s><s> Otázka hodnocení výzkumu byla jedním"
"3";"cs: čeština";"NFC: oborová literatura";"PRO: profesní literatura";"NAT: přírodní vědy";"AGR: zemědělství, chovatelství";"% Tryska 75 % Tryska 90 % </s><s> Ochranná vzdálenost od";"povrchových vod s";"ohledem na ochranu vodních organismů ( m ) </s><s> Priaxor EC"
"3";"cs: čeština";"NFC: oborová literatura";"PRO: profesní literatura";"NAT: přírodní vědy";"AGR: zemědělství, chovatelství";". </s><s> Poměrně značná část vzorků spadá do III . třídy";"jakosti vod .";"</s><s> Nejvíce jsou znečištěny toky v oblasti povodí Moravy a Dyje"
"3";"cs: čeština";"NFC: oborová literatura";"PRO: profesní literatura";"NAT: přírodní vědy";"AGR: zemědělství, chovatelství";"toaletách . </s><s> V Evropě se použití šedých , nebo i";"dešťových vod začíná";"více diskutovat a zavádět . </s><s> „ Nutností se tyto systémy"
"3";"cs: čeština";"NFC: oborová literatura";"PRO: profesní literatura";"NAT: přírodní vědy";"AGR: zemědělství, chovatelství";"upozornil , že hydrologická situace , tedy stav povrchových a";"podpovrchových vod ,";"není stále dobrá , i když je o něco lepší"
"3";"cs: čeština";"NFC: oborová literatura";"PRO: profesní literatura";"FTS: formální a technické vědy";"TEC: technika";"dnes provozované technologie úpravy vod na vody pitné se využití";"důlních vod jeví";"nereálné – není však nereálné její využití v budoucnosti ,"
"3";"cs: čeština";"NFC: oborová literatura";"PRO: profesní literatura";"FTS: formální a technické vědy";"TEC: technika";"ke sportovnímu uzávěru jaký znáte třeba z PET lahví několika";"minerálních vod .";"</s><s> Ve 250 ml velikosti jsme tak připravili mošt Jablko -"
"3";"cs: čeština";"NFC: oborová literatura";"PRO: profesní literatura";"FTS: formální a technické vědy";"TEC: technika";"vysokou hladinou podzemní vody a velmi obtížně definovatelným systémem proudění";"podzemních vod vázaným";"na složitou sekvenci velmi a málo propustných zemin . </s><s> Při"
"3";"cs: čeština";"NFC: oborová literatura";"PRO: profesní literatura";"FTS: formální a technické vědy";"TEC: technika";"testuje autobus poháněný biometanem . </s><s> Řidiči čerpají palivo v čističce";"odpadních vod .";"</s><s> Více než polovina autobusů brněnského dopravního podniku v současnosti jezdí"
"3";"cs: čeština";"NFC: oborová literatura";"PRO: profesní literatura";"FTS: formální a technické vědy";"TEC: technika";"chod jednotlivých stanic . </s><s> Některé stanice jsou vlivem silných průsaků";"spodních vod zdegradovány";"korozí . </s><s> Koroze často není na první pohled viditelná ,"
"3";"cs: čeština";"NFC: oborová literatura";"POP: populárně naučná literatura";"FTS: formální a technické vědy";"TEC: technika";"opakovaně . </s><s> V takovém případě však musí být cesty obou";"druhů vod (";"pitné i recyklované ) striktně oddělené . </s><s> Totéž platí i"
"3";"cs: čeština";"NFC: oborová literatura";"POP: populárně naučná literatura";"FTS: formální a technické vědy";"TEC: technika";"si museli dost „ pohrát “ s přesunem domácí čističky";"odpadních vod (";"DČOV ) , protože bránila v cestě terase . </s><s> Osobně"
"3";"cs: čeština";"NFC: oborová literatura";"PRO: profesní literatura";"FTS: formální a technické vědy";"ICT: výpočetní technika";". </s><s> Obě společnosti , které mají významnou pozici na trhu";"minerálních vod ,";"mohou díky nové aplikaci </s><s> Systém myAVIS bylo možné implementovat v"
"3";"cs: čeština";"NFC: oborová literatura";"POP: populárně naučná literatura";"FTS: formální a technické vědy";"ICT: výpočetní technika";"s nimiž chce VIA konkurovat Ryzenům od AMD . </s><s> Do";"neprobádaných vod se";"vydává i společnost NZXT , která je známá především z"
"3";"cs: čeština";"NFC: oborová literatura";"POP: populárně naučná literatura";"ITD: interdisciplinární";"ITD: interdisciplinární";"korýšků . </s><s> To se nedávno poštěstilo zjistit díky náhodnému odkrytí";"podzemních vod v";"Izraelském vápencovém lomu hlubokém 100 metrů . </s><s> V podzemním jezírku"
"3";"cs: čeština";"NFC: oborová literatura";"POP: populárně naučná literatura";"ITD: interdisciplinární";"ITD: interdisciplinární";"dopravním prostředkem nepohrdnou ani rostliny , které rostou v blízkosti";"tekoucích vod .";"</s><s> Putují tak například nažky javorů ( Acer ) , olše"
"3";"cs: čeština";"NFC: oborová literatura";"MEM: memoáry, autobiografie";"MEM: memoáry, autobiografie";"MEM: memoáry, autobiografie";"jeho duchovní péče , se nejednou setkal s autorem Knihy";"lesů , vod a";"strání , jemuž Němci až do poslední chvíle rezervovali místo"
"3";"cs: čeština";"NFC: oborová literatura";"ADM: administrativa";"ADM: administrativa";"ADM: administrativa";". </s><s> Úkol : Zjistit aktuální stav a řešit stav odvodu";"povrchových vod v";"Karpatech s p . Dalešickým s cílem zajistit věcné břemeno"
"3";"cs: čeština";"NMG: publicistika";"NEW: tradiční publicistika";"X: neuvedeno";"NTW: celostátní tisk";"ještě dřív , než vstoupí na evropskou půdu či do";"evropských vod ,";"a obehnání Evropy neprostupnou hranicí ; vstřícnější vlády pak očekávaly"
"3";"cs: čeština";"NMG: publicistika";"NEW: tradiční publicistika";"X: neuvedeno";"NTW: celostátní tisk";"s balenou vodou . </s><s> Kofola , která je v oblasti";"balených vod na";"Slovensku už největším prodejcem , včera oznámila , že se"
"3";"cs: čeština";"NMG: publicistika";"NEW: tradiční publicistika";"X: neuvedeno";"NTW: celostátní tisk";"spotřebou především balené vody . </s><s> Podle agentury Canadean prodeje kategorie";"balených vod loni";"celosvětově poprvé předstihly prodeje sycených nápojů se „ skóre “"
"3";"cs: čeština";"NMG: publicistika";"NEW: tradiční publicistika";"X: neuvedeno";"NTW: celostátní tisk";"Stovky milionů lidí ohrožuje na zdraví zvyšující se míra znečištění";"povrchových vod v";"Africe , Asii i Latinské Americe . </s><s> Celkově až 323"
"3";"cs: čeština";"NMG: publicistika";"NEW: tradiční publicistika";"X: neuvedeno";"NTW: celostátní tisk";"následné opravy přelivných věží retenční nádrže bez úniku závadných látek";"do vod a";"půdy , “ uvedl Petera . </s><s> Negativní stanovisko kraje je"
"3";"cs: čeština";"NMG: publicistika";"NEW: tradiční publicistika";"X: neuvedeno";"NTW: celostátní tisk";"chtějí rozšířit čistírnu </s><s> ŘÍČANY Říčany u Prahy plánují rozšíření čistírny";"odpadních vod ,";"která je již několik let na hraně své kapacity . </s>"
"3";"cs: čeština";"NMG: publicistika";"NEW: tradiční publicistika";"X: neuvedeno";"NTW: celostátní tisk";"jednom litru – se našlo ve vodě získané poblíž čistírny";"odpadních vod v";"Ústí nad Labem - Neštěmicích . </s><s> Průměrná koncentrace 3,7 mikroplastové"
"3";"cs: čeština";"NMG: publicistika";"NEW: tradiční publicistika";"X: neuvedeno";"REG: regionální tisk";"Rozhodně nikdo nechce , aby podobný projekt ohrozil třeba hladiny";"spodních vod v";"našem regionu . </s><s> Na druhou stranu by vodní cesta mohla"
"3";"cs: čeština";"NMG: publicistika";"NEW: tradiční publicistika";"X: neuvedeno";"REG: regionální tisk";"bude následovat dvouletý monitoring , který je nedílnou součástí sanace";"podzemních vod .";"</s><s> Znečištění zemin a podzemních vod v karlovarském areálu bylo způsobeno"
"3";"cs: čeština";"NMG: publicistika";"NEW: tradiční publicistika";"X: neuvedeno";"REG: regionální tisk";", kteří jsou svou výrobní činností přímo závislí na odběru";"povrchových vod .";"</s><s> Do kdy bude vyhláška platit , úředníci neuvedli . </s><s> Veselané"
"3";"cs: čeština";"NMG: publicistika";"NEW: tradiční publicistika";"X: neuvedeno";"REG: regionální tisk";"především nedoložila , jak naložila s minimálně 1220 metry krychlovými";"odpadních vod .";"</s><s> Důležitou roli při rozhodnutí zastavit provoz hrálo to , že"
"3";"cs: čeština";"NMG: publicistika";"LEI: volnočasová publicistika";"X: neuvedeno";"HOU: bydlení, zahrada, hobby";"ČOV odkalovat ( přebytečný aktivovaný kal odvézt do centrální čistírny";"odpadních vod nebo";"využít na kompost ) . </s><s> U aerobní ČOV se počítá"
"3";"cs: čeština";"NMG: publicistika";"LEI: volnočasová publicistika";"X: neuvedeno";"HOU: bydlení, zahrada, hobby";", které lze umístit bez obetonování i pod úroveň hladiny";"podzemních vod .";"</s><s> • Aerobní ČOV potřebují </s><s> ke svému chodu pravidelnou dodávku znečištěné"
"3";"cs: čeština";"NMG: publicistika";"LEI: volnočasová publicistika";"X: neuvedeno";"HOU: bydlení, zahrada, hobby";"legislativně řešeno , proto u některých starších domů nebyl odvod";"srážkových vod zajištěn";"žádným způsobem . </s><s> V současnosti ( od 1 . 3"
"3";"cs: čeština";"NMG: publicistika";"LEI: volnočasová publicistika";"X: neuvedeno";"HOU: bydlení, zahrada, hobby";"není vsakování možné , řeší se odvádění srážkových vod do";"povrchových vod ,";"a pokud to není možné , do jednotné kanalizace . </s>"
"3";"cs: čeština";"NMG: publicistika";"LEI: volnočasová publicistika";"X: neuvedeno";"HOU: bydlení, zahrada, hobby";"intenzivní hnojení a vypouštění chemických látek , které prosakují do";"podzemních vod a";"půdy . </s><s> Obce a vodárenské společnosti zabývající se úpravou pitné"
"3";"cs: čeština";"NMG: publicistika";"LEI: volnočasová publicistika";"X: neuvedeno";"HOU: bydlení, zahrada, hobby";"či poplatky za užívání podzemních zdrojů nebo poplatky za vypouštění";"odpadních vod .";"</s><s> Právě z těchto položek vychází více než 40 % celkové"
"3";"cs: čeština";"NMG: publicistika";"LEI: volnočasová publicistika";"X: neuvedeno";"HOU: bydlení, zahrada, hobby";"rodinného domu . </s><s> Může být technický třeba v podobě čistírny";"odpadních vod či";"kolektoru , nebo duchovní jako ájurvédský pavilon . </s><s> Stavba roku"
"3";"cs: čeština";"NMG: publicistika";"LEI: volnočasová publicistika";"X: neuvedeno";"HOU: bydlení, zahrada, hobby";"projekt Jakub Tejkl ; dodavatel Šém </s><s> Stavba roku Ústřední čistírna";"odpadních vod Praha";", celková přestavba a rozšíření , nová vodní linka Projekt"
"3";"cs: čeština";"NMG: publicistika";"LEI: volnočasová publicistika";"X: neuvedeno";"HOU: bydlení, zahrada, hobby";"dočišťováním , tedy s biologickými a pískovými filtry . </s><s> Čistírny";"odpadních vod pak";"musejí být přesně počítány a neustále kontrolovány pro jejich správnou"
"3";"cs: čeština";"NMG: publicistika";"LEI: volnočasová publicistika";"X: neuvedeno";"HOU: bydlení, zahrada, hobby";"jezírko . </s><s> Zároveň poslouží jako nenáročná čistička vody . </s><s> Ozdobou";"jarních vod jsou";"bíle kvetoucí devětsily a ty nejžlutější ze všech květin –"
"3";"cs: čeština";"NMG: publicistika";"LEI: volnočasová publicistika";"X: neuvedeno";"LIF: životní styl";", jako by snad ani nežil . </s><s> Za grandiozním úspěchem";"těhle vod přitom";"stojí jediné : umí pleť dokonale zbavit makeupu a vyčistit"
"3";"cs: čeština";"NMG: publicistika";"LEI: volnočasová publicistika";"X: neuvedeno";"LIF: životní styl";"Balenciaga . </s><s> Během tamní patnáctileté kariéry vyvezl velevážený brand z";"klidných vod ,";"když přivedl na svět legíny jako pro robotky či střevíčky"
"3";"cs: čeština";"NMG: publicistika";"LEI: volnočasová publicistika";"X: neuvedeno";"LIF: životní styl";"kosmetika je plná bio esenciálních olejů , bylinných výtažků a";"květinových vod ,";"které zklidňují , vyživují a revitalizují pleť . </s><s> Zkuste třeba"
"3";"cs: čeština";"NMG: publicistika";"LEI: volnočasová publicistika";"X: neuvedeno";"SCT: společenský život";"dobrá . </s><s> Sněhu je dost a velmi pravděpodobně pomůže stav";"podzemních vod dostat";"do normálních hodnot . </s><s> Královéhradecký kraj 287,5 mil . m3"
"3";"cs: čeština";"NMG: publicistika";"LEI: volnočasová publicistika";"X: neuvedeno";"INT: zajímavosti ze světa";"cm . </s><s> Vyskytuje se v početných hejnech ve všech typech";"našich vod s";"výjimkou horských bystřin . </s><s> Videa k seriálu najdete ZDE ! </s>"
"3";"cs: čeština";"NMG: publicistika";"LEI: volnočasová publicistika";"X: neuvedeno";"INT: zajímavosti ze světa";"nimi Dillí , Béngalúru a Haidarábád , vyčerpá své zásoby";"podzemních vod za";"necelé dva roky . </s><s> Byl jsem svědkem této zvolna nastupující"
