"1";"fr: francouzština";"FIC: beletrie";"NOV: próza";"X: neuvedeno";"X: neuvedeno";"domu . </s><s> Tři zasklená okna z drobných čtverečků , mírně";"zbarvených do šafránově";"žluté barvy , vedou do parku . </s><s> Místnost zaplavuje jemné"
"1";"en: angličtina";"FIC: beletrie";"NOV: próza";"X: neuvedeno";"X: neuvedeno";". </s><s> Nahrazeny v roce 1966 filtry Upjohn o kapacitě záchytnosti";"organismů do 1";"mikronu . </s><s> Při použití trojnásobné vrstvy membrán o jednotkové záchytnosti"
"1";"en: angličtina";"FIC: beletrie";"NOV: próza";"X: neuvedeno";"X: neuvedeno";"se okamžitě nezačneš chovat slušně , dokopu tě na půl";"cesty do Dalstroje";"já sám . </s><s> A vezmu si na to tvoji vlastní"
"1";"cs: čeština";"FIC: beletrie";"NOV: próza";"X: neuvedeno";"X: neuvedeno";"naložených cennostmi a penězi uprchl za ranního rozbřesku 1 .";"ledna do Santo";"Dominga a odtud na Madeiru . </s><s> Chtěl ji prý koupit"
"1";"cs: čeština";"FIC: beletrie";"NOV: próza";"X: neuvedeno";"X: neuvedeno";"Guevara zapojil do kubánského protibatistovského odboje . </s><s> Jen motiv jejich";"vstupu do guerrily";"byl rozdílný . </s><s> Idealista , lékař Guevara hledal cestu k"
"1";"de: němčina";"FIC: beletrie";"NOV: próza";"X: neuvedeno";"X: neuvedeno";"dvě hodiny později již hlavní bojová linie probíhala přímo podél";"železnice do Heiligenbeilu";". </s><s> Kulomety střílely z úkrytů v pancéřovaných vagonech . </s><s> V"
"1";"en: angličtina";"FIC: beletrie";"NOV: próza";"X: neuvedeno";"X: neuvedeno";"článků , fotografií , náčrtků , tisků a map ,";"rozdělených do abecedně";"řazených oddílů , počínaje heslem Almásy v horní zásuvce první"
"1";"da: dánština";"FIC: beletrie";"NOV: próza";"X: neuvedeno";"X: neuvedeno";"<s> „ Přikázal mu , aby jel jedním konkrétním vlakem z";"Kodaně do Korsøru";"a čekal na světelné znamení . </s><s> Musel si sednout do"
"1";"en: angličtina";"FIC: beletrie";"NOV: próza";"X: neuvedeno";"X: neuvedeno";". divize nigerijské armády , která sídlí u silnice z";"Enugu do Onitshy";"mezi vesnicemi Abagana a Udi . </s><s> Zde vyprávění o červencových"
"1";"en: angličtina";"FIC: beletrie";"NOV: próza";"X: neuvedeno";"X: neuvedeno";"zvládl za jednu noc dva lety s vlastním strojem z";"Cotonou do Uli";"a bezpečně se vrátil . </s><s> Další dva zkušební lety byly"
"1";"es: španělština";"FIC: beletrie";"NOV: próza";"X: neuvedeno";"X: neuvedeno";"Sexapokalypsa o turné po rozličných kinech celého světa , z";"Cannes do San";"Franciska , z Tokia do New Yorku . </s><s> Na pozvánce"
"1";"en: angličtina";"FIC: beletrie";"NOV: próza";"X: neuvedeno";"X: neuvedeno";"tedy od řeky , a vinuly se po obou stranách";"údolí do Fogas";"a Picarets . </s><s> Mezi nimi žádná jiná cesta nevedla a"
"1";"en: angličtina";"FIC: beletrie";"NOV: próza";"X: neuvedeno";"X: neuvedeno";"<s> Ten Američan bydlí pořád v Manoir . </s><s> Vrátil se z";"výletu do Nevers";", tvrdí , že tam hledal duby na sudy . </s>"
"1";"sv: švédština";"FIC: beletrie";"NOV: próza";"X: neuvedeno";"X: neuvedeno";"Kostariky ? “ </s><s> „ Ne , nejdřív se vydal do";"Mexika , do Playa";"del Carmen , kde se seznámil s Adelitou Riverovou . </s>"
"1";"es: španělština";"FIC: beletrie";"NOV: próza";"X: neuvedeno";"X: neuvedeno";"šňůra světel a on měl náhle pocit , že u";"silnice do Eberswalde";"zahlédl mrtvého klokana . </s><s> Až se vrátí do Valparaísa ,"
"1";"en: angličtina";"FIC: beletrie";"NOV: próza";"X: neuvedeno";"X: neuvedeno";"je zkratka . </s><s> Před třema generacema mejch předků přicestoval z";"Polska do USA";"Krzys Szczerba . </s><s> Lidi v Americe nevěděli , co si"
"1";"en: angličtina";"FIC: beletrie";"NOV: próza";"X: neuvedeno";"X: neuvedeno";"1965 se Felek Szczerba se svojí rodinou přestěhoval zpátky do";"Iowy , do Ealingu";", kde Felek přijal místo ve výzkumnejch laboratořích McKeonovejch závodů"
"1";"en: angličtina";"FIC: beletrie";"NOV: próza";"X: neuvedeno";"X: neuvedeno";"<s> Byly to děti různého věku , od čtyř nebo pěti";"let do přibližně";"patnácti . </s><s> A honily krysy . </s><s> Některé z nich mlátily"
"1";"en: angličtina";"FIC: beletrie";"NOV: próza";"X: neuvedeno";"X: neuvedeno";"stech metrech narazil na velice podobnou scenérii , tentokrát u";"vchodu do Ramady";": další hosté opalující se na řadách lehátek , hotelový"
"1";"no: norština";"FIC: beletrie";"NOV: próza";"X: neuvedeno";"X: neuvedeno";"teorii , že se členové sekty nacházejí někde kolem trati";"vedoucí do Vestfoldského";"kraje . </s><s> Proč Søren Plantenstedt opustil Oslo hned po masakru"
"1";"cs: čeština";"FIC: beletrie";"NOV: próza";"X: neuvedeno";"X: neuvedeno";"bytě mluví už zase běžnou rychlostí mluvy o cestě z";"Hrušovan do B";". , o tom , jak se dá brodit řekou"
"1";"en: angličtina";"FIC: beletrie";"NOV: próza";"X: neuvedeno";"X: neuvedeno";"to , co dělají všichni nejistí lidé — strhávám téma";"rozhovoru do důvěrně";"známého teritoria . </s><s> A tím jsem já . </s><s> Celé odpoledne"
"1";"en: angličtina";"FIC: beletrie";"NOV: próza";"X: neuvedeno";"X: neuvedeno";"nevyprávěl , neznala ani příběh sňatku rodičů , ani jejich";"odchodu do Middlewoodu";", a přece všechnu tu bolest cítila , hlubokou a"
"1";"ru: ruština";"FIC: beletrie";"NOV: próza";"X: neuvedeno";"X: neuvedeno";"slavnostní : skládala se z 2D fotografií a předmětů ,";"zasazených do zbytečně";"masivních ocelových rámů a navíc uložených do pevných skleněných schránek"
"1";"cs: čeština";"FIC: beletrie";"NOV: próza";"X: neuvedeno";"X: neuvedeno";"Dylan ( opět dárek od Terezy , tentokrát suvenýr z";"cesty do Glasgow";"; ještě že dcera tak ráda cestuje ! ) desku"
"1";"en: angličtina";"FIC: beletrie";"NOV: próza";"X: neuvedeno";"X: neuvedeno";"vidět , a navíc ve velmi příjemné společnosti . </s><s> Během";"letu do New";"Yorku obsadil vedlejší místo jeho oficiální ochránce , dozorce ,"
"1";"cs: čeština";"FIC: beletrie";"NOV: próza";"X: neuvedeno";"X: neuvedeno";"<s> Rok před maturitou pošlou rodiče Lízu o prázdninách do východoněmeckého";"Saska , do Glauchau";"k Else a Franzovi , aby si zlepšila němčinu . </s>"
"1";"en: angličtina";"FIC: beletrie";"NOV: próza";"X: neuvedeno";"X: neuvedeno";"se na růst příjmů ! </s><s> Proto venture kapitalisté nalili tolik";"peněz do HubSpotu";"a věří , že HubSpot bude při vstupu na burzu"
"1";"en: angličtina";"FIC: beletrie";"NOV: próza";"X: neuvedeno";"X: neuvedeno";", právě v té době jsem se měl stěhovat z";"Bostonu do Los";"Angeles a strávit tam několik měsíců jako spoluautor třetí řady"
"1";"en: angličtina";"FIC: beletrie";"NOV: próza";"X: neuvedeno";"X: neuvedeno";"nákladním člunu s uhlím , plavit se jako blbec z";"Middlesbrough do Cleethorpes";"a zase zpátky . </s><s> Nikdo z těch , kdo přežili"
"1";"en: angličtina";"FIC: beletrie";"NOV: próza";"X: neuvedeno";"X: neuvedeno";"“ zeptala jsem se . </s><s> „ Zajel jsem na pár";"dní do Deer";"Lodge . “ </s><s> „ Do té věznice ? “ </s><s> Přikývl"
"1";"en: angličtina";"FIC: beletrie";"NOV: próza";"X: neuvedeno";"X: neuvedeno";"v obličeji , který snad ani nemrkal , stál u";"dveří do Zatořiných";"komnat . </s><s> „ Chápeš snad , proč jsem Erikovi přikázala"
"1";"cs: čeština";"FIC: beletrie";"NOV: próza";"X: neuvedeno";"X: neuvedeno";"a hlavně , co máme v plánu . “ </s><s> Zbytek";"cesty do Damíru";", který se rozkládal kolem průsečíku východní hrany Náměstí svobody"
"1";"cs: čeština";"FIC: beletrie";"COL: kratší próza";"X: neuvedeno";"X: neuvedeno";"Herbert Dillinger se stal hrdinou . </s><s> Když odvezli mrtvolu jednatřicetiletého";"zločince do Mooresvillu";", kde žili jeho rodiče , a vystrojili mu pohřeb"
"1";"cs: čeština";"FIC: beletrie";"COL: kratší próza";"X: neuvedeno";"X: neuvedeno";"luxusním parníku Bremen , který plul na pravidelné lince z";"Hamburku do New";"Yorku a zpět . </s><s> Jméno tohoto muže se v protokolech"
"1";"en: angličtina";"FIC: beletrie";"COL: kratší próza";"X: neuvedeno";"X: neuvedeno";"obleku opilý , opilý ! </s><s> A tak jsem šel místo";"toho do Guadalajara";"Refritería , zahrál na kytaru a zazpíval čtyři písničky ,"
"1";"cs: čeština";"FIC: beletrie";"COL: kratší próza";"X: neuvedeno";"X: neuvedeno";"<s> Prý ho to napadlo při psaní projevu k oslavám vstupu";"Slovenska do EU";"a navrhl změnu . </s><s> Protože však při tolika povinnostech na"
"1";"cs: čeština";"FIC: beletrie";"COL: kratší próza";"X: neuvedeno";"X: neuvedeno";"jsme odletěli . </s><s> Hned druhý den jsme mířili autem z";"Johannesburgu do Kruger";"parku , což je vlastně zoologická zahrada , ale velká"
"1";"ru: ruština";"FIC: beletrie";"COL: kratší próza";"X: neuvedeno";"X: neuvedeno";"si krásný byt , okamžitě vyrazit do divadla , do";"cukrárny , do …";"inu , atakdále . </s><s> Shrábl nějaké peníze a vyrazil do"
"1";"cs: čeština";"FIC: beletrie";"COL: kratší próza";"X: neuvedeno";"X: neuvedeno";"a sevřel fantomovou paži jako ve svěráku . </s><s> Z místa";"dotyku do Mayweatherova";"těla vystřelila bolest horší , než když mu zmrzačenou ruku"
"1";"cs: čeština";"FIC: beletrie";"COL: kratší próza";"X: neuvedeno";"X: neuvedeno";", lidi ho mají rádi a on potom odjede do";"Turecka do sul";". “ Nedopověděl . </s><s> Zasloužilý milicionář Davídek vyskočil a křikl"
"1";"cs: čeština";"FIC: beletrie";"COL: kratší próza";"X: neuvedeno";"X: neuvedeno";". </s><s> Znamená to vytáhnout člun z vody a dojet osm";"kilometrů do Boswell";", ale přece jsem nezaplatila deset dolarů pro nic za"
"1";"cs: čeština";"FIC: beletrie";"COL: kratší próza";"X: neuvedeno";"X: neuvedeno";"svého národa , “ měla říct Dornová . </s><s> Ode dne";"zatčení do 18";". února 1952 byla Jetty Dornová ve vyšetřovací vazbě . </s>"
"1";"cs: čeština";"FIC: beletrie";"COL: kratší próza";"X: neuvedeno";"X: neuvedeno";"si na víně , které jí otrok neustále doléval ze";"džbánu do jedované";"olověné nádoby . </s><s> „ Snad si nemyslíš , že …"
"1";"cs: čeština";"NFC: oborová literatura";"SCI: odborná literatura";"HUM: humanitní vědy";"ANT: antropologie, etnografie";". </s><s> Nebo dokonce na ( zdánlivě paradoxním ) začleňováním zbojnických";"uskupení do nechvalně";"proslulých divokých pomocných vojenských sborů deli na osmanské straně či"
"1";"en: angličtina";"NFC: oborová literatura";"SCI: odborná literatura";"HUM: humanitní vědy";"PHI: filozofie, náboženství";"s platformou , která se využívala k vrhání obětí a";"obětin do cenote";"( obr . </s><s> III . 09 . 14 ) . </s>"
"1";"cs: čeština";"NFC: oborová literatura";"SCI: odborná literatura";"HUM: humanitní vědy";"HIS: historie, biografie";"odkud teprve budou posíláni na posice . “ </s><s> Vstup bývalého";"důstojníka do čs";". vojska byl však podmíněn ztrátou hodnosti nebo hodností jednoročního"
"1";"cs: čeština";"NFC: oborová literatura";"SCI: odborná literatura";"HUM: humanitní vědy";"HIS: historie, biografie";"počtu 17 mužů se skupina emisařů rozšířila v průběhu podzimního";"náboru do čs";". vojska roku 1917 o dobrovolné emisaře z řad slovenských"
"1";"cs: čeština";"NFC: oborová literatura";"POP: populárně naučná literatura";"HUM: humanitní vědy";"HIS: historie, biografie";"za samostatnost Slovenska vyslovovala samozřejmě i většina slovenských emigrantských organizací";"sdružených do Svetového";"kongresu Slovákov ( SKS ) , ačkoliv ani v této"
"1";"cs: čeština";"NFC: oborová literatura";"POP: populárně naučná literatura";"HUM: humanitní vědy";"HIS: historie, biografie";"ani možnosti , ani personální vybavení . </s><s> Zapojení Slovenské národopisné";"společnosti do NSČ";"mělo nicméně kopírovat vztah SAV a ČSAV , a to"
"1";"cs: čeština";"NFC: oborová literatura";"POP: populárně naučná literatura";"HUM: humanitní vědy";"HIS: historie, biografie";"1992 a mohlo by dojít i k návratu vysloveně profederálních";"sil do SNR";"a FS . </s><s> V takovém případě se rýsovala alespoň teoretická"
"1";"en: angličtina";"NFC: oborová literatura";"POP: populárně naučná literatura";"HUM: humanitní vědy";"HIS: historie, biografie";"roce 620 , ještě před přesídlením jeho muslimské komunity z";"Mekky do Medíny";"v roce 622 . </s><s> Podle rané muslimské interpretace byla „"
"1";"de: němčina";"NFC: oborová literatura";"POP: populárně naučná literatura";"HUM: humanitní vědy";"HIS: historie, biografie";"Sutzkevera , bylo ještě před zřízením ghetta , tedy od";"července do 6";". září 1941 , zabito 12 000 Židů . 89"
"1";"cs: čeština";"NFC: oborová literatura";"SCI: odborná literatura";"HUM: humanitní vědy";"MUS: hudba";"Dechový orchestr Mohelnice zlaté pásmo v krajské soutěži středních dechových";"orchestrů ( do 36";"hudebníků ) v Bílovci , čímž získal možnost účinkovat na"
"1";"en: angličtina";"NFC: oborová literatura";"POP: populárně naučná literatura";"HUM: humanitní vědy";"MUS: hudba";"a vytvoření nezávislé společnosti . </s><s> Výsledkem byly proudy mladých lidí";"směřujících do San";"Franciska , centra květinového hnutí . </s><s> FBI ten rok zaznamenala"
"1";"fr: francouzština";"NFC: oborová literatura";"POP: populárně naučná literatura";"HUM: humanitní vědy";"MUS: hudba";"konce . </s><s> Na dva dlouhé měsíce , od 28 .";"září do 26";". listopadu , zastavuje veškerou svou činnost a pobývá se"
"1";"cs: čeština";"NFC: oborová literatura";"SCI: odborná literatura";"HUM: humanitní vědy";"LAN: filologie";"interpretovi , zda bude sledovat úsilí kritika vytvořit obraz sebe";"sama do „";"nadčasových normativních paradigmat lidství “ , nebo bude sledovat pouze"
"1";"cs: čeština";"NFC: oborová literatura";"SCI: odborná literatura";"HUM: humanitní vědy";"LAN: filologie";"ani kamera ) . </s><s> Pokračuje rovněž vyjadřování pomocí sdělení jakoby";"rozložených do více";"replik ( viz též výše , 3 . 2 ."
"1";"cs: čeština";"NFC: oborová literatura";"POP: populárně naučná literatura";"HUM: humanitní vědy";"LAN: filologie";"rodiny , emigroval přes Švýcarsko do Francie a později během";"války do USA";", kde konvertoval ke katolicismu . </s><s> Do češtiny byl nejvýznamnější"
"1";"cs: čeština";"NFC: oborová literatura";"POP: populárně naučná literatura";"HUM: humanitní vědy";"LAN: filologie";"Ťin-pchingem sbratřil až nečekaně , načež se blíží cesta čínského";"prezidenta do USA";", zatímco sám Tillerson namísto na summit NATO míří do"
"1";"cs: čeština";"NFC: oborová literatura";"SCI: odborná literatura";"HUM: humanitní vědy";"ART: umění, architektura";"<s> 75 Pražský student ; Josef Max , 1847 </s><s> 76 Portál";"průchodu do 2";". nádvoří </s><s> 77 Mříž nadsvětlíku portálu </s><s> 78 Pamětní deska Bohuslava"
"1";"cs: čeština";"NFC: oborová literatura";"SCI: odborná literatura";"SSC: sociální vědy";"ECO: ekonomie, obchod, logistika";"a jejich souvislosti s novými prvními úspěchy , přenesení nových";"principů do vnitrofirmení";"legislativy - vnitřních předpisů , odměňování v souladu s dosahovanýnmi"
"1";"cs: čeština";"NFC: oborová literatura";"PRO: profesní literatura";"SSC: sociální vědy";"ECO: ekonomie, obchod, logistika";"ukázat své dovednosti v průběhu kvalifikačního kola od 1 .";"května do 21";". srpna 2015 . </s><s> Jejich počet , který předčil loňský"
"1";"cs: čeština";"NFC: oborová literatura";"PRO: profesní literatura";"SSC: sociální vědy";"ECO: ekonomie, obchod, logistika";"<s> Národní kolo pro Českou republiku bude probíhat od 1 .";"května do 21";". srpna 2015 a je otevřeno pro stávající i potenciální"
"1";"cs: čeština";"NFC: oborová literatura";"PRO: profesní literatura";"SSC: sociální vědy";"ECO: ekonomie, obchod, logistika";"jiných částech byli zaměstnanci přizváni do společného rozhodování s možností";"zapojení do CSR";"programů atd . </s><s> „ Kombinací podobných intervencí , směřovaných ke"
"1";"cs: čeština";"NFC: oborová literatura";"PRO: profesní literatura";"SSC: sociální vědy";"ECO: ekonomie, obchod, logistika";"verze vozu byla přizpůsobena specifickým potřebám dalších trhů , včetně";"varianty do extrémně";"nízkých teplot pro ruský trh , flex - fuel modelu"
"1";"cs: čeština";"NFC: oborová literatura";"PRO: profesní literatura";"SSC: sociální vědy";"ECO: ekonomie, obchod, logistika";"<s> Dodavatelé obchodních řetězců se v posledních letech dostávají z logistického";"hlediska do stále";"složitější situace . </s><s> Řetězce požadují krátký reakční čas , rychlé"
"1";"cs: čeština";"NFC: oborová literatura";"PRO: profesní literatura";"SSC: sociální vědy";"ECO: ekonomie, obchod, logistika";"Tuchoměřicích . </s><s> Co bylo vaší největší motivací pro stěhování distribučního";"centra do Jiren";"? </s><s> Naše rozhodnutí bylo založené na proměně naší distribuční mapy"
"1";"cs: čeština";"NFC: oborová literatura";"PRO: profesní literatura";"SSC: sociální vědy";"ECO: ekonomie, obchod, logistika";"firma narazila na řadu nečekaných obtíží . </s><s> Plynulou cestu z";"Prahy do Stutgartu";"narušily až dlouhé kolony v tomto německém městě . </s><s> Jako"
"1";"cs: čeština";"NFC: oborová literatura";"PRO: profesní literatura";"SSC: sociální vědy";"ECO: ekonomie, obchod, logistika";"určité činnosti za zasílatele , například obstarání svozu a rozvozu";"zboží do a";"z terminálu v zahraničí a podobně . </s><s> Pokud to neodporuje"
"1";"es: španělština";"NFC: oborová literatura";"SCI: odborná literatura";"SSC: sociální vědy";"POL: politika, vojenství";"kdo z organizace odejdou . </s><s> Podle Berta Klandermanse klade proces";"vstupu do dobře";"zorganizovaného společenského hnutí jisté požadavky , mezi nimiž musíme zdůraznit"
"1";"cs: čeština";"NFC: oborová literatura";"SCI: odborná literatura";"SSC: sociální vědy";"POL: politika, vojenství";"<s> S ohledem na to je třeba přistupovat i k zařazení";"stran do von";"Beymeho typologie stranických rodin . </s><s> Sám von Beyme sice všechny"
"1";"cs: čeština";"NFC: oborová literatura";"SCI: odborná literatura";"SSC: sociální vědy";"LAW: právo";"čtyř obětí Prešovského krvavého soudu , který od 5 .";"března do 12";". září 1687 odsoudil k surové smrti na popravišti ,"
"1";"cs: čeština";"NFC: oborová literatura";"SCI: odborná literatura";"SSC: sociální vědy";"LAW: právo";"zpětné vazby . </s><s> Nevhodná zpětná vazba může některé účastníky od";"zapojení do moot";"courtu odradit a celkově snížit motivaci týmu . </s><s> Proto je"
"1";"cs: čeština";"NFC: oborová literatura";"POP: populárně naučná literatura";"SSC: sociální vědy";"LAW: právo";"dohodě nedojde do 24 měsíců od nabytí účinnosti novely vodního";"zákona ( do 1";". ledna 2016 ) , může se vlastník služebného pozemku"
"1";"cs: čeština";"NFC: oborová literatura";"POP: populárně naučná literatura";"SSC: sociální vědy";"LAW: právo";"petici stálo ? </s><s> Naše petiční akce trvala od 24 .";"srpna do 25";". září 1997 , za tu dobu se podařilo nashromáždit"
"1";"cs: čeština";"NFC: oborová literatura";"SCI: odborná literatura";"SSC: sociální vědy";"PSY: psychologie";"je tedy podkladem impulsivity a anatomicky je lokalizovaný do laterálního";"hypothalamu , do fasciculus";"longitudinalis telencephali a do laterálních septálních jader ( Faber ,"
"1";"cs: čeština";"NFC: oborová literatura";"SCI: odborná literatura";"SSC: sociální vědy";"REC: sport, rekreace, hobby";"umístěn vedle první dráhy ve vzdálenosti 50 m od cílové";"čáry , do 2,0";"m od okraje běžeckého oválu a ve výšce 1,22 m"
"1";"cs: čeština";"NFC: oborová literatura";"SCI: odborná literatura";"SSC: sociální vědy";"REC: sport, rekreace, hobby";"pohybu hráčů dokola , kdy se soustředíme pouze na vyhození";"míče do vzduch";"a jeho následné zachycení do padáku . </s><s> Pohyb hráčů :"
"1";"cs: čeština";"NFC: oborová literatura";"SCI: odborná literatura";"SSC: sociální vědy";"REC: sport, rekreace, hobby";"regulovat soutěžení sportovců s TP s cílem co největšího začlenění";"sportovců do co";"nejmenšího počtu skupin , tak aby při soutěžích nebylo 40"
"1";"cs: čeština";"NFC: oborová literatura";"POP: populárně naučná literatura";"SSC: sociální vědy";"REC: sport, rekreace, hobby";"do zásoby zeleninový vývar a pak už jen vykouzlete 5";"polévek do 30";"minut . </s><s> DÝŇOVÝ KRÉM S KARI </s><s> 4 porce PŘÍPRAVA :"
"1";"cs: čeština";"NFC: oborová literatura";"SCI: odborná literatura";"SSC: sociální vědy";"EDU: pedagogika";"možné se však soustředit , zkoušet rozptýlení překonávat , z";"ponoru do příliš";"lidského se vzpínat k otevřenosti , k onomu "" vyššímu"
"1";"cs: čeština";"NFC: oborová literatura";"SCI: odborná literatura";"SSC: sociální vědy";"EDU: pedagogika";". Bessotha ( 1989 a ) se jedná o pohled";"učitelů do „";"vnitřku “ školy , bez ohledu na působení jejího prostředí"
"1";"cs: čeština";"NFC: oborová literatura";"SCI: odborná literatura";"SSC: sociální vědy";"EDU: pedagogika";"nepřesných či zavádějících informací . </s><s> Vedené rozhovory trvaly od 30";"minut do 45";"minut . </s><s> Na dokumenty jsme nahlíželi prostřednictvím okruhů základních a"
"1";"cs: čeština";"NFC: oborová literatura";"SCI: odborná literatura";"SSC: sociální vědy";"EDU: pedagogika";"a mladšího školního věku , konkrétně v rozmezí od 35";"měsíců do 84";"měsíců . </s><s> Stanoveným kritériem výběru byla diagnóza poruchy autistického spektra"
"1";"cs: čeština";"NFC: oborová literatura";"PRO: profesní literatura";"SSC: sociální vědy";"EDU: pedagogika";"od maminky do prostředí mateřské školy nebo ze známého prostředí";"školky do „";"velké školy “ , na ně má mnohem větší dopad"
"1";"cs: čeština";"NFC: oborová literatura";"PRO: profesní literatura";"SSC: sociální vědy";"EDU: pedagogika";"do 4 let dvakrát denně čajovou lžičku , od 4";"let do 7";"let 3 x denně čajovou lžičku a starším dětem 1"
"1";"cs: čeština";"NFC: oborová literatura";"SCI: odborná literatura";"NAT: přírodní vědy";"BIO: biologie";") . </s><s> Úzká propojení mezi druhy demonstrují obtíže pronikání nežádoucích";"druhů do „";"funkčních skupin “ ( KÖRNER 1994 ) , protože jednotlivé"
"1";"cs: čeština";"NFC: oborová literatura";"SCI: odborná literatura";"NAT: přírodní vědy";"BIO: biologie";"<s> Zahrnuje tedy jednak informaci o přírodním pozadí - přirozené diferenciaci";"území do relativně";"homogenních přírodních krajinných jednotek - a dále informaci o současném"
"1";"cs: čeština";"NFC: oborová literatura";"SCI: odborná literatura";"NAT: přírodní vědy";"BIO: biologie";"<s> Studie vycházela z datového souboru 20 468 fytocenologických snímků ,";"klasifikovaných do 32";"biotopů ( Obr . 346 ) . </s><s> Fytocenologické snímky obsahovaly"
"1";"cs: čeština";"NFC: oborová literatura";"SCI: odborná literatura";"NAT: přírodní vědy";"BIO: biologie";"s pokryvností stromového patra 25 – 65 % a výškou";"stromů do 10";"m ; výjimkou nejsou ani křovité porosty o výšce 2"
"1";"cs: čeština";"NFC: oborová literatura";"POP: populárně naučná literatura";"NAT: přírodní vědy";"BIO: biologie";"za trest . </s><s> V Limě všichni žasli nad cílem mé";"cesty : „ Do Pucallpy";", panáčku ?! </s><s> Ale tam je prales , nekulturno ,"
"1";"cs: čeština";"NFC: oborová literatura";"POP: populárně naučná literatura";"NAT: přírodní vědy";"BIO: biologie";"<s> Prospekci nových lokalit a těžbu urychlilo v roce 1789 zahrnutí";"uhlí do tzv";". horního regálu . </s><s> Znamenalo to , že těžit mohl"
"1";"en: angličtina";"NFC: oborová literatura";"POP: populárně naučná literatura";"NAT: přírodní vědy";"PHY: fyzika";"skončila další série pozorování jeho týmu . </s><s> Během letu z";"Honolulu do San";"Franciska poprvé v životě použil palubní telefon , zavolal kolegům"
"1";"cs: čeština";"NFC: oborová literatura";"PRO: profesní literatura";"NAT: přírodní vědy";"GEO: geografie, geologie";"který je dostupný z . </s><s> Organizátory je přislíbeno také převedení";"zvuku do MP3";", aby na chytrých telefonech a přehrávačích mohl profesor Švambera"
"1";"cs: čeština";"NFC: oborová literatura";"PRO: profesní literatura";"NAT: přírodní vědy";"GEO: geografie, geologie";"<s> 2016 , se především jedná o problematiku doplnění parcel zjednodušené";"evidence do SGI";"( 3 . 2 . 1 ) , ale „"
"1";"cs: čeština";"NFC: oborová literatura";"PRO: profesní literatura";"NAT: přírodní vědy";"GEO: geografie, geologie";"že grafické okno má , na rozdíl od běžně dostupného";"Nahlížení do KN";", zvětšený rozměr na max . 1920 x 1200 pixelů"
"1";"cs: čeština";"NFC: oborová literatura";"PRO: profesní literatura";"NAT: přírodní vědy";"GEO: geografie, geologie";"sedmiletým předstihem . </s><s> Objasnili také způsob zařazení vzdělávacích oborů zeměměřického";"směru do více";"možných studijních programů a reálné nebezpečí , že samotný výukový"
"1";"cs: čeština";"NFC: oborová literatura";"SCI: odborná literatura";"NAT: přírodní vědy";"MED: lékařství";"( automatizovaný informační systém léčivých přípravků ) </s><s> Indikace k přijetí";"nemocného do";"</s><s> intenzivní péče </s><s> bezvědomí </s><s> křeče </s><s> respirační či oběhová nedostatečnost </s><s> intoxikovaní pacienti"
"1";"cs: čeština";"NFC: oborová literatura";"SCI: odborná literatura";"NAT: přírodní vědy";"MED: lékařství";". </s><s> Zdrojem nákazy je nemocný člověk od prvních příznaků prodromálního";"stádia do 5";". dne po vzniku vyrážky . </s><s> Přirozeným hostitelem viru spalniček"
"1";"cs: čeština";"NFC: oborová literatura";"SCI: odborná literatura";"NAT: přírodní vědy";"MED: lékařství";"že určitá alela vymizí , odpovídá doplňku počáteční frekvence této";"alely do 1";". </s><s> Tedy pravděpodobnost extinkce ( vymizení ) alely A je"
"1";"cs: čeština";"NFC: oborová literatura";"SCI: odborná literatura";"NAT: přírodní vědy";"MED: lékařství";"konsenzus pro celkovou dávku BoNT - A injikovaného během jednoho";"sezení do spasticitou";"postižených svalů horní končetiny doporučuje nepřekračovat dávku 600 U BOTOX"
"1";"cs: čeština";"NFC: oborová literatura";"SCI: odborná literatura";"NAT: přírodní vědy";"MED: lékařství";"ze 3 dávek , aplikovaných do deltového svalu ( u";"dětí do 18";"měsíců do stehenního svalu ) podle schématu : první dávka"
"1";"cs: čeština";"NFC: oborová literatura";"SCI: odborná literatura";"NAT: přírodní vědy";"MED: lékařství";"pacientem jsou diabetici . </s><s> Agresivita zánětu může způsobit rychlý přestup";"infektu do nitrolebí";"s letálními komplikacemi . </s><s> V léčbě hraje dominantní roli kompenzace"
"1";"cs: čeština";"NFC: oborová literatura";"SCI: odborná literatura";"NAT: přírodní vědy";"MED: lékařství";"platinového derivátu ke standardní neadjuvantní chemoterapii ? </s><s> Dlouhodobý benefit přidání";"platiny do NACT";"režimů je nejasný . </s><s> Tříletý follow up studie GeparSixto prokázal"
"1";"cs: čeština";"NFC: oborová literatura";"PRO: profesní literatura";"NAT: přírodní vědy";"MED: lékařství";"( nebo minimálně 24 hodin týdně u operačních oborů )";"rozvržených do 5";"pracovních dnů , navýší se statisticky nevýznamný počet unikátních pojištěnců"
"1";"cs: čeština";"NFC: oborová literatura";"PRO: profesní literatura";"NAT: přírodní vědy";"MED: lékařství";"infekce jsou vysoce kontagiózní a představují nejzávažnější akutní gastroenteritidy u";"dětí do 5";"let . </s><s> Přenos se děje fekálněorální cestou , onemocnění je"
"1";"cs: čeština";"NFC: oborová literatura";"PRO: profesní literatura";"NAT: přírodní vědy";"MED: lékařství";"lékařství usnadnil dodržení závazku lékařských fakult o navýšení počtu přijatých";"studentů do 1";". ročníku . </s><s> V rámci nového investičního programu ministerstva školství"
"1";"it: italština";"NFC: oborová literatura";"POP: populárně naučná literatura";"NAT: přírodní vědy";"MED: lékařství";"stavem . </s><s> Krátce řečeno , žena s množstvím estrogenů a";"progesteronu do výše";"uvedené podle laboratorních hodnot má vzhledem ke svému věku určitě"
"1";"cs: čeština";"NFC: oborová literatura";"POP: populárně naučná literatura";"NAT: přírodní vědy";"MED: lékařství";", s nejvyšší úrovní produkce ráno ( kdy končí sekrece";"melatoninu ) do 9";". hodiny , s nejnižší před usínáním a do půlnoci"
"1";"en: angličtina";"NFC: oborová literatura";"POP: populárně naučná literatura";"NAT: přírodní vědy";"MED: lékařství";"době tak potřebujeme . </s><s> V části 3 přejdeme bezpečně od";"spánku do vědecky";"vysvětleného fantastického světa snů . </s><s> Nahlédneme do mozků snících lidí"
"1";"cs: čeština";"NFC: oborová literatura";"PRO: profesní literatura";"NAT: přírodní vědy";"AGR: zemědělství, chovatelství";"tomu dojde , mohlo by se obnovit přibližně 40 %";"vývozů do RF";". </s><s> To by samozřejmě výrazně posunulo rovnováhu nabídky a poptávky"
"1";"cs: čeština";"NFC: oborová literatura";"PRO: profesní literatura";"NAT: přírodní vědy";"AGR: zemědělství, chovatelství";"( Amistar Xtra ) od BBCH 18 ( 8 pravých";"listů ) do BBCH";"49 ( poupě v úžlabí viditelné ) , úč ."
"1";"cs: čeština";"NFC: oborová literatura";"PRO: profesní literatura";"NAT: přírodní vědy";"AGR: zemědělství, chovatelství";"informace v jednoznačném standardizovaném formátu , právo odstoupit od úvěrové";"smlouvy do 14";"kalendářních dnů od jejího podpisu a právo splatit spotřebitelský úvěr"
"1";"cs: čeština";"NFC: oborová literatura";"PRO: profesní literatura";"NAT: přírodní vědy";"AGR: zemědělství, chovatelství";"vyrobíme pouze 55 % masa , které spotřebujeme , od";"vstupu do EU";"klesly stavy prasnic o 63 % na současný stav cca"
"1";"cs: čeština";"NFC: oborová literatura";"PRO: profesní literatura";"NAT: přírodní vědy";"AGR: zemědělství, chovatelství";"1 roku : </s><s> pasené v období nejméně od 15 .";"května do 11";". září příslušného kalendářního roku na trvalých travních porostech nebo"
"1";"cs: čeština";"NFC: oborová literatura";"PRO: profesní literatura";"NAT: přírodní vědy";"AGR: zemědělství, chovatelství";"smykem a zavlačovači . </s><s> Stroj umožňuje hydraulicky nastavovat hloubku zpracování";"půdy do 10";"cm a jednotlivé smyky . </s><s> Pružná úzká dlátka o šířce"
"1";"cs: čeština";"NFC: oborová literatura";"PRO: profesní literatura";"NAT: přírodní vědy";"AGR: zemědělství, chovatelství";"hydrologické provázanosti opatření v území . </s><s> Dalším problémem zahrnutí diskutovaných";"opatření do KPÚ";"je jejich přesah do více katastrálních území . </s><s> Složitými jednáními"
"1";"cs: čeština";"NFC: oborová literatura";"SCI: odborná literatura";"FTS: formální a technické vědy";"TEC: technika";"odpovědný za přijímání údajů zaslaných jeho sousedy a předávání těchto";"dat do jednu";"ze svých sousedů v závislosti na rozhodnutí směrování . </s><s> Operace"
"1";"cs: čeština";"NFC: oborová literatura";"SCI: odborná literatura";"FTS: formální a technické vědy";"TEC: technika";"48 hodin dat , posledních 31 dní dat , interval";"od .. do .";"</s><s> Možnosti výběru typu grafu jsou : čárový , bodový ,"
"1";"cs: čeština";"NFC: oborová literatura";"PRO: profesní literatura";"FTS: formální a technické vědy";"TEC: technika";", při vlastní výšce lože pouhých 225 mm pro náklady";"kategorie do 90";"t . </s><s> Délka až 14 000 mm , při vlastní"
"1";"cs: čeština";"NFC: oborová literatura";"PRO: profesní literatura";"FTS: formální a technické vědy";"TEC: technika";"bylo při tom v maximální míře zamezeno vnášení dodatečných silových";"účinků do ŽB";"skeletu . </s><s> Pro kotvení byl zvolen systém základní kotevní desky"
"1";"cs: čeština";"NFC: oborová literatura";"PRO: profesní literatura";"FTS: formální a technické vědy";"TEC: technika";"ACER ( ARIS ) , ale také zajištění transformace těchto";"dat do legislativou";"předepsaného rozsahu , který je nezbytný jak pro účastníky trhu"
"1";"cs: čeština";"NFC: oborová literatura";"PRO: profesní literatura";"FTS: formální a technické vědy";"TEC: technika";"modelu po Vsacké vrchy dřevinu Smrk ve věku od 81";"let do 120";"let . </s><s> Vzhledem k tomu , že nebylo možné příslušný"
"1";"cs: čeština";"NFC: oborová literatura";"PRO: profesní literatura";"FTS: formální a technické vědy";"TEC: technika";"opomenout především nosiče výplňových prvků přenášejících váhu např . zasklívacích";"jednotek do paždíku";"případně do sloupku tak , aby váha nezatěžovala přerušení tepelného"
"1";"cs: čeština";"NFC: oborová literatura";"PRO: profesní literatura";"FTS: formální a technické vědy";"TEC: technika";"je ho možné použit , opět v závislosti na druhu";"systému , do cca";"445 kg . </s><s> Viz obrázek č . 4 . </s><s> c"
"1";"cs: čeština";"NFC: oborová literatura";"PRO: profesní literatura";"FTS: formální a technické vědy";"TEC: technika";"dovolují nabídnout kvalitní produkty za ceny , které urychlí návratnost";"investice do LED";"osvětlení . </s><s> A to bez ohledu na skutečnost , zda"
"1";"cs: čeština";"NFC: oborová literatura";"PRO: profesní literatura";"FTS: formální a technické vědy";"TEC: technika";"dostala řada XF lehčí zadní nápravu určenou pro celkovou hmotnost";"vozidla do 44";"tun při točivém momentu motoru do 2300 N . m"
"1";"cs: čeština";"NFC: oborová literatura";"PRO: profesní literatura";"FTS: formální a technické vědy";"TEC: technika";"se jmenovitým proudem do 32 A k odpojení již první";"poruchy do 0,4";"s . </s><s> K této problematice je v Informaci 203 -"
"1";"cs: čeština";"NFC: oborová literatura";"PRO: profesní literatura";"FTS: formální a technické vědy";"TEC: technika";") . </s><s> Jejich hlavní účinek spočívá v chemické vazbě kationu";"železa do relativně";"nerozpustných chelátů a fosfátů , čímž způsobují jeho desaktivaci ,"
"1";"cs: čeština";"NFC: oborová literatura";"PRO: profesní literatura";"FTS: formální a technické vědy";"TEC: technika";"poskytuje neomezený výhled do okolí . </s><s> Kyvná funkce s úhlem";"otočení do 180";"° naopak slouží k mytí vnějšího skla a stažení markýzy"
"1";"cs: čeština";"NFC: oborová literatura";"PRO: profesní literatura";"FTS: formální a technické vědy";"TEC: technika";"zvláště přizpůsobené konkrétním požadavkům testovacích stolic dále umožňují zabudování měřicích";"přírub do téměř";"všech typů testovacích stolic a kombinací hnacích mechanizmů . ” </s>"
"1";"cs: čeština";"NFC: oborová literatura";"PRO: profesní literatura";"FTS: formální a technické vědy";"TEC: technika";"36 Čtyři nádrže CNG také zajišťují možnost přepouštění z LNG";"nádrží do CNG";"tanků v případě několikadenního stání vozidla , aby se LNG"
"1";"cs: čeština";"NFC: oborová literatura";"POP: populárně naučná literatura";"FTS: formální a technické vědy";"TEC: technika";"8 . , na registračních stránkách se nabízí i možnost";"doregistrace do 20";". 9 . , přesné podmínky najdete na webu . </s>"
"1";"cs: čeština";"NFC: oborová literatura";"POP: populárně naučná literatura";"FTS: formální a technické vědy";"TEC: technika";"hodí pro topný systém , který vystačí s teplotou topné";"vody do 55";"° C . V systému navrženém na vyšší teplotu topné"
"1";"cs: čeština";"NFC: oborová literatura";"POP: populárně naučná literatura";"FTS: formální a technické vědy";"TEC: technika";"1,5 m </s><s> Plynové varné panely </s><s> plynový kohout umístit mimo obrys";"spotřebiče do max";". vzdálenosti 1 m od varné desky , max ."
"1";"cs: čeština";"NFC: oborová literatura";"POP: populárně naučná literatura";"FTS: formální a technické vědy";"TEC: technika";"lze dostat v úpravě imitace břidlice nebo v podobě zesílené";"šablony do extrémně";"náročných klimatických oblastí ( CEMBRIT ) </s><s> K nezbytnému vybavení střechy"
"1";"cs: čeština";"NFC: oborová literatura";"SCI: odborná literatura";"FTS: formální a technické vědy";"ICT: výpočetní technika";"teorií odstupňovaných možností , jakož i různé transformace z obecnějších";"teorií do méně";"obecných teorií , které lze chápat jako vhodné způsoby pro"
"1";"cs: čeština";"NFC: oborová literatura";"SCI: odborná literatura";"FTS: formální a technické vědy";"ICT: výpočetní technika";"( cross - validation ) je založena na náhodném rozdělení";"příkladů do N";"disjunktních podmnožin . </s><s> Jedna z podmnožin je vždy využita pro"
"1";"cs: čeština";"NFC: oborová literatura";"PRO: profesní literatura";"FTS: formální a technické vědy";"ICT: výpočetní technika";". </s><s> Altair spolupracuje s partnery jako Materialise na efektivnějším přenosu";"dat do 3D";"tiskáren . </s><s> Příhradové konstrukce mohou obsahovat stovky tisíc buněk ,"
"1";"cs: čeština";"NFC: oborová literatura";"PRO: profesní literatura";"FTS: formální a technické vědy";"ICT: výpočetní technika";"aby tak nalezli potřebná data , s následným přetažením jednotlivých";"součástí do Solid";"Edge za účelem editace , případně jejich umístění do sestavy"
"1";"cs: čeština";"NFC: oborová literatura";"PRO: profesní literatura";"FTS: formální a technické vědy";"ICT: výpočetní technika";"všem těmto dokumentům z jednoho místa . </s><s> Modul umožňuje uspořádání";"dokumentů do logicky";"uspořádaných celků a výrazně tak zvyšuje celkovou organizovanost dokumentace . </s>"
"1";"cs: čeština";"NFC: oborová literatura";"PRO: profesní literatura";"FTS: formální a technické vědy";"ICT: výpočetní technika";"2018 - profesionální úprava </s><s> obrázků * PowerTRACE 2018 - trasování";"bitmapy do";"</s><s> vektoru * Font Manager 2018 - výkonná správa </s><s> písem *"
"1";"cs: čeština";"NFC: oborová literatura";"PRO: profesní literatura";"FTS: formální a technické vědy";"ICT: výpočetní technika";"novým způsobem . </s><s> Dlouhá doba implementace vždy velmi ohrožuje návratnost";"investice do PDM";"/ PLM systému . </s><s> Využitím Teamcenter Rapid Start se doba"
"1";"cs: čeština";"NFC: oborová literatura";"PRO: profesní literatura";"FTS: formální a technické vědy";"ICT: výpočetní technika";"zdroj signálu ( např . kabelový svazek ) . </s><s> U";"kmitočtů do 250";"MHz bylo vyzařování z kabelů nejkritičtějším zdrojem šumu v analýze"
"1";"cs: čeština";"NFC: oborová literatura";"POP: populárně naučná literatura";"FTS: formální a technické vědy";"ICT: výpočetní technika";"TV tunerem v počítači ( typicky v podobě miniaturního zařízení";"připojeného do USB";"portu ) , přehrávat i televizní vysílání a také si"
"1";"cs: čeština";"NFC: oborová literatura";"POP: populárně naučná literatura";"FTS: formální a technické vědy";"ICT: výpočetní technika";"umístit jinam , než kam automaticky směřují prsty při připojování";"minipočítače do HDMI";"portu . </s><s> Od nového Compute Sticku nečekejte výraznější výpočetní výkon"
"1";"cs: čeština";"NFC: oborová literatura";"POP: populárně naučná literatura";"FTS: formální a technické vědy";"ICT: výpočetní technika";". </s><s> Bluetooth 5 také zvládne například odeslat data z jednoho";"zařízení do více";"přístrojů , což bude užitečné třeba u internetu věcí . </s>"
"1";"cs: čeština";"NFC: oborová literatura";"POP: populárně naučná literatura";"FTS: formální a technické vědy";"ICT: výpočetní technika";"z mnoha možností , zahrnujících rozlišení od 640 × 480";"bodů do 4";"000 × 3 000 bodů . </s><s> Fotografie a videa se"
"1";"cs: čeština";"NFC: oborová literatura";"POP: populárně naučná literatura";"FTS: formální a technické vědy";"ICT: výpočetní technika";"vede až k automatizaci procesů . </s><s> Příkladem jsou například příjem";"poptávky do e";"- mailové schránky , automatické založení dokladu , nastavení lhůt"
"1";"cs: čeština";"NFC: oborová literatura";"POP: populárně naučná literatura";"FTS: formální a technické vědy";"ICT: výpočetní technika";"na 4 600 Kč . </s><s> Nákladnější mohou být nákupy jednotlivých";"letadel do Digital";"Combat Simulatoru – v základu je totiž k dispozici pouze"
"1";"cs: čeština";"NFC: oborová literatura";"POP: populárně naučná literatura";"ITD: interdisciplinární";"ITD: interdisciplinární";"v souladu s trendem rostoucí urbanizace , tj . koncentrace";"lidí do stále";"větších měst . </s><s> Na straně druhé se ale stále více"
"1";"cs: čeština";"NFC: oborová literatura";"POP: populárně naučná literatura";"ITD: interdisciplinární";"ITD: interdisciplinární";"pohybuje v rozmezí mezi 31 – 185 mg ( u";"dusitanů do 20";"mg ) . </s><s> Poločas života dusičnanů přijatých potravou byl vypočítán"
"1";"cs: čeština";"NFC: oborová literatura";"POP: populárně naučná literatura";"ITD: interdisciplinární";"ITD: interdisciplinární";"kHz . </s><s> Tak vysoký zvuk nejen mnohonásobně přesahuje citlivost ucha";"lidského ( do 20";"kHz ) , ale i rozsah ucha jiných živočichů ,"
"1";"cs: čeština";"NFC: oborová literatura";"POP: populárně naučná literatura";"ITD: interdisciplinární";"ITD: interdisciplinární";"bezesporu protein CTCF . </s><s> Ten se významně podílí na členění";"genomu do topologicky";"asociovaných domén ( TADs ) . </s><s> V rámci domén TAD"
"1";"cs: čeština";"NFC: oborová literatura";"MEM: memoáry, autobiografie";"MEM: memoáry, autobiografie";"MEM: memoáry, autobiografie";"to měřili ; tak víte , jak daleko je z";"Clevelandu do Los";"Angeles ? </s><s> Na mou duši jako z Prahy kousek za"
"1";"en: angličtina";"NFC: oborová literatura";"MEM: memoáry, autobiografie";"MEM: memoáry, autobiografie";"MEM: memoáry, autobiografie";"která pak byla hrána po celém Walesu od 15 .";"ledna do 23";". února 1980 . </s><s> Společnost hrála to , co bylo"
"1";"en: angličtina";"NFC: oborová literatura";"MEM: memoáry, autobiografie";"MEM: memoáry, autobiografie";"MEM: memoáry, autobiografie";"všude , kam se pohnul . </s><s> Když Smith přišel z";"Kalifornie do Toccoa";", pršelo a zdálo se , že pokaždé , když"
"1";"ru: ruština";"NFC: oborová literatura";"MEM: memoáry, autobiografie";"MEM: memoáry, autobiografie";"MEM: memoáry, autobiografie";"žádost “ . </s><s> Domácí vězení pro nás tehdy znamenalo zákaz";"vycházek do Čišem";"či do Ufy a navíc zadržení 25 procent denního žoldu"
"1";"en: angličtina";"NFC: oborová literatura";"MEM: memoáry, autobiografie";"MEM: memoáry, autobiografie";"MEM: memoáry, autobiografie";"přidělen , přibližně 200 km třetí třídou osobního vlaku z";"Bambergu do Nibelungenwerke";"v Linzi v Rakousku , aby zde převzaly nové tanky"
"1";"en: angličtina";"NFC: oborová literatura";"MEM: memoáry, autobiografie";"MEM: memoáry, autobiografie";"MEM: memoáry, autobiografie";"na to , aby se její majitel mohl přestěhovat z";"Texasu do Palo";"Alta . </s><s> „ Jeho byznysplán se mi nelíbí , ale"
"1";"cs: čeština";"NFC: oborová literatura";"MEM: memoáry, autobiografie";"MEM: memoáry, autobiografie";"MEM: memoáry, autobiografie";"bariéra , cesta byla dlouhá , těch tři sta osmdesát";"kilometrů do Bozoum";"se jelo v podstatě celý den . </s><s> Nakonec jsme dorazili"
"1";"cs: čeština";"NFC: oborová literatura";"ADM: administrativa";"ADM: administrativa";"ADM: administrativa";"<s> - podnikatelé s ubytováním uzavřou smlouvu s obcí dohodou </s><s> splatnost";"poplatku do 31";". 10 . 2015 </s><s> prosím o maximální vytřídění odpadů –"
"1";"cs: čeština";"NFC: oborová literatura";"ADM: administrativa";"ADM: administrativa";"ADM: administrativa";"členů výboru . </s><s> Nesejde - li se nadpoloviční většina členů";"výboru do 15";"minut po době určené pro začátek jednání nebo klesne -"
"1";"cs: čeština";"NMG: publicistika";"NEW: tradiční publicistika";"X: neuvedeno";"NTW: celostátní tisk";"Evropské komise k migrační krizi , včetně plánu na přerozdělování";"uprchlíků do méně";"zasažených zemí osmadvacítky . </s><s> Europoslanci o tom rozhodli na včerejší"
"1";"cs: čeština";"NMG: publicistika";"NEW: tradiční publicistika";"X: neuvedeno";"NTW: celostátní tisk";"<s> Nádraží v Brně - Králově Poli se od 20 .";"října do 5";". listopadu letošního roku stalo stanovištěm Legiovlaku , který představuje"
"1";"cs: čeština";"NMG: publicistika";"NEW: tradiční publicistika";"X: neuvedeno";"NTW: celostátní tisk";"osvobozování izraelských rukojmí . </s><s> Například cestujících na palubě linky z";"Vídně do Tel";"Avivu v roce 1972 , tehdy spolu s jistým Ehudem"
"1";"cs: čeština";"NMG: publicistika";"NEW: tradiční publicistika";"X: neuvedeno";"NTW: celostátní tisk";"<s> Tomáš Trampota </s><s> expert z fakulty sociálních věd ke schválení vstupu";"Penty do Vltava";"- Labe - Pressu antimonopolním úřadem </s><s> UNIE VÍC A VÍC"
"1";"cs: čeština";"NMG: publicistika";"NEW: tradiční publicistika";"X: neuvedeno";"NTW: celostátní tisk";"ztráty . </s><s> Na rozdíl od konkurentů totiž Kraft neexpandoval prostřednictvím";"akvizic do rychle";"rostoucích oblastí , jako jsou biopotraviny . </s><s> Aktuální sloučení zorganizovaly"
"1";"cs: čeština";"NMG: publicistika";"NEW: tradiční publicistika";"X: neuvedeno";"NTW: celostátní tisk";". </s><s> Podobně jako jeho kolegové v závěrečné řeči požadoval zamítnutí";"vydání do USA";"a propuštění klienta na svobodu . </s><s> Předsedající Vrba sice zřejmě"
"1";"cs: čeština";"NMG: publicistika";"NEW: tradiční publicistika";"X: neuvedeno";"NTW: celostátní tisk";"Francie naznačily , že nesouhlasí . </s><s> Třetí požadavek bylo přijetí";"Turecka do EU";". </s><s> Jenže většina států Unie říká , že 85 milionů"
"1";"cs: čeština";"NMG: publicistika";"NEW: tradiční publicistika";"X: neuvedeno";"NTW: celostátní tisk";"odletěl mezi „ hokejovou mládež “ . </s><s> V rámci českého";"týmu do 20";"let je to unikátní věc . </s><s> V roce 2001 odehrál"
"1";"cs: čeština";"NMG: publicistika";"NEW: tradiční publicistika";"X: neuvedeno";"NTW: celostátní tisk";". </s><s> Drsný Tonda Blaník přijede do Plzně </s><s> Od 26 .";"dubna do 2";". května se chystá filmový festival Finále Plzeň . </s><s> Na"
"1";"cs: čeština";"NMG: publicistika";"NEW: tradiční publicistika";"X: neuvedeno";"NTW: celostátní tisk";"<s> Portugalští fotbalisté si zajistili účast na olympiádě na mistrovství Evropy";"hráčů do 21";"let v Česku , kde získali po porážce se Švédskem"
"1";"cs: čeština";"NMG: publicistika";"NEW: tradiční publicistika";"X: neuvedeno";"NTW: celostátní tisk";"přesný , opěradlo lze nastavit do 10 poloh , od";"kolmé do téměř";"ležící . </s><s> Výhody : vysoká stabilita stolu i křesel ,"
"1";"cs: čeština";"NMG: publicistika";"NEW: tradiční publicistika";"X: neuvedeno";"NTW: celostátní tisk";"<s> Jihočeské muzeum v Českých Budějovicích a klub Orchidea pořádá od";"pátku do 21";". února výstavu orchidejí , bromélií a dalších exotických rostlin"
"1";"cs: čeština";"NMG: publicistika";"NEW: tradiční publicistika";"X: neuvedeno";"NTW: celostátní tisk";"<s> Konkrétně slibte nám bezvízový styk , obnovte jednání o vstupu";"Turecka do EU";". </s><s> Ale ani to , zdá se , nestačí . </s>"
"1";"cs: čeština";"NMG: publicistika";"NEW: tradiční publicistika";"X: neuvedeno";"NTW: celostátní tisk";"něj nemá čas a překáží . </s><s> Období od 1 .";"června do 31";". července patří mezi nejkrizovější v roce . </s><s> Vloni bylo"
"1";"cs: čeština";"NMG: publicistika";"NEW: tradiční publicistika";"X: neuvedeno";"NTW: celostátní tisk";"mezi nimiž bylo také deset dětí ve věku od jednoho";"roku do 12";"let . </s><s> Mezi hosty tentokrát nechyběli ani osmičlenná delegace Vlasteneckého"
"1";"cs: čeština";"NMG: publicistika";"NEW: tradiční publicistika";"X: neuvedeno";"NTW: celostátní tisk";"počasí a formování nejnebezpečnějších bouřek v časovém rozmezí od pěti";"minut do 30";"vteřin . </s><s> Tato schopnost podle očekávání vědců přispěje k přesnějším"
"1";"cs: čeština";"NMG: publicistika";"NEW: tradiční publicistika";"X: neuvedeno";"NTW: celostátní tisk";"milionů korun , přičemž jeden žadatel může dostat od 500";"tisíc do 10";"milionů korun . </s><s> Stát přispěje nanejvýš na 60 procent nákladů"
"1";"cs: čeština";"NMG: publicistika";"NEW: tradiční publicistika";"X: neuvedeno";"NTW: celostátní tisk";"za přínos světové vědě . </s><s> 250 000 korun Šestice mladých";"vědců do 40";"let získá po čtvrt milionu korun . </s><s> Vybrala je odborná"
"1";"cs: čeština";"NMG: publicistika";"NEW: tradiční publicistika";"X: neuvedeno";"NTW: celostátní tisk";"i tréninkovými hřišti bude v době šampionátu od 10 .";"června do 10";". července vyhlášena bezletová zóna . </s><s> Od loňských atentátů v"
"1";"cs: čeština";"NMG: publicistika";"NEW: tradiční publicistika";"X: neuvedeno";"NTW: celostátní tisk";"dotačního programu se tedy od října 2015 hradí pronájem výstavní";"plochy do 100";"tisíc korun , registrační poplatek v plné výši , jedna"
"1";"cs: čeština";"NMG: publicistika";"NEW: tradiční publicistika";"X: neuvedeno";"NTW: celostátní tisk";"Coopera z Teorie velkého třesku jako představitele Aspergerova syndromu (";"patřícího do PAS";") . </s><s> Pro ty , kteří mají větší povědomí o"
"1";"cs: čeština";"NMG: publicistika";"NEW: tradiční publicistika";"X: neuvedeno";"NTW: celostátní tisk";"didaktických testů společné části maturitní zkoušky zpřístupní centrum Cermat ředitelům";"škol do 15";". května . </s><s> Nejpozději následujícího pracovního dne po zpřístupnění výsledků"
"1";"cs: čeština";"NMG: publicistika";"NEW: tradiční publicistika";"X: neuvedeno";"NTW: celostátní tisk";"době potěší české příznivce . </s><s> Od této středy 17 .";"srpna do 9";". září odehraje patnáct koncertů v rámci Kousek štěstí tour"
"1";"cs: čeština";"NMG: publicistika";"NEW: tradiční publicistika";"X: neuvedeno";"NTW: celostátní tisk";"<s> Od té doby brněnská továrna dodala 1,3 milionu kusů svých";"strojů do 136";"zemí světa . </s><s> Koho zajímá podrobná historie světoznámých traktorů ,"
"1";"cs: čeština";"NMG: publicistika";"NEW: tradiční publicistika";"X: neuvedeno";"NTW: celostátní tisk";"dva roky a Plzeňský kraj soutěží s regiony s počtem";"obyvatel do 1,5";"milionu . </s><s> Slavnostní předání cen se uskutečnilo na veletrhu nemovitostí"
"1";"cs: čeština";"NMG: publicistika";"NEW: tradiční publicistika";"X: neuvedeno";"NTW: celostátní tisk";". </s><s> Ceny jsou odlišené podle délky trvání vstupenky , možnosti";"vstupu do VIP";"zón a podobně . </s><s> Hlavně česky Votvírák nabízí každoročně směsici"
"1";"cs: čeština";"NMG: publicistika";"NEW: tradiční publicistika";"X: neuvedeno";"NTW: celostátní tisk";"té doby došlo přinejmenším ke třem výrazným posunům . </s><s> Zasahování";"Bruselu do vcelku";"podružných záležitostí začalo nápadně kontrastovat s bezradností ohledně událostí ,"
"1";"cs: čeština";"NMG: publicistika";"NEW: tradiční publicistika";"X: neuvedeno";"NTW: celostátní tisk";"úvahy , jako že „ srbský národ je jeden od";"Kninu do Kovina";"( město v Srbsku na hranicích s Rumunskem ) a"
"1";"cs: čeština";"NMG: publicistika";"NEW: tradiční publicistika";"X: neuvedeno";"NTW: celostátní tisk";"<s> Zde se vlaková doprava zastaví v období od 21 .";"března do 18";". června příštího roku . </s><s> Po skončení stavebních prací se"
"1";"cs: čeština";"NMG: publicistika";"NEW: tradiční publicistika";"X: neuvedeno";"NTW: celostátní tisk";"podnikatele a řemesla . </s><s> Neprošly ani návrhy na zavedení několika";"výjimek do EET";". </s><s> Lidovci například neuspěli s požadavkem na výjimku pro farmářské"
"1";"cs: čeština";"NMG: publicistika";"NEW: tradiční publicistika";"X: neuvedeno";"NTW: celostátní tisk";"neochota posunout věci do finále , “ popsal Sobotka peripetie";"návratu do NHL";". </s><s> Předělaná smlouva Po uzavření tříletého kontraktu s Omskem měl"
"1";"cs: čeština";"NMG: publicistika";"NEW: tradiční publicistika";"X: neuvedeno";"NTW: celostátní tisk";"zdrojů Pavlína Šmatolánová . </s><s> Na dobu určitou Ve věkové skupině";"zaměstnanců do 29";"let je smluv na dobu určitou 15 procent . *"
"1";"cs: čeština";"NMG: publicistika";"NEW: tradiční publicistika";"X: neuvedeno";"NTW: celostátní tisk";"pro založení přirozené vlhké louky . </s><s> Tím dosáhneme rychlejšího návratu";"lokality do co";"nejpřirozenější přírodní podoby , “ vysvětlila Fišerová . </s><s> Na novinky"
"1";"cs: čeština";"NMG: publicistika";"NEW: tradiční publicistika";"X: neuvedeno";"NTW: celostátní tisk";", reprízy „ pojedou “ každý den od 24 .";"srpna do 2";". září a pak ještě 7 . , 8 ."
"1";"cs: čeština";"NMG: publicistika";"NEW: tradiční publicistika";"X: neuvedeno";"NTW: celostátní tisk";"stejným bodovým ziskem jako osmá Slovanka . </s><s> Tedy na hraně";"postupu do play";"off . </s><s> Naposledy prohrály v Brně na Rosničce s BK"
"1";"cs: čeština";"NMG: publicistika";"NEW: tradiční publicistika";"X: neuvedeno";"NTW: celostátní tisk";"<s> Podle Chovance je potřeba řešit případný příchod dalších deseti tisíc";"zaměstnanců do ČR";"tak , jak to prý požadují a plánují zaměstnavatelé ,"
"1";"cs: čeština";"NMG: publicistika";"NEW: tradiční publicistika";"X: neuvedeno";"NTW: celostátní tisk";"dat vypočítala náklady na vzdělávání jednotlivých žáků ve věku od";"šesti do 15";"let a zkombino - vala propočty s kupní sílou a"
"1";"cs: čeština";"NMG: publicistika";"NEW: tradiční publicistika";"X: neuvedeno";"NTW: celostátní tisk";"30 miliónů korun . </s><s> Na pořízení obědů pro děti od";"tří do 15";"let , jejichž rodiče nemají na zaplacení stravování , by"
"1";"cs: čeština";"NMG: publicistika";"NEW: tradiční publicistika";"X: neuvedeno";"NTW: celostátní tisk";"zpět . </s><s> Transport nafty začal loni v říjnu . </s><s> Dopravu";"paliva do ČR";"zajišťuje Čepro , smluvním dopravcem je ČD Cargo . </s><s> Náklady"
"1";"cs: čeština";"NMG: publicistika";"NEW: tradiční publicistika";"X: neuvedeno";"NTW: celostátní tisk";"to právě převážně věk matky . </s><s> Úspěšnost IVF je 50";"procent do 35";"let a pět procent nad 43 let – během osmi"
"1";"cs: čeština";"NMG: publicistika";"NEW: tradiční publicistika";"X: neuvedeno";"NTW: celostátní tisk";"Nikola Nosková získala bronzovou medaili v časovce na mistrovství Evropy";"žen do 23";"let v Brně . </s><s> Prvenství vybojovala na trati 23 km"
"1";"cs: čeština";"NMG: publicistika";"NEW: tradiční publicistika";"X: neuvedeno";"NTW: celostátní tisk";", zda jsem holubice , nebo jestřáb , mě od";"nástupu do ČNB";"rozesmávají . </s><s> Jednou mohu být pro zvyšování sazeb , jindy"
"1";"cs: čeština";"NMG: publicistika";"NEW: tradiční publicistika";"X: neuvedeno";"NTW: celostátní tisk";"konzultace a dotazy k návrhu plánu . </s><s> Od 15 .";"června do 26";". července pak budou odborníci připraveni konzultovat každý všední den"
"1";"cs: čeština";"NMG: publicistika";"NEW: tradiční publicistika";"X: neuvedeno";"NTW: celostátní tisk";"před velrybou , v dubnu , poslal přes Facebook 60";"dolarů do velmi";"sympatické společnosti 4 Ocean ( myšleno asi „ Pro Oceán"
"1";"cs: čeština";"NMG: publicistika";"NEW: tradiční publicistika";"X: neuvedeno";"NTW: celostátní tisk";"a občerstvení . </s><s> Rodiče za takovou oslavu zaplatí od šestnácti";"set do zhruba";"tří tisíc korun . </s><s> Kromě zábavních center si rodiče pronajímají"
"1";"cs: čeština";"NMG: publicistika";"NEW: tradiční publicistika";"X: neuvedeno";"NTW: celostátní tisk";"do veřejnosti zpřístupněných bývalých vojenských újezdů . </s><s> Od 1 .";"dubna do 31";". října lze už druhým rokem jízdní kola přepravovat i"
"1";"cs: čeština";"NMG: publicistika";"NEW: tradiční publicistika";"X: neuvedeno";"NTW: celostátní tisk";"totiž příliš vysoké . </s><s> Finálové projekty budou vystaveny na náměstí";"Svobody do 9";". listopadu , poté se výstava přesune na Malinovského náměstí"
"1";"cs: čeština";"NMG: publicistika";"NEW: tradiční publicistika";"X: neuvedeno";"NTW: celostátní tisk";"o dalším pokračování tohoto projektu v nové situaci vstupu minoritního";"akcionáře do CEFC";"Europe , “ dodal Bednář . </s><s> Čtyřicetiletá historie </s><s> CITIC Group"
"1";"cs: čeština";"NMG: publicistika";"NEW: tradiční publicistika";"X: neuvedeno";"NTW: celostátní tisk";"stranu , když rozpočítáme dotace podle jednotlivých let od českého";"vstupu do EU";", tak tvoří pouze kolem 1,3 procenta ročního hrubého domácího"
"1";"cs: čeština";"NMG: publicistika";"NEW: tradiční publicistika";"X: neuvedeno";"NTW: celostátní tisk";". </s><s> Zájem o zlato podpořily nákupy centrálních bank a příliv";"investic do burzovně";"obchodovaných fondů ETF zaměřených na zlato . </s><s> Vyplývá to ze"
"1";"cs: čeština";"NMG: publicistika";"NEW: tradiční publicistika";"X: neuvedeno";"NTW: celostátní tisk";", před rokem se zasadil o vydání ruského hackera Jevgenije";"Nikulina do USA";". </s><s> V kauze Huawei a v otázce kybernetické bezpečnosti se"
"1";"cs: čeština";"NMG: publicistika";"NEW: tradiční publicistika";"X: neuvedeno";"NTW: celostátní tisk";", že se jich bojíme . “ </s><s> Za práva afghánských";"žen Do Ji";". hlavy přijede také afghánská politička a spisovatelka Fawzia Koofiová"
"1";"cs: čeština";"NMG: publicistika";"NEW: tradiční publicistika";"X: neuvedeno";"NTW: celostátní tisk";"/ 2017 zastupuje Rudá hvězda Kunlun . </s><s> Slavnostní oznámení jejího";"vstupu do KHL";"proběhlo v červnu 2016 za přítomnosti ruského prezidenta Vladimira Putina"
"1";"cs: čeština";"NMG: publicistika";"NEW: tradiční publicistika";"X: neuvedeno";"NTW: celostátní tisk";", pokusily se přejít řeku Sakarya a od 23 .";"srpna do 13";". září 1921 zde svedly rozhodující a pro sebe ve"
"1";"cs: čeština";"NMG: publicistika";"NEW: tradiční publicistika";"X: neuvedeno";"NTW: celostátní tisk";"“ uvedla Pudilová . </s><s> Čtyřiadvacetiletá bojovnice bude poprvé od svého";"vstupu do UFC";"bojovat v muší váhové kategorii do 57 kilogramů , která"
"1";"cs: čeština";"NMG: publicistika";"NEW: tradiční publicistika";"X: neuvedeno";"NTW: celostátní tisk";"začne postupně oteplovat . </s><s> Celkově bude období od 13 .";"května do 9";". června teplotně slabě podprůměrné a srážkově průměrné . </s><s> Nejvíce"
"1";"cs: čeština";"NMG: publicistika";"NEW: tradiční publicistika";"X: neuvedeno";"NTW: celostátní tisk";". </s><s> Na trase C musí cestující počítat od 29 .";"června do 7";". července s výlukou mezi stanicemi Pražského povstání a Kačerov"
"1";"cs: čeština";"NMG: publicistika";"NEW: tradiční publicistika";"X: neuvedeno";"NTW: celostátní tisk";"něco by se ujalo . </s><s> Nedávno jste se vrátil z";"Eura do 19";"let . </s><s> Můžete se podělit o svoje dojmy z něj"
"1";"cs: čeština";"NMG: publicistika";"NEW: tradiční publicistika";"X: neuvedeno";"NTW: celostátní tisk";"Endála a Ivana Lytvynova , který je na mistrovství světa";"hráčů do 20";"let . </s><s> „ Uvidíme , jestli se nám třeba nevrátí"
"1";"cs: čeština";"NMG: publicistika";"NEW: tradiční publicistika";"X: neuvedeno";"NTW: celostátní tisk";"účtu Richee nabízí roční sazbu ve výši 1,5 procenta u";"zůstatků do 300";"tisíc korun , zůstatek nad tento limit je pak úročen"
"1";"cs: čeština";"NMG: publicistika";"NEW: tradiční publicistika";"X: neuvedeno";"NTW: celostátní tisk";"Jak však ukázaly výsledky průzkumu , i u skupiny nejmladších";"respondentů do 26";"let má tuto zkušenost více než polovina z nich ,"
"1";"cs: čeština";"NMG: publicistika";"NEW: tradiční publicistika";"X: neuvedeno";"NTW: celostátní tisk";"Andrej Babiš . </s><s> Hong Kong : Za protesty vězení </s><s> Od";"osmi do 16";"měsíců ve vězení si má odsedět sedm organizátorů hongkongských masových"
"1";"cs: čeština";"NMG: publicistika";"NEW: tradiční publicistika";"X: neuvedeno";"NTW: celostátní tisk";"k orálnímu sexu v blíže neurčené době od 23 .";"října do 7";". listopadu 2017 , kdy ji pozval do bytu k"
"1";"cs: čeština";"NMG: publicistika";"NEW: tradiční publicistika";"X: neuvedeno";"NTW: celostátní tisk";"cyrilometodějská teologická fakulta , která přijímá přihlášky od 17 .";"června do 31";". července . </s><s> „ Zájemci se mohou hlásit na bakalářské"
"1";"cs: čeština";"NMG: publicistika";"NEW: tradiční publicistika";"X: neuvedeno";"NTW: celostátní tisk";"traktu a přilehlém okolí pražské Betlémské kaple od 11 .";"září do 10";". října . </s><s> Mezi autory budou například Alena Šrámková ,"
"1";"cs: čeština";"NMG: publicistika";"NEW: tradiční publicistika";"X: neuvedeno";"NTW: celostátní tisk";"návštěvníci obdivovat v Galerii Vystaveno na třídě ČSA v Hradci";"Králové do 8";". prosince . </s><s> Vláda plánuje investice za pět bilionů </s><s> Vláda"
"1";"cs: čeština";"NMG: publicistika";"NEW: tradiční publicistika";"X: neuvedeno";"NTW: celostátní tisk";". </s><s> Ať už šlo o vydání údajného ruského hackera Jevgenije";"Nikulina do USA";", vyhošťování ruských špionů nebo varování , že plánovaná jaderná"
"1";"cs: čeština";"NMG: publicistika";"NEW: tradiční publicistika";"X: neuvedeno";"NTW: celostátní tisk";"<s> Karel Srp ( jde o syna stejnojmenného bývalého šéfa Jazzové";"sekce ) do GHMP";"nastoupil už v roce 1987 a v letech 2005 –"
"1";"cs: čeština";"NMG: publicistika";"NEW: tradiční publicistika";"X: neuvedeno";"REG: regionální tisk";"kraji vyfotili a natočili asi stovku dětí ve věku od";"sedmi do 18";"let a pak filmy a fotografie dodávali zahraničním klientům . </s>"
"1";"cs: čeština";"NMG: publicistika";"NEW: tradiční publicistika";"X: neuvedeno";"REG: regionální tisk";"vzestupu . </s><s> Zdena Blašková , která sice už přestoupila z";"Prachatic do SK";"Dobré , ale přesto zůstává srdcem Jihočeškou , obsadila na"
"1";"cs: čeština";"NMG: publicistika";"NEW: tradiční publicistika";"X: neuvedeno";"REG: regionální tisk";"tie-breaku finále skončila pouť softbalistek Snails Kunovice na mistrovství republiky";"juniorek do 19";"let . </s><s> Výběr kouče Pavla Křiváka vybojoval v Praze i"
"1";"cs: čeština";"NMG: publicistika";"NEW: tradiční publicistika";"X: neuvedeno";"REG: regionální tisk";"na jejich čin ministr vnitra Chovanec následně program přijímání křesťanských";"uprchlíků do ČR";"pozastavil . </s><s> Škola bude muset peníze na azylanty vrátit </s><s> Ačkoliv"
"1";"cs: čeština";"NMG: publicistika";"NEW: tradiční publicistika";"X: neuvedeno";"REG: regionální tisk";"sdělila největší osobnost olomouckého výběru . </s><s> Právě Kobylík , mistr";"Evropy do 21";"let z roku 2002 , který prošel francouzskou , německou"
"1";"cs: čeština";"NMG: publicistika";"NEW: tradiční publicistika";"X: neuvedeno";"REG: regionální tisk";"Expozice v Alžbětiných lázních bude k vidění od 16 .";"září do 30";". října 2016 . </s><s> Otevřeno denně kromě pondělí 9 ."
"1";"cs: čeština";"NMG: publicistika";"NEW: tradiční publicistika";"X: neuvedeno";"REG: regionální tisk";"hod . – VÁLKA NA UKRAJINĚ . </s><s> Přednáška . </s><s> Galerie";"Kaple do 24";". listopadu – EVA KOŤÁTKOVÁ . </s><s> Galerie Sýpka do 18"
"1";"cs: čeština";"NMG: publicistika";"NEW: tradiční publicistika";"X: neuvedeno";"REG: regionální tisk";"– Kvůli zhotovování nové plynové přípojky bude od 1 .";"července do 5";". července neprůjezdná část jindřichohradecké ulice Mládežnické . </s><s> „ Jedná"
"1";"cs: čeština";"NMG: publicistika";"NEW: tradiční publicistika";"X: neuvedeno";"REG: regionální tisk";"Kampě uskuteční v druhé polovině roku , od 11 .";"srpna do 12";". listopadu . </s><s> Broušené ozdoby z Preciosy ozdobí také kolekci"
"1";"cs: čeština";"NMG: publicistika";"NEW: tradiční publicistika";"X: neuvedeno";"REG: regionální tisk";"lokalitě pod firmou Osiva , mají rozlohu od 880 metrů";"čtverečních do 1090";"metrů . </s><s> Jak starosta dodal , stanovit vyvolávací cenu za"
"1";"cs: čeština";"NMG: publicistika";"NEW: tradiční publicistika";"X: neuvedeno";"REG: regionální tisk";"<s> · Zaměstnavatel roku 2018 do 5000 zaměstnanců : Kategorie Zaměstnavatel";"roku do 5000";"zaměstnanců oceňuje středně velké společnosti , které mají obvykle výrazné"
"1";"cs: čeština";"NMG: publicistika";"NEW: tradiční publicistika";"X: neuvedeno";"REG: regionální tisk";"veřejné služby , rekordních 241 milionů korun za bezplatnou dopravu";"dětí do 6";"let a slevy pro studenty a zdravotně postižené . </s><s> V"
"1";"cs: čeština";"NMG: publicistika";"NEW: tradiční publicistika";"X: neuvedeno";"REG: regionální tisk";"první den domácího mistrovství Evropy v silniční cyklistice juniorů a";"jezdců do 23";"let slaví Česjuniorů ká republika medaili . </s><s> V časovce žen"
"1";"cs: čeština";"NMG: publicistika";"NEW: tradiční publicistika";"X: neuvedeno";"REG: regionální tisk";"uskuteční o měsíc dřív , a to od 29 .";"května do 2";". června 2019 s názvem J & T Banka Ostrava"
"1";"cs: čeština";"NMG: publicistika";"NEW: tradiční publicistika";"X: neuvedeno";"REG: regionální tisk";"branou do uzavřené části městyse Karlštejn přenesou do doby dávno";"minulé , do 14";". století Otce vlasti . </s><s> Bohatý dvoudenní program potěší malé"
"1";"cs: čeština";"NMG: publicistika";"NEW: tradiční publicistika";"X: neuvedeno";"REG: regionální tisk";"uživí , “ pravil s úsměvem Ondřej Nemrava nejlepší sportovec";"Kunovic do 15";"let . </s><s> VÍTĚZNÝ HATTRICK </s><s> A kdo byl nominován mezi dospěláky"
"1";"cs: čeština";"NMG: publicistika";"NEW: tradiční publicistika";"X: neuvedeno";"REG: regionální tisk";"Mnichově si to zopakovala a Adamovská skončila ve starší kategorii";"dívek do 18";"let šestá . </s><s> „ Už jen vejít se do první"
"1";"cs: čeština";"NMG: publicistika";"NEW: tradiční publicistika";"X: neuvedeno";"REG: regionální tisk";"délka trati 4,8 km , přihlášky do pátku 12 .";"října do 20";"hodin přes přihlašovací formulář na . cz , přihlásit se"
"1";"cs: čeština";"NMG: publicistika";"NEW: tradiční publicistika";"X: neuvedeno";"REG: regionální tisk";". 10 . </s><s> Konopí – minulost i budoucnost – Zámek";"Kinských , do 11";". 11 . </s><s> Ať žije republika ! – Výstava představující"
"1";"cs: čeština";"NMG: publicistika";"NEW: tradiční publicistika";"X: neuvedeno";"REG: regionální tisk";"Malinová na čáslavském Čeplově budou v termínu jsou 18 .";"února do 15";". dubna uzavřeny . </s><s> Důvodem uzavírky je rekonstrukce plynovodu a"
"1";"cs: čeština";"NMG: publicistika";"NEW: tradiční publicistika";"X: neuvedeno";"REG: regionální tisk";". </s><s> Výstava v Chodském hradu Kdy : od 5 .";"dubna do 12";". května Kde : Chodský hrad , Domažlice Co :"
"1";"cs: čeština";"NMG: publicistika";"NEW: tradiční publicistika";"X: neuvedeno";"REG: regionální tisk";", na kterou nikdo nedosáhl . </s><s> Domácí neměli vyjma přímého";"kopu do 25";". minuty nic , a tak jim hosté pomohli chybou"
"1";"cs: čeština";"NMG: publicistika";"NEW: tradiční publicistika";"X: neuvedeno";"REG: regionální tisk";"úřad podle něj vyhověl žádosti Milevského kraje a prodloužil splatnost";"úhrady do 31";". ledna roku 2020 . </s><s> Zmíněnou částku ale společnost nemá"
"1";"cs: čeština";"NMG: publicistika";"NEW: tradiční publicistika";"X: neuvedeno";"REG: regionální tisk";"Váňa , Nedachlebice OSŽ - MA , zákaz výkonu všech";"funkcí do 6";". 10 . 2019 , § 50 / 3 ,"
"1";"cs: čeština";"NMG: publicistika";"NEW: tradiční publicistika";"X: neuvedeno";"REG: regionální tisk";"Zlatá Pecka Chrudim , který se uskuteční od 25 .";"srpna do 2";". září a vedle Chrudimi zavítá i do Pardubic ,"
"1";"cs: čeština";"NMG: publicistika";"NEW: tradiční publicistika";"X: neuvedeno";"REG: regionální tisk";". </s><s> A to během otvírací doby Květné zahrady od 8";"hodin do 18";". 30 hodin . </s><s> Hokejky , puky a šikana </s><s> Modrožluté"
"1";"cs: čeština";"NMG: publicistika";"NEW: tradiční publicistika";"X: neuvedeno";"REG: regionální tisk";"fotografií Mariana Siedlaczka a Mariana Palowského z cesty do New";"Yorku do 31";". 8 . v kavárně a čítárně Avion . </s><s> KRUHY"
"1";"cs: čeština";"NMG: publicistika";"NEW: tradiční publicistika";"X: neuvedeno";"REG: regionální tisk";"a jeho obyvatelé odvlečeni do koncentračních táborů . </s><s> Památník životické";"tragédie do 14";". 1 . 2020 FILMOVÉ KOMEDIE A ROMANTIKA – výstava"
"1";"cs: čeština";"NMG: publicistika";"NEW: tradiční publicistika";"X: neuvedeno";"REG: regionální tisk";"čísle 727 838 248 ( je třeba ji udělat do";"pátku do 17";": 00 ) . </s><s> Vstupné : děti do 6 let"
"1";"cs: čeština";"NMG: publicistika";"NEW: tradiční publicistika";"X: neuvedeno";"REG: regionální tisk";"Šik , který stejně jako Hruška také stojí za postupem";"Baníku do Chance";"ligy . </s><s> Na střídavých startech bude Stadionu pomáhat další šestice"
"1";"cs: čeština";"NMG: publicistika";"NEW: tradiční publicistika";"X: neuvedeno";"REG: regionální tisk";"prací bude probíhat ve vstupních prostorách knihovny od 3 .";"října do 30";". října 2019 . </s><s> Výtvarná dílna – Skládání z papíru </s>"
"1";"cs: čeština";"NMG: publicistika";"NEW: tradiční publicistika";"X: neuvedeno";"REG: regionální tisk";"00 – 17 : 00 v 1 . </s><s> patře sokolovského";"zámku ( do 15";". září ) . </s><s> VÝSTAVA Lesy kolem nás – Vyhodnocení"
"1";"cs: čeština";"NMG: publicistika";"NEW: tradiční publicistika";"X: neuvedeno";"REG: regionální tisk";"a ilustrace . </s><s> Výstava se bude konat v atriu městské";"knihovny ( do 8";". prosince ) . </s><s> Loketští rodáci – Výstava , která"
"1";"cs: čeština";"NMG: publicistika";"LEI: volnočasová publicistika";"X: neuvedeno";"HOU: bydlení, zahrada, hobby";"stavby a vyhrajte pobyt ve srubu ! </s><s> Od 21 .";"února do 2";". března můžete hlasovat pro nejlepší stavby v anketě Dřevěná"
"1";"cs: čeština";"NMG: publicistika";"LEI: volnočasová publicistika";"X: neuvedeno";"HOU: bydlení, zahrada, hobby";"udělat radost ! </s><s> V objednávce zadejte kód : KREATIV </s><s> Platnost";"kódu : do 31";". 12 . 2018 Omezení : neplatí na již zlevněné"
"1";"cs: čeština";"NMG: publicistika";"LEI: volnočasová publicistika";"X: neuvedeno";"HOU: bydlení, zahrada, hobby";"i zábavu . </s><s> V objednávce zadejte kód : KREATIV Platnost";"kódu : do 31";". 12 . 2018 Platí na vše bez omezení . </s>"
"1";"cs: čeština";"NMG: publicistika";"LEI: volnočasová publicistika";"X: neuvedeno";"HOU: bydlení, zahrada, hobby";"<s> 100 let československé architektury představí pražský Mánes od 15 .";"září do 10";". října . </s><s> Co budu dneska šít ? </s><s> Když si"
"1";"cs: čeština";"NMG: publicistika";"LEI: volnočasová publicistika";"X: neuvedeno";"LIF: životní styl";", CONCORD AIR SAFE , 2690 Kč , </s><s> Od první";"jízdy do asi";"12 let , JOIE Every Stage , 5770 Kč ,"
"1";"cs: čeština";"NMG: publicistika";"LEI: volnočasová publicistika";"X: neuvedeno";"LIF: životní styl";"namleté pistáciové ořechy . </s><s> PLACATÉ KULIČKY SE SLANÝM KARAMELEM </s><s> DOBA";"PŘÍPRAVY : DO 1";"HODINY </s><s> POTŘEBUJETE ( na 25 až 30 kousků ) :"
"1";"cs: čeština";"NMG: publicistika";"LEI: volnočasová publicistika";"X: neuvedeno";"LIF: životní styl";"WEST můžete obdivovat v pražské Leica Gallery od 14 .";"září do 19";". listopadu . </s><s> Z výstavy děl mladých sklářů </s><s> Manželé Lobkowiczovi </s>"
"1";"cs: čeština";"NMG: publicistika";"LEI: volnočasová publicistika";"X: neuvedeno";"LIF: životní styl";". </s><s> Pečte 30 minut při 180 ° C . </s><s> DOBA";"PŘÍPRAVY : DO 1";"HODINY DOBA PEČENÍ : 30 MINUT </s><s> MASOVÉ RAGÚ POD </s><s> BRAMBOROVOU"
"1";"cs: čeština";"NMG: publicistika";"LEI: volnočasová publicistika";"X: neuvedeno";"LIF: životní styl";"<s> Nejkrásnější by bylo využít velkého vodního trigonu od 30 .";"května do 3";". června . </s><s> 9 . – 12 . dubna se"
"1";"cs: čeština";"NMG: publicistika";"LEI: volnočasová publicistika";"X: neuvedeno";"LIF: životní styl";"tělem i duší s přezdívkou Ouřa . </s><s> Cílem tréninků u";"dětí do 12";"let je především naučit se pohybovat a osvojit si základní"
"1";"cs: čeština";"NMG: publicistika";"LEI: volnočasová publicistika";"X: neuvedeno";"LIF: životní styl";"“ </s><s> HOROSKOP </s><s> CO MŮŽETE OČEKÁVAT V TÝDNU OD 26 . </s><s>";"SRPNA DO 1";". </s><s> ZÁŘÍ ? </s><s> VÍCE NA HOROSKOPY . </s><s> BLESK . </s><s> CZ </s>"
"1";"cs: čeština";"NMG: publicistika";"LEI: volnočasová publicistika";"X: neuvedeno";"LIF: životní styl";"třeba přes Tuicars . com ) , nebo Pugliabusem z";"letiště do Matery";"( od tří eur na osobu , jednosměrně ) . </s>"
"1";"cs: čeština";"NMG: publicistika";"LEI: volnočasová publicistika";"X: neuvedeno";"LIF: životní styl";", prostor s výjimečným geniem loci , od 19 .";"července do 10";". srpna rozezní moderní gospely , slavné operní árie ,"
"1";"cs: čeština";"NMG: publicistika";"LEI: volnočasová publicistika";"X: neuvedeno";"SCT: společenský život";"je u konce . </s><s> Trenér Jakub Dovalil končí u reprezentačního";"týmu do 21";"let . </s><s> Šéf svazu Pelta a člen výkonnéhoného výboru Paclík"
"1";"cs: čeština";"NMG: publicistika";"LEI: volnočasová publicistika";"X: neuvedeno";"SCT: společenský život";"<s> Fotbal </s><s> Záložník Kamil Vacek přestoupil za necelých 7 milionů ze";"Sparty do Piastu";"Gliwice , kde hostoval . </s><s> Pavel Krmaš dovedl jako kapitán"
"1";"cs: čeština";"NMG: publicistika";"LEI: volnočasová publicistika";"X: neuvedeno";"SCT: společenský život";"Kometě aspoň ušetřil rozpočet , “ kývl a zalitoval odchodu";"Kempného do KHL";". </s><s> Špatný čas </s><s> A třetí Lojzův argument ? </s><s> „ Asi"
"1";"cs: čeština";"NMG: publicistika";"LEI: volnočasová publicistika";"X: neuvedeno";"SCT: společenský život";"byly při duelu Uruguay – Egypt poloprázdné , stojí 550";"dolarů do (";"12 200 Kč ) , asi není leckdo překonal strach"
"1";"cs: čeština";"NMG: publicistika";"LEI: volnočasová publicistika";"X: neuvedeno";"SCT: společenský život";". </s><s> Za 20 let jen polovina vojáků </s><s> PRAHA – Od";"vstupu do NATO";"ubyla ministerstvu obrany polovinu vojáků a civilních zaměstnanců . </s><s> Zatímco"
"1";"cs: čeština";"NMG: publicistika";"LEI: volnočasová publicistika";"X: neuvedeno";"SCT: společenský život";"12 dní </s><s> 3 KROKY K PLNÉ POHYBLIVOSTI </s><s> bez operování kovových";"prvků do kyčli";"a kolen . </s><s> Jak to funguje ? </s><s> Systematické užívání nového"
"1";"cs: čeština";"NMG: publicistika";"LEI: volnočasová publicistika";"X: neuvedeno";"SPO: sport";"<s> Všichni tím dávají najevo ochotu vyslyšet v případě nepostupu jejich";"klubů do play";"off jarní volání o pomoc . </s><s> Po kempu mladých extraligových"
"1";"cs: čeština";"NMG: publicistika";"LEI: volnočasová publicistika";"X: neuvedeno";"SPO: sport";"úspěchů , nedokázal prosadit v zahraničí . </s><s> Na mistrovství světa";"hráčů do 20";"let ve Spojených arabských emirátech v roce 2003 zanechal z"
"1";"cs: čeština";"NMG: publicistika";"LEI: volnočasová publicistika";"X: neuvedeno";"SPO: sport";"i přes vysoké ambice ocitli čeští hokejisté na mistrovství světa";"hráčů do 18";"let . </s><s> Pouhé čtyři body získané v základní skupině jim"
"1";"cs: čeština";"NMG: publicistika";"LEI: volnočasová publicistika";"X: neuvedeno";"SPO: sport";"svěřenci </s><s> HAPPY END </s><s> Posílen vítězstvím , které zaručilo čtvrtfinále MS";"hráčů do 20";"let , vstupuje český hokej do posledního dne roku 2017"
"1";"cs: čeština";"NMG: publicistika";"LEI: volnočasová publicistika";"X: neuvedeno";"SPO: sport";"Mnichov či Inter Milán , působil v roli brankářské jedničky";"týmu do 16";"let , který došel až do finále , kde Salcburk"
"1";"cs: čeština";"NMG: publicistika";"LEI: volnočasová publicistika";"X: neuvedeno";"SPO: sport";"čtvrt hodiny za vítězem . </s><s> Carapaz , jenž vede pořadí";"jezdců do 25";"let , nastoupil v závěrečném táhlém stoupání necelé dva kilometry"
"1";"cs: čeština";"NMG: publicistika";"LEI: volnočasová publicistika";"X: neuvedeno";"SPO: sport";"velkoklubů . </s><s> Čtyřiadvacetiletý slávistický stožár nastoupil v probíhající sezoně včetně";"reprezentace do 43";"zápasů a odehrál v nich 3848 minut . </s><s> Jeho porovnání"
"1";"cs: čeština";"NMG: publicistika";"LEI: volnočasová publicistika";"X: neuvedeno";"SPO: sport";"jestli a jak zvládl přechod mezi dospělé . </s><s> top 10";"hráčů do 20";"let </s><s> 1 . Martin Nečas útočník zápasy 64 body 52"
"1";"cs: čeština";"NMG: publicistika";"LEI: volnočasová publicistika";"X: neuvedeno";"SPO: sport";". </s><s> Připomenu , o co jde . </s><s> Členové hokejové reprezentace";"Slovenska do 20";"let a část slovenské veřejnosti útočí na trenéra Bokroše kvůli"
"1";"cs: čeština";"NMG: publicistika";"LEI: volnočasová publicistika";"X: neuvedeno";"INT: zajímavosti ze světa";"z minulých let , které totálně šláply vedle ... </s><s> Z";"Bratislavy do vídně";"za 8 minut </s><s> Bratislava byla vybrána mezi města , kde"
"1";"cs: čeština";"NMG: publicistika";"LEI: volnočasová publicistika";"X: neuvedeno";"INT: zajímavosti ze světa";"DOX v Praze je kurátorem výstavy Před očima : Příběhy";"Iráku ( do 8";". 1 . 2018 ) „ Příběh Samíra a jeho"
"1";"cs: čeština";"NMG: publicistika";"LEI: volnočasová publicistika";"X: neuvedeno";"INT: zajímavosti ze světa";"nebo píší počítačové kódy a po třicítce inkasují ze svých";"aktiv , do Engineeru";"ještě nedorazily . </s><s> Nicméně Peter byl lapen . </s><s> Když ho"
"1";"cs: čeština";"NMG: publicistika";"LEI: volnočasová publicistika";"X: neuvedeno";"INT: zajímavosti ze světa";"v Severní Karolíně chování 24 lemuřích mláďat ve věku od";"tří do 30";"měsíců . </s><s> Sledovali je , jak si hrají , vzájemně"
"1";"cs: čeština";"NMG: publicistika";"LEI: volnočasová publicistika";"X: neuvedeno";"MIX: společnost";"<s> Pasažéři jednoho z letů americké společnosti Delta Air Lines ze";"Seattlu do Salt";"Lake City nevěřili svým očím , když zjistili , že"
"1";"cs: čeština";"NMG: publicistika";"LEI: volnočasová publicistika";"X: neuvedeno";"MIX: společnost";"oklepat a znovu a znovu naskakoval plný výbušné energie a";"optimismu do neskutečně";"zamotané a místy už téměř ztracené bitvy o Brazílii . </s>"
"3";"cs: čeština";"NFC: oborová literatura";"POP: populárně naučná literatura";"FTS: formální a technické vědy";"ICT: výpočetní technika";"na to </s><s> 1 Instalace a aktivace </s><s> Pro instalaci plné verze";"programu Do Your";"Data Recovery Professional budete potřebovat licenční kód , který získáte"
