"1";"cs: čeština";"NMG: publicistika";"NEW: tradiční publicistika";"X: neuvedeno";"REG: regionální tisk";"dnech . </s><s> Domažličtí zastupitelé rozhodli , že částka 12,6 milionu";"korun bez DPH";", která byla ušetřena při rekonstrukci bazénu , bude použita"
"1";"cs: čeština";"NMG: publicistika";"NEW: tradiční publicistika";"X: neuvedeno";"NTW: celostátní tisk";"rozebrána úmyslně . </s><s> Prochází generální rekonstrukcí za zhruba 2,67 miliónu";"korun ( bez DPH";") tak , aby příští rok mohla v obnoveném hávu"
"1";"cs: čeština";"NFC: oborová literatura";"SCI: odborná literatura";"NAT: přírodní vědy";"MED: lékařství";"29 % diabetiků s kardiální autonomní neuropatií oproti 6 %";"diabetiků bez KAN";"( Ziegler , 1994 ) . </s><s> Vyvolávající příčinou je asi"
"1";"cs: čeština";"NFC: oborová literatura";"SCI: odborná literatura";"NAT: přírodní vědy";"MED: lékařství";"se jak u pacientů s OH , tak i u";"pacientů bez OH";", a to nezávisle na koexistující arteriální hypertenzi a terapii"
"1";"cs: čeština";"NFC: oborová literatura";"PRO: profesní literatura";"FTS: formální a technické vědy";"TEC: technika";", rozvaděče , čerpadla atd . ) , tak z";"nich bez velmi";"dobré erudice , znalostí a metodik nepostavíte výkonný , přesný"
"1";"cs: čeština";"NFC: oborová literatura";"POP: populárně naučná literatura";"SSC: sociální vědy";"PSY: psychologie";"dodávají , že tzv . volný svazek , bez manželského";"slibu , bez veřejně";"deklarovaného závazku , je přece jen „ volnější “ než"
"1";"cs: čeština";"NMG: publicistika";"LEI: volnočasová publicistika";"X: neuvedeno";"LIF: životní styl";"uviděl v zrcadle kulatý . </s><s> Po třiceti letech a tisícovkách";"sklapovaček , bez anolini";"( plněné těstoviny z Piacenzy , kde se narodil )"
"1";"cs: čeština";"NMG: publicistika";"NEW: tradiční publicistika";"X: neuvedeno";"NTW: celostátní tisk";"předseda KDU - ČSL Pavel Bělobrádek navrhl menšinovou vládu změti";"demokratů bez ANO";", zato podporovanou ANO . </s><s> Dokonalým řešením kvadratury kruhu se"
"1";"cs: čeština";"NFC: oborová literatura";"SCI: odborná literatura";"HUM: humanitní vědy";"ANT: antropologie, etnografie";"<s> Jakkoli se nelze pro praktický chod </s><s> společnosti ( alespoň evropského";"typu ) bez snadno";"přehlédnutelných předpisů o dobrém a zlém obejít , je příznakem"
"1";"cs: čeština";"NMG: publicistika";"NEW: tradiční publicistika";"X: neuvedeno";"NTW: celostátní tisk";"skupiny Alphabet , dostala stala povolení ke komerčnímu mu provozu";"taxislužby bez ez";"řidiče . </s><s> Jedná se o vůbec ec první povolení k"
"1";"cs: čeština";"NFC: oborová literatura";"POP: populárně naučná literatura";"FTS: formální a technické vědy";"ICT: výpočetní technika";"dlouhý numerického Shift , střední velký blok , Enter ,";"bloku bez 8";"</s><s> bez příslušenství 0 textilní obal , spona 8 kláves k"
"1";"en: angličtina";"NFC: oborová literatura";"POP: populárně naučná literatura";"FTS: formální a technické vědy";"MAT: matematika";"žurnálu Statistical Science Berry uvedl , že „ náhodné přiřazování";"terapie bez ECMO";"pacientům , jako tomu bylo ve Wareově studii , je"
"1";"cs: čeština";"NMG: publicistika";"NEW: tradiční publicistika";"X: neuvedeno";"NTW: celostátní tisk";"výše nájemného , minimální částka byla stanovena na 649 306";"korun bez DPH";"za rok . </s><s> Povodí Vltavy nakonec soutěž zrušilo a rozhodlo"
"1";"cs: čeština";"NMG: publicistika";"NEW: tradiční publicistika";"X: neuvedeno";"NTW: celostátní tisk";"potrvají do konce příštího roku a vyžádají si 82,9 milionu";"korun bez DPH";". </s><s> Uzavření mostu nepříznivě zasáhlo do života 1 500 obyvatel"
"1";"cs: čeština";"NMG: publicistika";"NEW: tradiční publicistika";"X: neuvedeno";"NTW: celostátní tisk";"terasy a sociálního zařízení za bezmála dva a půl miliónu";"korun bez DPH";". </s><s> „ První etapu jsme dokončili loni a zahrnovala přestavbu"
"1";"cs: čeština";"NMG: publicistika";"NEW: tradiční publicistika";"X: neuvedeno";"REG: regionální tisk";"se přihlásila jedna firma , která nabídla cenu 840 tisíc";"korun bez DPH";". </s><s> Písek – Průchod z Heydukovy ulice do Palackého sadů"
"1";"cs: čeština";"NFC: oborová literatura";"PRO: profesní literatura";"NAT: přírodní vědy";"AGR: zemědělství, chovatelství";"také o úpravě agrotechnických postupů ve vztahu k sestavení krmných";"dávek bez GM";"krmiv . </s><s> Jedním z témat bylo využití nových technologií sklizně"
"1";"cs: čeština";"NMG: publicistika";"NEW: tradiční publicistika";"X: neuvedeno";"NTW: celostátní tisk";"přes den , odměna za držení pohotovosti je 25 400";"korun bez DPH";"denně a při nasazení vrtulníku bude ministerstvo platit 15 950"
"1";"cs: čeština";"NMG: publicistika";"NEW: tradiční publicistika";"X: neuvedeno";"NTW: celostátní tisk";"v Palackého ulici ŘSD přijde na tři miliony 281 tisíc";"korun bez DPH";". </s><s> O této úpravě se v Přerově mluví už dvacet"
"1";"cs: čeština";"NMG: publicistika";"NEW: tradiční publicistika";"X: neuvedeno";"NTW: celostátní tisk";"výnos ze všech parkovišť činí zhruba dva až 2,5 milionu";"korun bez DPH";", “ uvedla mluvčí frýdeckomístecké radnice Jana Matějíková . </s><s> V"
"1";"cs: čeština";"NMG: publicistika";"NEW: tradiční publicistika";"X: neuvedeno";"NTW: celostátní tisk";"stop a jedna taková jízda stojí podle starosty 18 tisíc";"korun bez DPH";". </s><s> „ Zpoplatnit stopu jako v jiných státech by bylo"
"1";"cs: čeština";"NFC: oborová literatura";"POP: populárně naučná literatura";"ITD: interdisciplinární";"ITD: interdisciplinární";". </s><s> Provozovat v nouzi staré auto s karburátorem bez všech";"vymožeností ( bez lambda";"sondy apod . ) Kontrolovat kvalitu uloženého benzinu a vytvořit"
"1";"cs: čeština";"NMG: publicistika";"NEW: tradiční publicistika";"X: neuvedeno";"NTW: celostátní tisk";"by za ně ministerstvo podle předpokladů zaplatilo až 1,498 miliardy";"korun bez DPH";". </s><s> Mladí mají partnera , ale bydlí sami </s><s> Poptávka po"
"1";"cs: čeština";"NMG: publicistika";"NEW: tradiční publicistika";"X: neuvedeno";"NTW: celostátní tisk";". </s><s> „ Cena tepla se v Brně zvýší o 4,5";"procenta bez DPH";". </s><s> Domácnosti připojené na centrální zásobování teplem však toto opatření"
"1";"cs: čeština";"NFC: oborová literatura";"POP: populárně naučná literatura";"ITD: interdisciplinární";"ITD: interdisciplinární";"vedoucí k otylosti byla u nich vyšší než u transgenních";"myší bez TRPV1";". </s><s> Ukázalo se , že právě tuky vyřazují receptory TRP"
"1";"cs: čeština";"NMG: publicistika";"NEW: tradiční publicistika";"X: neuvedeno";"NTW: celostátní tisk";"uších . </s><s> Cena za to všechno je přibližně 28 tisíc";"eur bez DPH";", tedy zhruba 700 tisíc korun . </s><s> Nadšení z odpadků </s>"
"1";"en: angličtina";"NFC: oborová literatura";"POP: populárně naučná literatura";"SSC: sociální vědy";"REC: sport, rekreace, hobby";"nevykážete . </s><s> Koncept č . 19 : Nedorovnávejte do zabezpečeného";"banku bez velmi";"dobré kombinace . </s><s> Zabezpečený bank je takový , v němž"
"1";"cs: čeština";"NMG: publicistika";"NEW: tradiční publicistika";"X: neuvedeno";"NTW: celostátní tisk";"“ upozornil . </s><s> Znalecký posudek stanovil částku přes 2,8 miliónu";"korun bez DPH";"na celý komplet , firma Kapucín ho městu nabídla za"
"1";"cs: čeština";"NMG: publicistika";"NEW: tradiční publicistika";"X: neuvedeno";"NTW: celostátní tisk";"Praha od začátku provozu Lítačky zaplatila Operátorovi ICT 14,8 milionu";"korun bez DPH";". </s><s> Od začátku července platí 123 000 korun bez DPH"
"1";"cs: čeština";"NFC: oborová literatura";"POP: populárně naučná literatura";"FTS: formální a technické vědy";"TEC: technika";"verze ( s menší pamětí ) pak vyjde na 350";"eur bez DPH";"( cca 11 500 Kč i s daní , bez"
"1";"cs: čeština";"NMG: publicistika";"NEW: tradiční publicistika";"X: neuvedeno";"REG: regionální tisk";"bez DPH . </s><s> Celkem rekonstrukce vyjde na 291 880 114";"korun bez DPH";". </s><s> Zahájena bude 2 . července a potrvá do 31"
"1";"cs: čeština";"NMG: publicistika";"NEW: tradiční publicistika";"X: neuvedeno";"REG: regionální tisk";"vysoká , když základní varianta začíná na částce 261 tisíc";"korun bez DPH";". </s><s> Takovou reakci budete mít vždycky . </s><s> Neříkám , že"
"1";"cs: čeština";"NFC: oborová literatura";"SCI: odborná literatura";"SSC: sociální vědy";"PSY: psychologie";", neboť se spoléhali na ochrannou funkci ABS ; řidiči";"vozů bez ABS";"pak údajně řídili opatrněji , protože se v nebezpečných situacích"
"1";"cs: čeština";"NMG: publicistika";"NEW: tradiční publicistika";"X: neuvedeno";"NTW: celostátní tisk";"<s> Se základním motorem začíná cena vozu na částce 541 000";"korun bez DPH";". </s><s> Hyundai H - 1 Van je jednoduše pojatý model"
"1";"cs: čeština";"NMG: publicistika";"NEW: tradiční publicistika";"X: neuvedeno";"NTW: celostátní tisk";", doprovodných služeb , demontáže a úklidu zaplatí zhruba 4,5";"milionu bez DPH";". </s><s> Radnice Prahy 8 otevře 25 . listopadu ledovou plochu"
"1";"cs: čeština";"NFC: oborová literatura";"PRO: profesní literatura";"NAT: přírodní vědy";"MED: lékařství";"sobě apod . ) a poctivá snaha o výuku mladších";"kolegů bez málo";"sebevědomé a neimponující obavy z možné budoucí konkurence nesou ovoce"
"1";"cs: čeština";"NFC: oborová literatura";"POP: populárně naučná literatura";"SSC: sociální vědy";"LAW: právo";"Nelze připustit , aby volání na číslo 112 z mobilního";"telefonu bez SIM";"karty byla vyloučena z působnosti tohoto ustanovení , “ shrnul"
"1";"cs: čeština";"NMG: publicistika";"NEW: tradiční publicistika";"X: neuvedeno";"NTW: celostátní tisk";"by podle zadání tendru měla vyjít na maximálně 73 milionů";"korun bez DPH";", “ uvedl mluvčí magistrátu Vít Hofman . </s><s> Cílem veřejné"
"1";"cs: čeština";"NFC: oborová literatura";"ADM: administrativa";"ADM: administrativa";"ADM: administrativa";"nabídky tato dílčí kritéria : </s><s> kritérium váha kritéria </s><s> celková výše";"nákladů bez DPH";"v případě úspěšné aukce 70 % celková výše nákladů bez"
"1";"cs: čeština";"NMG: publicistika";"NEW: tradiční publicistika";"X: neuvedeno";"REG: regionální tisk";"<s> Půl kilometru se opraví v ulici Dukelská za půl milionu";"korun bez DPH";". </s><s> Téměř sedm set metrů nového chodníku vznikne také v"
"1";"cs: čeština";"NMG: publicistika";"NEW: tradiční publicistika";"X: neuvedeno";"REG: regionální tisk";"milionů korun . </s><s> Přitom původní projekt počítal s částkou 198";"milionů bez DPH";"</s><s> „ Nadjezd je výjimečný právě svojí konstrukcí podpěr , která"
"1";"cs: čeština";"NFC: oborová literatura";"SCI: odborná literatura";"SSC: sociální vědy";"REC: sport, rekreace, hobby";". Při závodech v drahách platí stejná pravidla jako u";"sportovců bez TP";". </s><s> V závodech nad 400 m nesmí sportovec při předjíždění"
"1";"cs: čeština";"NFC: oborová literatura";"SCI: odborná literatura";"NAT: přírodní vědy";"MED: lékařství";". </s><s> BED se u diabetické populace vyskytuje častěji než u";"pacientů bez DM";", i když jeho prevalence se v rámci specifických výzkumných"
"1";"cs: čeština";"NFC: oborová literatura";"PRO: profesní literatura";"FTS: formální a technické vědy";"TEC: technika";"snížila , protože technologický postup se zjednodušil . </s><s> Další výhodou";"fólie bez pokovu";"je větší prostup světla než u trojskla a především má"
"1";"cs: čeština";"NFC: oborová literatura";"POP: populárně naučná literatura";"FTS: formální a technické vědy";"TEC: technika";"začít prodávat ještě během léta , aktuální cena je 430";"eur bez DPH";"( po zdanění tedy půjde o více než 14 000"
"1";"cs: čeština";"NMG: publicistika";"NEW: tradiční publicistika";"X: neuvedeno";"NTW: celostátní tisk";". </s><s> Suverénně největší český e-shop měl loni obrat 25 miliard";"korun bez DPH";", meziročně vzrostl o 19,3 procenta . </s><s> Alzu vlastní holdingová"
"1";"cs: čeština";"NFC: oborová literatura";"SCI: odborná literatura";"SSC: sociální vědy";"PSY: psychologie";"pak způsobují situace , kdy se objeví pouze implicitní část";"vzpomínky bez „";"explicitního děje “ jako v případě mazlící se matky popsané"
"1";"cs: čeština";"NFC: oborová literatura";"SCI: odborná literatura";"HUM: humanitní vědy";"LAN: filologie";"pracovat s jednodušší podobou strukturních stromů , se syntaktickými zápisy";"vět bez nonterminálních";"symbolů a s poměrně malým počtem uzlů . </s><s> Pro teorii"
"1";"cs: čeština";"NFC: oborová literatura";"SCI: odborná literatura";"HUM: humanitní vědy";"ART: umění, architektura";"“ a „ pokrčeného otupeného akantu “ ) , jakožto";"něčeho bez vývojově";"pokrokových či specificky českých motivů , protože „ se vyskytuje"
"1";"cs: čeština";"NMG: publicistika";"NEW: tradiční publicistika";"X: neuvedeno";"NTW: celostátní tisk";"by měly být nižší . </s><s> Cena nového elektrobusu byla 13,1";"milionu bez DPH";", přičemž 85 procent nákladů uhradila EU . </s><s> Víc než"
"1";"cs: čeština";"NMG: publicistika";"NEW: tradiční publicistika";"X: neuvedeno";"REG: regionální tisk";"kdy vstoupíme do roku 2020 , vyjít na 200 tisíc";"korun bez DPH";". </s><s> KAM DÁL NA ŠKOLU ? </s><s> V TŘINCI se opět"
"1";"cs: čeština";"NMG: publicistika";"NEW: tradiční publicistika";"X: neuvedeno";"NTW: celostátní tisk";"by byl hodně blízko , zejména když je jediným z";"vedení bez „";"politické “ práce . </s><s> Místopředsedové Roman Onderka a Jaroslav Foldyna"
"1";"cs: čeština";"NFC: oborová literatura";"PRO: profesní literatura";"FTS: formální a technické vědy";"TEC: technika";"vzdálenostech po cca 120 mm a na téměř celou šířku";"stěny ( bez 50";"mm ) . následně je do otvorů vpravena infuzní směs"
"1";"cs: čeština";"NMG: publicistika";"NEW: tradiční publicistika";"X: neuvedeno";"REG: regionální tisk";". </s><s> V době odstávky bude možné požádat o vydání občanského";"průkazu bez strojově";"čitelných údajů s dobou platnosti 1 měsíc , za jehož"
"1";"en: angličtina";"FIC: beletrie";"NOV: próza";"X: neuvedeno";"X: neuvedeno";"se obrátila ke Kate . </s><s> „ Radši bych jela do";"nemocnice bez Jules";". </s><s> A Sebastian je bohužel , samozřejmě , v Římě"
"1";"cs: čeština";"NMG: publicistika";"NEW: tradiční publicistika";"X: neuvedeno";"NTW: celostátní tisk";"<s> Z toho stát Kapschi a jeho subdodavatelům zaplatil 16,3 miliardy";"korun bez DPH";". </s><s> Klíčové body jednání o budoucnosti mýta : </s><s> 9 ."
"1";"cs: čeština";"NMG: publicistika";"NEW: tradiční publicistika";"X: neuvedeno";"REG: regionální tisk";"nakonec se stavba vysoutěžila za 1 . 686 . 275";"korun bez DPH";". </s><s> Pro obec , která se na akci podílí třiceti"
"1";"cs: čeština";"NMG: publicistika";"NEW: tradiční publicistika";"X: neuvedeno";"REG: regionální tisk";"<s> Infrastrukturu by v průmyslové zóně měla zajistit za 53 milionů";"korun bez DPH";"společnost Strabag . </s><s> Listopad </s><s> Díky švýcarskočeské spolupráci vzniká ve Městě"
"1";"cs: čeština";"NMG: publicistika";"NEW: tradiční publicistika";"X: neuvedeno";"NTW: celostátní tisk";", která loni podle údajů celní správy dosáhla 19,7 milionu";"hektolitrů ( bez nealko";"piv ) , však mají tito nejmenší výrobci zhruba jen"
"1";"cs: čeština";"NMG: publicistika";"NEW: tradiční publicistika";"X: neuvedeno";"NTW: celostátní tisk";"ze silných předvolebních témat loni na podzim . </s><s> Kritici současného";"stavu bez „";"architektonického dohledu “ nejčastěji používali jako argumenty nepovedené zateplení kina"
"1";"cs: čeština";"NMG: publicistika";"NEW: tradiční publicistika";"X: neuvedeno";"NTW: celostátní tisk";"třetí a umožňuje DSA létat až do limitu dva miliony";"korun bez DPH";", přičemž podmínky jsou stejné jako dosud : DSA zajišťuje"
"1";"cs: čeština";"NMG: publicistika";"NEW: tradiční publicistika";"X: neuvedeno";"NTW: celostátní tisk";", že v případě projekčních nákladů ve výši 200 milionů";"korun bez DPH";"měla podle první smlouvy s povodím dosáhnout spoluúčast města třiceti"
"1";"cs: čeština";"NMG: publicistika";"NEW: tradiční publicistika";"X: neuvedeno";"REG: regionální tisk";"už schválilo zhotovitele občerstvení . </s><s> Za 4 miliony 900 tisíc";"korun bez DPH";"ho postaví firma SVS 2000 . </s><s> Jak uvedla primátorka Karlových"
"1";"cs: čeština";"NMG: publicistika";"NEW: tradiční publicistika";"X: neuvedeno";"NTW: celostátní tisk";"CZ – o písemné zdůvodnění způsobu stanovení mimořádně nízké nabídkové";"ceny bez DPH";"u některých dílčích cenových položek , “ uvedl mluvčí ÚOHS"
"1";"cs: čeština";"NMG: publicistika";"NEW: tradiční publicistika";"X: neuvedeno";"REG: regionální tisk";"inženýrských sítí . </s><s> Práce by měly vyjít na dva miliony";"korun bez DPH";". </s><s> ZAČAL FESTIVAL JÍDLA </s><s> DALŠÍ ROČNÍK oblíbeného Grand Restaurant Festivalu"
"1";"cs: čeština";"NFC: oborová literatura";"POP: populárně naučná literatura";"FTS: formální a technické vědy";"TEC: technika";"335 km / h . </s><s> Cena začíná na 465 000";"euro ( bez DPH";") . </s><s> V klasickém , ale moderně podaném pojetí je"
"1";"cs: čeština";"NFC: oborová literatura";"SCI: odborná literatura";"SSC: sociální vědy";"REC: sport, rekreace, hobby";"postavení ukážeme při výkladu techniky vrhu jednou rukou z čelného";"postavení bez i";"s rotací trupu se zapojením dolních končetin do pohybu . </s>"
"1";"cs: čeština";"NFC: oborová literatura";"SCI: odborná literatura";"SSC: sociální vědy";"LAW: právo";"vzhledem k jeho nepochybným negativním konotacím vůbec neužívat . </s><s> U";"opomenutí bez výše";"zmíněných okolností ( vylučujících de facto protiprávnost ) také není"
"1";"cs: čeština";"NFC: oborová literatura";"PRO: profesní literatura";"SSC: sociální vědy";"ECO: ekonomie, obchod, logistika";"ZÁVĚR : Všichni v KC si přejeme : „ Méně";"zákazníků bez ID";"kódu ! “ „ Den je hned veselejší , když"
"1";"cs: čeština";"NMG: publicistika";"NEW: tradiční publicistika";"X: neuvedeno";"REG: regionální tisk";"komfortní zázemí - bezbariérovost - cena stavby do 65 milionů";"korun bez DPH";"</s><s> Rožmberk </s><s> Od pátku 14 . října do neděle 16 ."
"1";"cs: čeština";"NFC: oborová literatura";"PRO: profesní literatura";"FTS: formální a technické vědy";"ICT: výpočetní technika";"s 8 nebo 16 GB RAM za ceny okolo 19";"tisíc bez DPH";", resp . 23 tisíc bez DPH . </s><s> TS -"
"1";"cs: čeština";"NMG: publicistika";"NEW: tradiční publicistika";"X: neuvedeno";"NTW: celostátní tisk";"výši 98 milionů bez DPH , druhá ve výši 146";"milionů bez DPH";". </s><s> V tom ovšem nejsou započítány náklady na projektového manažera"
"1";"cs: čeština";"NMG: publicistika";"LEI: volnočasová publicistika";"X: neuvedeno";"MIX: společnost";"dávkách . </s><s> Gram konopí se Elkoplast zavázal dodávat za 68";"korun bez DPH";", takže by ho mělo být možné pořídit za solidních"
"1";"cs: čeština";"NMG: publicistika";"LEI: volnočasová publicistika";"X: neuvedeno";"INT: zajímavosti ze světa";"<s> Rozjaření z toho , že jsem se odvážil – bez";"klece , bez kovem";"vyztuženého neoprenového obleku , a dokonce i bez tyče opatřené"
"1";"cs: čeština";"NMG: publicistika";"NEW: tradiční publicistika";"X: neuvedeno";"NTW: celostátní tisk";"letošního podzimu . </s><s> Předpokládaná cena této stavby je 6,5 miliardy";"korun bez DPH";". </s><s> Dálnice D 11 ( Praha – Hradec Králové –"
"1";"cs: čeština";"NFC: oborová literatura";"SCI: odborná literatura";"HUM: humanitní vědy";"LAN: filologie";"aniž uzavírá . </s><s> K tomu mohou být zaktivizovány všechny složky";"díla bez předem";"dané hierarchie a všechny ve svých souhrách a protihrách ("
"1";"cs: čeština";"NMG: publicistika";"LEI: volnočasová publicistika";"X: neuvedeno";"SCT: společenský život";"levé straně . </s><s> „ Město za to zaplatí 6,5 milionu";"korun bez DPH";", “ řekla mluvčí magistrátu Romana Macová . </s><s> Dodala ,"
"1";"cs: čeština";"NMG: publicistika";"NEW: tradiční publicistika";"X: neuvedeno";"REG: regionální tisk";"aukce se do boje o zakázku za necelých 90 milionů";"korun bez DPH";"přihlásil už jenom jeden další zájemce , a to stavební"
"1";"cs: čeština";"NFC: oborová literatura";"POP: populárně naučná literatura";"FTS: formální a technické vědy";"TEC: technika";", což se stává profíkům , kteří mají najeto spousty";"kilometrů bez ABS";", “ míní instruktor . </s><s> Jenže , jak říká jeho"
"1";"cs: čeština";"FIC: beletrie";"VER: poezie";"X: neuvedeno";"X: neuvedeno";"umělý krásy </s><s> ruce bez obalu </s><s> Dívám se </s><s> na přerušovaná setkání </s><s>";"očí </s><s> bez";"</s><s> obočí . </s><s> Plné tašky </s><s> vtlačí vedle </s><s> sebe </s><s> Pak někde </s><s> vystoupí </s>"
"1";"cs: čeština";"NMG: publicistika";"NEW: tradiční publicistika";"X: neuvedeno";"NTW: celostátní tisk";"Hradiště za nový vizuální styl pro marketingovou prezentaci zaplatilo 400";"tisíc bez DPH";", Plzeň dokonce více než milion korun . </s><s> Viktor Chrást"
"1";"cs: čeština";"NMG: publicistika";"NEW: tradiční publicistika";"X: neuvedeno";"NTW: celostátní tisk";"o inteligentní domácnosti . </s><s> Pokrývači a malíři se neobejdou bez";"dronů , bez 3D";"tiskáren se brzy neobejde nikdo . </s><s> Pokrok nezastavíš . </s><s> Jenže"
"1";"en: angličtina";"FIC: beletrie";"NOV: próza";"X: neuvedeno";"X: neuvedeno";"napadne . </s><s> „ Ale jak — jak ses dostal kolem";"strážných bez Stockhamova";"výslovného dovolení ? </s><s> Myslím tím , když ses vydal pro"
"1";"cs: čeština";"NFC: oborová literatura";"POP: populárně naučná literatura";"FTS: formální a technické vědy";"TEC: technika";": 133,5 mm </s><s> Šířka : 36 mm </s><s> Hmotnost : 740";"gramů bez";"</s><s> zásobníku </s><s> 820 gramů se </s><s> zásobníkem </s><s> Kapacita zásobníku : 15 nábojů </s>"
"1";"cs: čeština";"NMG: publicistika";"LEI: volnočasová publicistika";"X: neuvedeno";"HOU: bydlení, zahrada, hobby";"166,14 m2 , obestavěný prostor : 995,40 m3 , cena";"stavebnice bez DPH";"599 000 Kč , </s><s> DŮM LUCIE 54 </s><s> Dispozice : 7"
"1";"cs: čeština";"NFC: oborová literatura";"SCI: odborná literatura";"SSC: sociální vědy";"PSY: psychologie";"vydán a ocitá se ve stavu bezmocné úzkosti , neutuchajícího";"stresu bez (";"biologické ) možnosti obrany . </s><s> Autoprotektivní reakce , jimiž jedinec"
"1";"cs: čeština";"NMG: publicistika";"NEW: tradiční publicistika";"X: neuvedeno";"NTW: celostátní tisk";"Přednádraží vybudovala . </s><s> Náklady by měly dosáhnout necelých 146 milionů";"korun bez DPH";", což byla nejnižší cena , kterou čtyři uchazeči o"
"1";"cs: čeština";"NMG: publicistika";"NEW: tradiční publicistika";"X: neuvedeno";"REG: regionální tisk";"děti . </s><s> Náklady na rekonstrukci bez interiérů jsou 139 milionů";"korun bez DPH";". </s><s> Čtrnáct milionů zaplatí dotace . </s><s> ZAHÁJENÍ SEZONY PAMÁTEK </s><s> Zámek"
"1";"cs: čeština";"NMG: publicistika";"NEW: tradiční publicistika";"X: neuvedeno";"NTW: celostátní tisk";". </s><s> Předpokládaná hodnota investiční akce je vyčíslena na 1,2 miliardy";"korun bez DPH";". </s><s> Jedná se o novostavbu dvoupruhové komunikace o délce 4,867"
"1";"cs: čeština";"NFC: oborová literatura";"PRO: profesní literatura";"NAT: přírodní vědy";"MED: lékařství";"oznámena v úhrado - pém dodatku . </s><s> V případě nové";"ambulance ( bez smluvně";"domluvenuho převzetíU je výše MPÚ stanovena z průměrných hodnot srovnatelných"
"1";"cs: čeština";"NMG: publicistika";"NEW: tradiční publicistika";"X: neuvedeno";"NTW: celostátní tisk";"okraji Plzně a začátkem obchvatu Třemošné mají stát 216 milionů";"korun bez DPH";". </s><s> „ To je zhruba o čtyři procenta méně ,"
"1";"cs: čeština";"NMG: publicistika";"NEW: tradiční publicistika";"X: neuvedeno";"REG: regionální tisk";"za ledkové . </s><s> Náklady se budou pohybovat kolem 800 tisíc";"korun bez DPH";". </s><s> VÝSTAVY </s><s> MUZEUM FOTOGRAFIE A MODERNÍCH OBRAZOVÝCH MÉDIÍ Jindřichův Hradec"
"1";"cs: čeština";"NMG: publicistika";"NEW: tradiční publicistika";"X: neuvedeno";"NTW: celostátní tisk";"<s> Za audity devíti obchodních společností město zaplatí zhruba 7,9 miliónu";"korun bez DPH";", u nemocnice pak necelý milión korun bez DPH . </s>"
"1";"cs: čeština";"NFC: oborová literatura";"POP: populárně naučná literatura";"SSC: sociální vědy";"LAW: právo";"je možné ji vyžadovat i při hovorech uskutečněných z mobilního";"zařízení bez SIM";"karty . </s><s> Soudní dvůr dovodil , že ze samotného znění"
"1";"cs: čeština";"NMG: publicistika";"NEW: tradiční publicistika";"X: neuvedeno";"NTW: celostátní tisk";"žalobě u Evropského soudního dvora v Lucemburku . </s><s> 14,6 miliardy";"korun bez DPH";"zaplatí Česko za dvanáct vrtulníků z USA . </s><s> Nové mýtné"
"1";"cs: čeština";"NMG: publicistika";"LEI: volnočasová publicistika";"X: neuvedeno";"SCT: společenský život";"její výroba . </s><s> „ Přišlo to zhruba na 45 tisíc";"korun bez DPH";". </s><s> Sestava měla výkon od 50 až do 200 wattů"
"1";"cs: čeština";"NMG: publicistika";"NEW: tradiční publicistika";"X: neuvedeno";"REG: regionální tisk";"ze strany 1 </s><s> České dráhy vyjednaly obchod za 190 milionů";"korun bez DPH";". </s><s> Nyní bude záležet hlavně na Zastupitelstvu Olomouckého kraje ,"
"1";"cs: čeština";"NMG: publicistika";"NEW: tradiční publicistika";"X: neuvedeno";"NTW: celostátní tisk";"korun bez DPH . </s><s> Od začátku července platí 123 000";"korun bez DPH";"za den . </s><s> Za každou vydanou kartu navíc Operátor od"
"1";"en: angličtina";"FIC: beletrie";"NOV: próza";"X: neuvedeno";"X: neuvedeno";"mi naznačujete , že se někdo mohl potopit do padesátimetrové";"hloubky bez …";"“ </s><s> „ Já nemluvil o padesáti metrech . </s><s> Mluvil jsem"
"1";"cs: čeština";"NMG: publicistika";"NEW: tradiční publicistika";"X: neuvedeno";"NTW: celostátní tisk";"téměř 2,5 kilometru . </s><s> Výstavba bariér vyjde na 120 miliónů";"korun bez DPH";", má skončit v červenci . </s><s> Projekt realizuje Správa Národního"
"1";"cs: čeština";"FIC: beletrie";"COL: kratší próza";"X: neuvedeno";"X: neuvedeno";", nápověď , co ? </s><s> Tedy na str . 162";"Rozhovorů bez konca";"je odstavec začínající takto : „ A tam ako v"
"1";"cs: čeština";"NMG: publicistika";"NEW: tradiční publicistika";"X: neuvedeno";"NTW: celostátní tisk";"jsou dobíjecí stanice pro elektromobily . </s><s> Náklady byly 54,5 milionu";"korun bez DPH";". </s><s> Zhruba z poloviny bude parkoviště sloužit pro veřejnost ,"
"1";"cs: čeština";"NFC: oborová literatura";"POP: populárně naučná literatura";"FTS: formální a technické vědy";"ICT: výpočetní technika";"přesné 8 vyrovnaný , zkreslení přesný u všech zvuk ,";"žánrů bez 10";"zastřenější bez výrazného vokály , méně zkreslení basů , 8 </s>"
"1";"cs: čeština";"NMG: publicistika";"NEW: tradiční publicistika";"X: neuvedeno";"REG: regionální tisk";"Stříbrného jezera , která celá podle odhadu vyjde na 122";"milionů bez DPH";", má trvat osmnáct měsíců . </s><s> TATO nová lávka spojí"
"1";"cs: čeština";"NMG: publicistika";"NEW: tradiční publicistika";"X: neuvedeno";"NTW: celostátní tisk";"ale nebude nárokovat proplacení licenčního poplatku ve výši 30 tisíc";"korun bez DPH";". </s><s> Opakovat už by se tak neměla situace z června"
"1";"cs: čeština";"NMG: publicistika";"NEW: tradiční publicistika";"X: neuvedeno";"NTW: celostátní tisk";"<s> Za opravy a přístavbu zaplatí Lanškroun více než 140 milionů";"korun bez DPH";". </s><s> Město je uhradí z úvěru 160 milionů , který"
"1";"cs: čeština";"NMG: publicistika";"NEW: tradiční publicistika";"X: neuvedeno";"NTW: celostátní tisk";". </s><s> Úsek je dlouhý 10,6 kilometru a za 933,2 milionu";"korun bez DPH";"ho staví firma Eurovia . </s><s> Hotový má být na jaře"
"1";"cs: čeština";"NMG: publicistika";"NEW: tradiční publicistika";"X: neuvedeno";"NTW: celostátní tisk";"v délce 15,5 kilometru přijde na více než 2,7 miliardy";"korun bez DPH";"a hotova by měla být v roce 2022 . </s><s> Firmy"
"1";"cs: čeština";"NFC: oborová literatura";"POP: populárně naučná literatura";"FTS: formální a technické vědy";"ICT: výpočetní technika";", spíše samotné platformy X570 a týká se to všech";"výrobců bez";"</s><s> rozdílu . </s><s> VERDIKT 8,6 kvalita a rozvržení výbava a funkce"
"1";"cs: čeština";"NFC: oborová literatura";"SCI: odborná literatura";"SSC: sociální vědy";"REC: sport, rekreace, hobby";", uvědomit , jaké jiné znalosti než ze sportovního tréninku";"osob bez TP";"potřebuje k vytvoření struktury tréninku : </s><s> základní znalosti atletického tréninku"
"1";"cs: čeština";"NFC: oborová literatura";"POP: populárně naučná literatura";"FTS: formální a technické vědy";"ICT: výpočetní technika";"v podstatě počítač s operačním systémem Android . </s><s> Omezená ochrana";"dat bez RAID";"konfigurace </s><s> Majitelé NAS serverů s jedním pevným diskem se musí"
"1";"cs: čeština";"NMG: publicistika";"NEW: tradiční publicistika";"X: neuvedeno";"NTW: celostátní tisk";"deseti záchranářských vrtulníků Sokol v příštích šesti letech asi miliardu";"korun bez DPH";". </s><s> Ministerstvo obrany zároveň připravuje generální opravu osmi z nich"
"1";"cs: čeština";"NMG: publicistika";"NEW: tradiční publicistika";"X: neuvedeno";"REG: regionální tisk";"v centru města . </s><s> Počáteční investice činila zhruba 765 tisíc";"korun bez DPH";", on-line dohled přijde podnik na 80 tisíc a za"
"1";"cs: čeština";"NMG: publicistika";"NEW: tradiční publicistika";"X: neuvedeno";"NTW: celostátní tisk";"inženýrských sítí . </s><s> Předpokládaná hodnota zakázky je přibližně 105 milionů";"korun bez DPH";". </s><s> O zajímavou zakázku na historické památce se mohou zájemci"
"1";"cs: čeština";"NMG: publicistika";"NEW: tradiční publicistika";"X: neuvedeno";"REG: regionální tisk";"1 . máje uzavřená pro tramvajovou dopravu </s><s> 72 715 000";"korun bez DPH";"stála oprava třídy 1 . máje </s><s> 402 metrů měří levá"
"1";"cs: čeština";"NMG: publicistika";"NEW: tradiční publicistika";"X: neuvedeno";"NTW: celostátní tisk";"dokončením , i když vlastní oprava ( za dvě miliardy";"korun bez DPH";") ještě nezačala . </s><s> Projekt lze dodatečně změnit znovu . </s>"
"1";"cs: čeština";"NMG: publicistika";"NEW: tradiční publicistika";"X: neuvedeno";"NTW: celostátní tisk";"odchod do opozice . </s><s> Předseda hnutí ANO Andrej Babiš utvoření";"koalice bez ANO";"označil za podvod na voličích a považuje ji za nekorektní"
"1";"cs: čeština";"NMG: publicistika";"LEI: volnočasová publicistika";"X: neuvedeno";"SCT: společenský život";"by stavit , se poprvé v životě šla bít do";"klece bez o";"podpory milovaného táty . </s><s> Sympatická slovenská novinářka je jednou ze"
"1";"cs: čeština";"NMG: publicistika";"LEI: volnočasová publicistika";"X: neuvedeno";"HOU: bydlení, zahrada, hobby";"plocha : 110,92 m2 Obestavěný prostor : 681,83 m3 Cena";"stavebnice bez DPH";": 486 000 Kč </s><s> DŮM VELA 115 </s><s> Dispozice : 4"
"1";"cs: čeština";"NFC: oborová literatura";"SCI: odborná literatura";"SSC: sociální vědy";"EDU: pedagogika";"že usilovala o změnu předmětu a kurikula v aplikaci alternativních";"postupů bez jasně";"formulované změny svého paradigmatu . </s><s> Pracuje s novými fakty ,"
"1";"cs: čeština";"NMG: publicistika";"NEW: tradiční publicistika";"X: neuvedeno";"NTW: celostátní tisk";"DPH . </s><s> Průměrná cena za metr čtvereční byla 43 200";"korun bez DPH";". </s><s> V roce 2013 to bylo 2 455 000 korun"
"1";"cs: čeština";"NMG: publicistika";"NEW: tradiční publicistika";"X: neuvedeno";"NTW: celostátní tisk";"ČR Vlastní stavba nového institutu přišla na zhruba 380 milionů";"korun bez DPH";". </s><s> Celkové náklady projektu činí 567 milionů . </s><s> V rozpočtu"
"1";"cs: čeština";"NFC: oborová literatura";"PRO: profesní literatura";"FTS: formální a technické vědy";"ICT: výpočetní technika";"ceny okolo 19 tisíc bez DPH , resp . 23";"tisíc bez DPH";". </s><s> TS - 831 X svou konfigurací vyhoví mnoha menším"
"1";"cs: čeština";"NMG: publicistika";"NEW: tradiční publicistika";"X: neuvedeno";"NTW: celostátní tisk";"Sedláčkovy ulice byla zahájena v září 2017 . </s><s> Stála 25,3";"milionu bez DPH";". </s><s> Investory akce jsou Plzeň , vodárna a společnost Innogy"
"1";"cs: čeština";"NMG: publicistika";"NEW: tradiční publicistika";"X: neuvedeno";"NTW: celostátní tisk";"denně a při nasazení vrtulníku bude ministerstvo platit 15 950";"korun bez DPH";"za hodinu . </s><s> Dvoumilionový limit už by prý měl vystačit"
"1";"cs: čeština";"NMG: publicistika";"NEW: tradiční publicistika";"X: neuvedeno";"REG: regionální tisk";"– Rekonstrukce chodníků a vjezdů za dva a půl milionu";"korun bez DPH";"v ulici Českých bratří potrvá do poloviny července . </s><s> V"
"1";"cs: čeština";"NMG: publicistika";"NEW: tradiční publicistika";"X: neuvedeno";"NTW: celostátní tisk";". </s><s> Co bychom si počali bez knih , filmů a";"seriálů , bez umně";"vystavěných příběhů a vykreslených obrazů . </s><s> Na tom , že"
"1";"cs: čeština";"NFC: oborová literatura";"PRO: profesní literatura";"NAT: přírodní vědy";"AGR: zemědělství, chovatelství";"byl vydán zvláštní císařský patent proti přechovávání a přijímání cizích";"poddaných bez tzv";". výhostného listu . </s><s> Vrchnosti přiznávaly poddaným poměrně rozsáhlé dědické"
"1";"cs: čeština";"NFC: oborová literatura";"SCI: odborná literatura";"SSC: sociální vědy";"SOC: sociologie";"s úbytkem pracovních míst ve vnitřních městech , zanechala centra";"měst bez lépe";"situovaných obyvatel , bez služeb , s upadající infrastrukturou a"
"1";"cs: čeština";"NMG: publicistika";"NEW: tradiční publicistika";"X: neuvedeno";"NTW: celostátní tisk";"oceňující firmy liší . </s><s> Jedna odhaduje náklady ve výši 98";"milionů bez DPH";", druhá ve výši 146 milionů bez DPH . </s><s> V"
"1";"cs: čeština";"NMG: publicistika";"NEW: tradiční publicistika";"X: neuvedeno";"NTW: celostátní tisk";". </s><s> „ Nabídková cena na odkup pozemků přesahuje 379 milionů";"korun bez DPH";", “ dodal Martin Itterheim . </s><s> RiseSun chce investovat </s><s> Firma"
"1";"cs: čeština";"NMG: publicistika";"NEW: tradiční publicistika";"X: neuvedeno";"NTW: celostátní tisk";"úřad řízení zastavil . </s><s> Kvůli zakázce za zhruba 120 milionů";"korun bez DPH";", na jejíž většinu má město přislíbenu evropskou dotaci ,"
"1";"cs: čeština";"NMG: publicistika";"NEW: tradiční publicistika";"X: neuvedeno";"REG: regionální tisk";"zateplení . </s><s> „ V letošním roce tak bude prostavěno 69";"milionů bez DPH";". </s><s> Celkem rekonstrukce vyjde na 291 880 114 korun bez"
"1";"cs: čeština";"NMG: publicistika";"NEW: tradiční publicistika";"X: neuvedeno";"NTW: celostátní tisk";"jen čtyři patra a zvýšení bylo možné jen díky razítku";"úředníků , bez řádně";"projednané změny územního plánu a bez vědomí lidí bydlících v"
"1";"cs: čeština";"NMG: publicistika";"NEW: tradiční publicistika";"X: neuvedeno";"NTW: celostátní tisk";"stejné firmě . </s><s> Celkem ale stála rekonstrukce téměř 23 milionů";"korun bez DPH";", čímž překročila zákonem daný limit pro zakázky malého rozsahu"
"1";"cs: čeština";"FIC: beletrie";"NOV: próza";"X: neuvedeno";"X: neuvedeno";"prostředí miniaturního bytu , bez tatínkova zatápění před odchodem do";"práce , bez maminkou";"udržovaného tepla v pokojích , aby netrpěly podzimním chladem . </s>"
"1";"cs: čeština";"NMG: publicistika";"NEW: tradiční publicistika";"X: neuvedeno";"NTW: celostátní tisk";"vrtulníků </s><s> Vláda odklepla nákup tuctu amerických vrtulníků za 14,6 miliardy";"korun bez DPH";". </s><s> Ministr obrany Lubomír Metnar ( ANO ) ji o"
"1";"cs: čeština";"NMG: publicistika";"NEW: tradiční publicistika";"X: neuvedeno";"REG: regionální tisk";"společnost Strabag , která realizaci zvládla za 2 158 800";"korun bez DPH";". </s><s> Dotace z programu přeshraniční spolupráce by měla pokrýt 90"
"1";"bn: bengálština";"FIC: beletrie";"NOV: próza";"X: neuvedeno";"X: neuvedeno";", vy jste přece jako naše vlastní rodina . </s><s> Kromě";"toho , bez Bhubanešvarí";", která je pro Lalitu jako vlastní matka , by"
"1";"cs: čeština";"NMG: publicistika";"NEW: tradiční publicistika";"X: neuvedeno";"NTW: celostátní tisk";"výsledkům výběrového řízení nikdo neodvolá , dílo za 10,6 miliónu";"korun ( bez DPH";") , které kinu zajistí bezbariérový přístup , vymění elektroinstalaci"
"1";"cs: čeština";"NFC: oborová literatura";"POP: populárně naučná literatura";"SSC: sociální vědy";"REC: sport, rekreace, hobby";"limonáda Nakrájejte semínek , třtinovým zalijte vodou , oslaďte kousek";"okurky bez cukrem";", citronu a lístek přidejte plátek máty . </s><s> čerstvá limonáda"
"1";"cs: čeština";"NMG: publicistika";"NEW: tradiční publicistika";"X: neuvedeno";"NTW: celostátní tisk";"úpravy křižovatky , které přišly na více než 116 milionů";"korun bez DPH";", se loni postaralo konsorcium stavebních firem ALPINE Bau a"
"1";"cs: čeština";"NMG: publicistika";"NEW: tradiční publicistika";"X: neuvedeno";"NTW: celostátní tisk";". </s><s> „ Naše tržby v minulém roce přesáhly 200 milionů";"korun bez DPH";", což znamená více než dvojnásobný meziroční růst , “"
"1";"cs: čeština";"NFC: oborová literatura";"SCI: odborná literatura";"SSC: sociální vědy";"PSY: psychologie";"vydán , ocitá se ve stavu bezmocné úzkosti , neutuchajícího";"stresu bez (";"biologické ) možnosti obrany , tj . bez možnosti zareagovat"
"1";"cs: čeština";"NMG: publicistika";"NEW: tradiční publicistika";"X: neuvedeno";"NTW: celostátní tisk";"předání neoprávněného profitu v dosud nezjištěné výši z ceny zadané";"zakázky ( bez DPH";") za předem získané neveřejné informace a podklady na úkor"
"1";"cs: čeština";"NFC: oborová literatura";"PRO: profesní literatura";"NAT: přírodní vědy";"GEO: geografie, geologie";"náspy apod . ) , a to podle zadání posudku";"bud bez ,";"anebo i za účasti žalobců , žalovaných a jejich právních"
"1";"cs: čeština";"FIC: beletrie";"VER: poezie";"X: neuvedeno";"X: neuvedeno";"DUINU </s><s> Slyšíš se z dálky trhané jak vlak , z";"dálky bez";"</s><s> vzdáleností . </s><s> Tak se vše jmenuje , když jsi tu </s>"
"1";"cs: čeština";"NMG: publicistika";"NEW: tradiční publicistika";"X: neuvedeno";"NTW: celostátní tisk";"<s> Celý projekt obnovy hráze a výpusti vyšel na 41,7 milionu";"korun bez DPH";". </s><s> Velký Pařezitý rybník je známý svou velmi čistou vodou"
"1";"cs: čeština";"NMG: publicistika";"NEW: tradiční publicistika";"X: neuvedeno";"NTW: celostátní tisk";"miliónu korun bez DPH , u nemocnice pak necelý milión";"korun bez DPH";". </s><s> „ Součástí dohody je i zřízení speciální telefonní linky"
"1";"cs: čeština";"NMG: publicistika";"NEW: tradiční publicistika";"X: neuvedeno";"REG: regionální tisk";"ředitel PMŠ Patrik Tomáš Pavlíček . </s><s> Oprava za 155 milionů";"korun bez DPH";"počítá s obnovou interiéru a zastaralých technologií . </s><s> Plovárna je"
"1";"cs: čeština";"NMG: publicistika";"NEW: tradiční publicistika";"X: neuvedeno";"NTW: celostátní tisk";"další deklamaci uklízejí . </s><s> Obdiv k protagonistkám nemůže zastřít dojem";"chaosu bez jednoticí";"linie . </s><s> Ani úryvky z duchaplných úvah v programovém letáku"
"1";"cs: čeština";"NMG: publicistika";"NEW: tradiční publicistika";"X: neuvedeno";"NTW: celostátní tisk";"v neobvyklém složení . </s><s> Kometa nasadila do zápasu pouze šest";"zadáků – bez zdravotně";"indisponovaného Tomáše Bartejse , ale také bez americké posily Jacka"
"1";"cs: čeština";"NMG: publicistika";"NEW: tradiční publicistika";"X: neuvedeno";"REG: regionální tisk";"i návštěvníky . </s><s> Cena stavby by neměla přesáhnout 65 milionů";"korun bez DPH";", “ vyjmenovala . </s><s> Stadion má být podle studie určený"
"1";"en: angličtina";"FIC: beletrie";"COL: kratší próza";"X: neuvedeno";"X: neuvedeno";"to zaplatila životem . </s><s> „ Jestli se vrátíš do Brayanova";"Zlata bez Stasy";"a svého dítěte , tak nejsi chlap , "" řekl"
"1";"fr: francouzština";"NFC: oborová literatura";"SCI: odborná literatura";"HUM: humanitní vědy";"HIS: historie, biografie";"sektor nemohl prosperovat bez jasných obchodních předpisů , bez čestných";"tribunálů , bez nepříliš";"zatěžujících administrativních formalit a bez průhlednosti při řízení podniků . </s>"
"1";"cs: čeština";"NMG: publicistika";"NEW: tradiční publicistika";"X: neuvedeno";"NTW: celostátní tisk";"a rozvíjejících se ekonomik začalo souběžně posilovat . </s><s> Prognóza celosvětového";"růstu bez EU";"zůstává stejná jako v zimě . </s><s> „ Růst ve světě"
"1";"cs: čeština";"NMG: publicistika";"NEW: tradiční publicistika";"X: neuvedeno";"NTW: celostátní tisk";"<s> V roce 2018 vyhrála výběrové řízení s cenou čtyři miliony";"korun bez DPH";", druhý uchazeč v pořadí byl o 1,6 milionu dražší"
"1";"cs: čeština";"NMG: publicistika";"NEW: tradiční publicistika";"X: neuvedeno";"NTW: celostátní tisk";"18 . </s><s> Obě stavby vyjdou dohromady na zhruba 7,7 miliardy";"korun bez DPH";". </s><s> Pusopiska ráda lyžuje a potápí se </s><s> Barbora Sedláčková vinou"
"1";"cs: čeština";"NMG: publicistika";"NEW: tradiční publicistika";"X: neuvedeno";"REG: regionální tisk";". </s><s> Podle zadávací dokumentace je předpokládaná hodnota zakázky 6,4 milionu";"korun bez DPH";", obci by mohla </s><s> s financováním pomoci dotace . </s><s> Zakázku"
"1";"en: angličtina";"FIC: beletrie";"NOV: próza";"X: neuvedeno";"X: neuvedeno";"<s> Pořád jsem měl evropské rysy , ale ty má spousta";"Mexičanů bez indio";"předků . </s><s> Pracoval jsem na půl úvazku pro její agenturu"
"1";"cs: čeština";"NFC: oborová literatura";"PRO: profesní literatura";"FTS: formální a technické vědy";"TEC: technika";"úseku Rybí – MÚK Rychaltice je vysoutěžena za 2,07 miliardy";"korun bez DPH";", polovinu nákladů přitom zaplatí EU prostřednictvím Operačního programu Doprava"
"1";"cs: čeština";"NMG: publicistika";"NEW: tradiční publicistika";"X: neuvedeno";"NTW: celostátní tisk";"míry opravnou zkoušku za svou roli v někdejším odmítnutí radarové";"základny – bez ČSSD";"by bylo Babišovo současné vládnutí mnohem ostřeji pod vlivem komunistů"
"1";"cs: čeština";"NFC: oborová literatura";"PRO: profesní literatura";"FTS: formální a technické vědy";"TEC: technika";"uznatelným nákladem je reklamní nebo propagační předmět do hodnoty 500";"korun bez DPH";", který je opatřen jménem firmy nebo její ochrannou známkou"
"1";"cs: čeština";"NMG: publicistika";"NEW: tradiční publicistika";"X: neuvedeno";"NTW: celostátní tisk";". </s><s> „ Celková předpokládaná cena zakázky je přes pět miliónů";"korun bez DPH";", “ doplnil Levý , podle něhož radnice požádala o"
"1";"cs: čeština";"NFC: oborová literatura";"PRO: profesní literatura";"FTS: formální a technické vědy";"TEC: technika";"bez DPH . </s><s> Cena druhé etapy byla vysoutěžena za 417";"milionů bez DPH";", tato částka se ovšem navýšila . </s><s> Například loňský zápas"
"1";"cs: čeština";"NFC: oborová literatura";"SCI: odborná literatura";"SSC: sociální vědy";"REC: sport, rekreace, hobby";"m , 400 m ) i splnění limitů na závody";"atletů bez TP";". </s><s> To vše vede k profesionalizaci a tím k propracovanému"
"1";"cs: čeština";"NFC: oborová literatura";"POP: populárně naučná literatura";"FTS: formální a technické vědy";"TEC: technika";") a výběr se stejně řeší na obrazovce . </s><s> Majitele";"televizorů bez „";"smart “ funkcí by to jistě potěšilo . </s><s> Přehrávání fotografií"
"1";"cs: čeština";"NFC: oborová literatura";"POP: populárně naučná literatura";"NAT: přírodní vědy";"GEO: geografie, geologie";") , kde bývají uchovány zbytky měkkotělých organizmů , čili";"organizmů bez anorganicky";"inkrustovaného skeletu . </s><s> Z kambria je známo několik takových lokalit"
"1";"cs: čeština";"NFC: oborová literatura";"SCI: odborná literatura";"SSC: sociální vědy";"PSY: psychologie";"a zvyklá spolu spolupracovat . </s><s> Tato odvaha vstoupit do prostoru";"dramaterapie bez předem";"připraveného programu byla velmi užitečná pro prohloubení vztahu s klienty"
"1";"cs: čeština";"NFC: oborová literatura";"SCI: odborná literatura";"SSC: sociální vědy";"ECO: ekonomie, obchod, logistika";"vyhodnotí bonitu odběratele jako svého potenciálního dlužníka ( v případě";"faktoringu bez regeresu";") . </s><s> Banky se snaží mj . zajistit si bankovní"
"1";"cs: čeština";"NMG: publicistika";"NEW: tradiční publicistika";"X: neuvedeno";"REG: regionální tisk";"dotačních titulech . </s><s> Rozpočet je zatím stanoven na pět milionů";"korun bez DPH";", “ dodal Miroslav Rauch . </s><s> Nejspokojenější pacienti jsou v"
"1";"cs: čeština";"NMG: publicistika";"NEW: tradiční publicistika";"X: neuvedeno";"NTW: celostátní tisk";"smluv dodala službu O2 AntiDDoS Advanced za bratru 182 tisíc";"korun bez DPH";". </s><s> Těžko říct , o jakou službu se konkrétně jedná"
"1";"cs: čeština";"NMG: publicistika";"NEW: tradiční publicistika";"X: neuvedeno";"NTW: celostátní tisk";"alespoň jednoho plánu integrovaného rozvoje města v ceně 700 milionů";"korun bez DPH";". </s><s> Tato podmínka však byla podle antimonopolního úřadu diskriminační . </s>"
"1";"cs: čeština";"NMG: publicistika";"NEW: tradiční publicistika";"X: neuvedeno";"NTW: celostátní tisk";"<s> Práce naplánované na tento rok budou stát asi deset miliónů";"korun bez DPH";". </s><s> „ Pro financování investic do zimního stadiónu se snažíme"
"1";"cs: čeština";"NMG: publicistika";"NEW: tradiční publicistika";"X: neuvedeno";"NTW: celostátní tisk";"mimořádný příspěvek . </s><s> „ Cena jednoho se pohybuje okolo 7,5";"milionu bez DPH";", “ uvedl Rybák . </s><s> Okolnostmi tragického úmrtí pacientky se"
"1";"cs: čeština";"NMG: publicistika";"NEW: tradiční publicistika";"X: neuvedeno";"NTW: celostátní tisk";", která nemá postranní úmysly . </s><s> Argumentuje přímo , bez";"vytáček , bez „";"podprahových “ vzkazů . </s><s> Snaží se jít po smyslu díla"
"1";"cs: čeština";"NFC: oborová literatura";"SCI: odborná literatura";"NAT: přírodní vědy";"MED: lékařství";"ohledem na okolnosti představují i další protokoly na bázi kontinuálního";"fluorouracilu bez nebo";"s oxaliplatinou , jako jsou například kontinuální FU / FA"
"1";"cs: čeština";"NMG: publicistika";"NEW: tradiční publicistika";"X: neuvedeno";"REG: regionální tisk";"pro město Rakovník firma z Prahy za téměř 284 tisíc";"korun bez DPH";". </s><s> V rámci opravy a rozšíření sběrného dvora vzniknou také"
"1";"cs: čeština";"NMG: publicistika";"NEW: tradiční publicistika";"X: neuvedeno";"REG: regionální tisk";"dvou spádových stupňů , která vyšla na téměř třináct milionů";"korun bez DPH";". </s><s> Psali jsme před 10 lety </s><s> Měsíc po zavedení povinnosti"
"1";"cs: čeština";"NMG: publicistika";"NEW: tradiční publicistika";"X: neuvedeno";"NTW: celostátní tisk";"nad soutěží není malá a přijde Budějovice na 792 tisíc";"korun bez DPH";". </s><s> Určitou komplikací , jak radní připouštějí , je fakt"
"1";"cs: čeština";"NFC: oborová literatura";"SCI: odborná literatura";"SSC: sociální vědy";"PSY: psychologie";"aktuální potřebě klientů a vstupují do volné improvizace , tedy";"intervence bez předem";"pevně dané struktury . </s><s> Přesto však lze napříč těmito odlišnými"
"1";"cs: čeština";"NMG: publicistika";"NEW: tradiční publicistika";"X: neuvedeno";"REG: regionální tisk";"Kubota GZD 15 . </s><s> „ Cena sekačky činí 349 500";"korun bez DPH";", “ doplnil místostarosta . </s><s> Domažlické technické služby jsou příspěvkovou"
"1";"cs: čeština";"NFC: oborová literatura";"SCI: odborná literatura";"NAT: přírodní vědy";"MED: lékařství";"u nemocných s CKD proti 83 ml / min u";"nemocných bez CKD";". </s><s> Ve velké populační studii analyzující vliv mírného snížení eGF"
"1";"cs: čeština";"NMG: publicistika";"NEW: tradiční publicistika";"X: neuvedeno";"NTW: celostátní tisk";"korun . </s><s> Vybudování infocentra tak přijde na zhruba 38 milionů";"korun bez DPH";". </s><s> Evropská dotace , o kterou město požádalo a jejíž"
"1";"cs: čeština";"NFC: oborová literatura";"PRO: profesní literatura";"SSC: sociální vědy";"EDU: pedagogika";"procesu ČMOS PŠ bude prosazovat a podporovat : </s><s> odborné řízení";"školství bez politicky";"motivovaných vlivů ; zlepšení úrovně odborného vzdělávání a přípravy ;"
"1";"cs: čeština";"NMG: publicistika";"LEI: volnočasová publicistika";"X: neuvedeno";"HOU: bydlení, zahrada, hobby";". Jako rukávy . </s><s> Různě široké kožešinové lemy na rukávech";"kabátů - bez";"</s><s> těch se teď nejspíš neobejdete . </s><s> Ať už budou jakkoli"
"1";"cs: čeština";"NFC: oborová literatura";"SCI: odborná literatura";"NAT: přírodní vědy";"MED: lékařství";"<s> Za normální situace je člověk schopen plynulého pozorování pohybujícího se";"cíle bez sakadických";"pohybů . </s><s> Pohledový ( tzv . gaze hold ) nystagmus"
"1";"cs: čeština";"NFC: oborová literatura";"POP: populárně naučná literatura";"FTS: formální a technické vědy";"ICT: výpočetní technika";"cenu domény . </s><s> CZ . </s><s> Nově přijde ročně na 145";"korun bez DPH";", místo dosavadních 125 Kč . </s><s> V současnosti je takových"
"1";"cs: čeština";"NFC: oborová literatura";"PRO: profesní literatura";"FTS: formální a technické vědy";"TEC: technika";"bez daně , v roce 2016 ještě méně 894 700";"korun bez DPH";". </s><s> Nové modernizované provedení pro letošní rok však už přesahuje"
"1";"cs: čeština";"NMG: publicistika";"NEW: tradiční publicistika";"X: neuvedeno";"NTW: celostátní tisk";"elektroinstalace slabo a silnoproudu . </s><s> Celková hodnota je 13 milionů";"korun bez DPH";". </s><s> Nově také v České Lípě Nové prostory ale budou"
"1";"cs: čeština";"NMG: publicistika";"NEW: tradiční publicistika";"X: neuvedeno";"NTW: celostátní tisk";"a bojová vozidla ( BVP 2 ) za 743 miliónů";"korun bez DPH";"od vsetínské zbrojovky ZVI . </s><s> Důvodem je , že její"
"1";"cs: čeština";"NMG: publicistika";"NEW: tradiční publicistika";"X: neuvedeno";"NTW: celostátní tisk";"Markéta Růtová . </s><s> Návratnost investice v hodnotě zhruba 11,5 milionu";"korun bez DPH";"se předpokládá za tři roky . </s><s> ROPID organizuje hromadnou dopravu"
"1";"cs: čeština";"NFC: oborová literatura";"POP: populárně naučná literatura";"FTS: formální a technické vědy";"ICT: výpočetní technika";"k tomu nejlevnějšímu vůbec . </s><s> Pokud se spokojíte se sledováním";"filmů bez HD";"rozlišení , za kompletní přístup k videotéce zaplatíte 8 eur"
"1";"cs: čeština";"NMG: publicistika";"NEW: tradiční publicistika";"X: neuvedeno";"NTW: celostátní tisk";"v praxi , funguje to ) . </s><s> Potěší i možnost";"rezervace bez storno";"poplatků – když vám do cesty náhodou něco přijde ,"
"1";"cs: čeština";"NFC: oborová literatura";"POP: populárně naučná literatura";"FTS: formální a technické vědy";"ICT: výpočetní technika";"můžete počítat s týdenní výdrží ( výrobce udává 9 dní";"provozu bez GPS";") . </s><s> Baterie se dobíjí prostřednictvím dodaného kabelu USB ,"
"1";"cs: čeština";"NMG: publicistika";"NEW: tradiční publicistika";"X: neuvedeno";"REG: regionální tisk";"427 udělených hlasů . </s><s> Nabídková cena nepřekročila 1 500 000";"korun bez DPH";". </s><s> Zahrnuje montáže a instalaci , pronájem , demontáž a"
"1";"cs: čeština";"NMG: publicistika";"NEW: tradiční publicistika";"X: neuvedeno";"NTW: celostátní tisk";", ačkoliv směrem k němu Hrad vysílá kritiku za utvoření";"koalice bez ANO";". </s><s> „ Souhlasím s tím , že s prezidentem musí"
"1";"cs: čeština";"NMG: publicistika";"NEW: tradiční publicistika";"X: neuvedeno";"NTW: celostátní tisk";"dvě ošetřovatelky . </s><s> Cena vozu byla stanovena na 760 tisíc";"korun bez DPH";", Praha by uhradila jen část . </s><s> Jenomže návrh se"
"1";"cs: čeština";"NFC: oborová literatura";"SCI: odborná literatura";"SSC: sociální vědy";"REC: sport, rekreace, hobby";"maličkostmi . </s><s> Skladba tréninku začíná odpovídat tréninku výkonnostních nebo vrcholových";"sportovců bez TP";". </s><s> Vývoj tréninku atleta s TP v závislosti na etapách"
"1";"cs: čeština";"NMG: publicistika";"NEW: tradiční publicistika";"X: neuvedeno";"NTW: celostátní tisk";"a dosud žádné se v dějinách neobešlo bez krveprolití a";"válek , bez velmi";"hluboké ekonomické a kulturní krize . </s><s> Obě vrstvy obyvatelstva ,"
"1";"cs: čeština";"NFC: oborová literatura";"PRO: profesní literatura";"NAT: přírodní vědy";"MED: lékařství";"ale ten se neujal ) . </s><s> Jennerovi byla terminologie malého";"národa ( bez impact";"faktoru ) málo nóbl , a protože aspiroval se svými"
"1";"cs: čeština";"NFC: oborová literatura";"PRO: profesní literatura";"FTS: formální a technické vědy";"TEC: technika";"a 1 . 4401 a systém Smartpress pak jedinečnou koncepcí";"spojů bez O";"- kroužku – umí s jistotou zaručit bezvadnou funkčnost po"
"1";"cs: čeština";"NMG: publicistika";"NEW: tradiční publicistika";"X: neuvedeno";"REG: regionální tisk";"milionů korun . </s><s> Přitom původní projekt počítal s částkou 198";"milionů bez DPH";"</s><s> „ V tuto chvíli platí termíny určené krajským úřadem ,"
"1";"cs: čeština";"NFC: oborová literatura";"PRO: profesní literatura";"FTS: formální a technické vědy";"TEC: technika";"Hochtief připadá 40 procent zakázky v celkové hodnotě 5,28 miliardy";"korun bez DPH";", M - Silnice mají na starosti zbývající pětinu kontraktu"
"1";"cs: čeština";"NFC: oborová literatura";"PRO: profesní literatura";"FTS: formální a technické vědy";"TEC: technika";"připočtení žlutozelených prvků opláštění , soch a střešních dílů různých";"rozměrů ( bez asi";"2 200 spojovacích trnů ) je počet prvků 2 450"
"1";"cs: čeština";"NMG: publicistika";"NEW: tradiční publicistika";"X: neuvedeno";"NTW: celostátní tisk";"lhůtu firmu pro třetí subjekt snadno založí za cenu 5500";"korun bez DPH";". </s><s> Tato cena je stanovena ministerskou vyhláškou a platí bez"
"1";"cs: čeština";"NMG: publicistika";"NEW: tradiční publicistika";"X: neuvedeno";"NTW: celostátní tisk";"stavbu nesežene dost prostředků – celkem má stát 46,4 miliardy";"korun bez DPH";". </s><s> „ Je to nejdražší možná varianta , “ poznamenal"
"1";"cs: čeština";"NMG: publicistika";"LEI: volnočasová publicistika";"X: neuvedeno";"MIX: společnost";"na topení a ohřev teplé užitkové vody zhruba 32 tisíc";"korun bez DPH";"za předpokladu , že je dům zateplen pouze základním způsobem"
"1";"cs: čeština";"NFC: oborová literatura";"SCI: odborná literatura";"SSC: sociální vědy";"SOC: sociologie";"si myslet , že dělají vědu . </s><s> Ale jít do";"terénu bez předem";"připraveného konceptu znamená , jít tam slepí jako králíčci . </s>"
"1";"cs: čeština";"NFC: oborová literatura";"SCI: odborná literatura";"NAT: přírodní vědy";"MED: lékařství";"se s následujícím vdechem ke snímači dostává čerstvá směs z";"okruhu , bez CO2";", křivka strmě klesá opět k bazální linii na konci"
"1";"cs: čeština";"NMG: publicistika";"NEW: tradiční publicistika";"X: neuvedeno";"NTW: celostátní tisk";". </s><s> Pokryje větší část celkových nákladů ve výši 594 tisíc";"korun bez DPH";". </s><s> Práce by měly skončit v letošním roce . </s><s> Lokalita"
"1";"cs: čeština";"NFC: oborová literatura";"POP: populárně naučná literatura";"FTS: formální a technické vědy";"ICT: výpočetní technika";"jsem byl mile překvapený , jak moc klesl počet nepodařených";"hovorů , bez VoLTE";"se totiž fallback do nižších sítí nepodaří vždy . </s><s> U"
"1";"cs: čeština";"FIC: beletrie";"VER: poezie";"X: neuvedeno";"X: neuvedeno";"do </s><s> sněhu bože ty víš hledám samostatný </s><s> neprůchozí pokoj bez";"vánic bez";"</s><s> ostrých kamenů na dně hledám víru naději les </s><s> hledám zrcadlo"
"1";"cs: čeština";"NMG: publicistika";"NEW: tradiční publicistika";"X: neuvedeno";"NTW: celostátní tisk";"na Vizovicku začal sloužit motoristům . </s><s> Stavba za 187 miliónů";"korun bez DPH";"má vyřešit problémy se silnicí úzkou pro kamióny a s"
"1";"cs: čeština";"NMG: publicistika";"NEW: tradiční publicistika";"X: neuvedeno";"NTW: celostátní tisk";"2019 . </s><s> Za desetiletou správu plánuje stát zaplatit 29 miliard";"korun bez DPH";". </s><s> Úředníci však očekávají , že se konečnou cenu podaří"
"1";"cs: čeština";"NMG: publicistika";"NEW: tradiční publicistika";"X: neuvedeno";"NTW: celostátní tisk";"do Německa . </s><s> Katody údajně nakoupil při obchodování uvnitř Evropské";"unie bez DPH";"a bez DPH je rovněž do stejné unijní země prodal"
"1";"cs: čeština";"NMG: publicistika";"NEW: tradiční publicistika";"X: neuvedeno";"REG: regionální tisk";"celková kapacita dvora . </s><s> Odhadovaná částka investice činí jedenáct milionů";"korun bez DPH";". </s><s> Provoz sběrného dvora by měl být i nadále pro"
"1";"cs: čeština";"NFC: oborová literatura";"POP: populárně naučná literatura";"ITD: interdisciplinární";"ITD: interdisciplinární";"realizoval jako komentovaný seriál , který sestával ze sekvence samostatných";"polí bez vnitropanelových";"promluv , s textovými komentáři veršem či prózou pod jednotlivými"
"1";"cs: čeština";"NMG: publicistika";"NEW: tradiční publicistika";"X: neuvedeno";"NTW: celostátní tisk";"<s> V současnosti prochází rozsáhlou přestavbou za více než 1,3 miliardy";"korun bez DPH";". </s><s> Dosud je hotova hrubá stavba obou pavilonů J a"
"1";"cs: čeština";"NMG: publicistika";"NEW: tradiční publicistika";"X: neuvedeno";"NTW: celostátní tisk";"odbočuje k Pravčické bráně . </s><s> „ Cesta se za 7,5";"milionu bez DPH";"opraví až k rozcestí celá a od něj směrem k"
"1";"cs: čeština";"NMG: publicistika";"NEW: tradiční publicistika";"X: neuvedeno";"NTW: celostátní tisk";"pozmění se využité efekty . </s><s> Ohňostroj bude stát kolem milionu";"korun bez DPH";"a jako každoročně začne 1 . ledna v 18 ."
"1";"cs: čeština";"NFC: oborová literatura";"POP: populárně naučná literatura";"FTS: formální a technické vědy";"ICT: výpočetní technika";"položek nepřeložených položek </s><s> správce souborů , poznámky , záznamník zbytečností";"zvuku , bez 8";"utility aplikace pro týkající práci s se telefonem , nadstavby"
"1";"cs: čeština";"NFC: oborová literatura";"POP: populárně naučná literatura";"FTS: formální a technické vědy";"TEC: technika";"v tomto případě se částečně liší grafika a funkce u";"televizorů bez a";"se systémem webOS . </s><s> ( Ukázky přibližují přehrávače modelů s"
"1";"cs: čeština";"NMG: publicistika";"LEI: volnočasová publicistika";"X: neuvedeno";"MIX: společnost";"měli půjčený , je na prodej za 8 201 773";"korun bez DPH";", což činí něco přes 9,9 miliónu s daní . </s>"
"1";"cs: čeština";"NFC: oborová literatura";"SCI: odborná literatura";"NAT: přírodní vědy";"MED: lékařství";"podstoupit metody asistované reprodukce s preimplantační diagnostikou a tím narození";"dítěte bez thalasemie";". </s><s> Z hlediska populačního potom snížení výskytu této choroby . </s>"
"1";"cs: čeština";"NMG: publicistika";"LEI: volnočasová publicistika";"X: neuvedeno";"SCT: společenský život";"Císařský palác či purkrabství hradu Karlštejn . </s><s> Oprava za 104,5";"milionu bez DPH";"potrvá od září do října 1922 . </s><s> Nový šéf policistů </s>"
"1";"cs: čeština";"NFC: oborová literatura";"PRO: profesní literatura";"FTS: formální a technické vědy";"TEC: technika";"vařená vejce , bramborový salát a velikonoční pečivo . </s><s> Test";"párků bez strojně";"odděleného masa </s><s> Před pár roky si nás , osm redaktorů"
"1";"cs: čeština";"NMG: publicistika";"NEW: tradiční publicistika";"X: neuvedeno";"REG: regionální tisk";"Tyršova , kde oprava bude stát přes sedm set tisíc";"korun bez DPH";". </s><s> Děti vystřídají obrazy </s><s> Sobotka – V rámci festivalu Šrámkova"
"1";"cs: čeština";"NMG: publicistika";"NEW: tradiční publicistika";"X: neuvedeno";"NTW: celostátní tisk";"barvami najednou . </s><s> Cena nové tiskárny začíná na 55 000";"korun bez DPH";". </s><s> Trilab míří pouze na firemní zákazníky , mezi které"
"1";"cs: čeština";"NMG: publicistika";"NEW: tradiční publicistika";"X: neuvedeno";"NTW: celostátní tisk";"však tvrdí , že při své firmě pořídil pět dodávek";"katod bez DPH";"a stejný počet bez DPH prodal . </s><s> „ Veškeré transakce"
"1";"cs: čeština";"NMG: publicistika";"NEW: tradiční publicistika";"X: neuvedeno";"NTW: celostátní tisk";"na zkoumání kolektivního svědomí , tématu paměti , viny a";"pomsty bez příliš";"konkrétních politických asociací . </s><s> Ishiguro si navíc svět středověku zjevně"
"1";"cs: čeština";"NMG: publicistika";"NEW: tradiční publicistika";"X: neuvedeno";"NTW: celostátní tisk";"o prázdninách . </s><s> „ Rekonstrukce bude stát zhruba 3,4 milionu";"korun bez DPH";", “ uvedla mluvčí magistrátu Šárka Charousková . </s><s> Ulice ,"
"1";"cs: čeština";"NFC: oborová literatura";"POP: populárně naučná literatura";"FTS: formální a technické vědy";"ICT: výpočetní technika";"k článkům . </s><s> To mimochodem umožňuje použít programy i u";"počítačů bez DVD";"mechanik . </s><s> Seznam dat ke stažení najdete na s50 ("
"1";"cs: čeština";"NMG: publicistika";"NEW: tradiční publicistika";"X: neuvedeno";"REG: regionální tisk";"probíhat příprava . </s><s> Celkové náklady na akci jsou zhruba 150";"tisíc bez DPH";", dodavatelem prací bude firma Služby Šulc s . r"
"1";"cs: čeština";"NMG: publicistika";"NEW: tradiční publicistika";"X: neuvedeno";"NTW: celostátní tisk";"240 metrů . </s><s> Investice by v tomto případě činila 596";"milionů bez DPH";". </s><s> Třetí varianta v částce 734 milionů bez DPH je"
"1";"cs: čeština";"NMG: publicistika";"NEW: tradiční publicistika";"X: neuvedeno";"NTW: celostátní tisk";"DPH , v případě společného oddlužení manželů maximálně šest tisíc";"korun bez DPH";". </s><s> Nová úprava insolvenčního zákona by předem naváděla lidi k"
"1";"cs: čeština";"NFC: oborová literatura";"PRO: profesní literatura";"FTS: formální a technické vědy";"TEC: technika";"dodatečných úsporných opatření . </s><s> Celková investice projektu byla 16,9 milionu";"korun bez DPH";". </s><s> Významná část byla vynaložena na výměnu zhruba tisíce kusů"
"1";"cs: čeština";"NMG: publicistika";"NEW: tradiční publicistika";"X: neuvedeno";"NTW: celostátní tisk";"club Kotelna v Litomyšli rekonstruovala toalety . </s><s> Potřebných 260 tisíc";"korun bez DPH";"platilo město , neboť budova je městským majetkem . </s><s> „"
"1";"cs: čeština";"NMG: publicistika";"NEW: tradiční publicistika";"X: neuvedeno";"REG: regionální tisk";"dala firma Kočí , a to za cenu 840 tisíc";"korun bez DPH";". </s><s> Písečtí radní budou na svém dnešním jednání mimo jiné"
"1";"en: angličtina";"NFC: oborová literatura";"POP: populárně naučná literatura";"SSC: sociální vědy";"REC: sport, rekreace, hobby";"<s> Ale neměly by být procentuálně vyšší , než velikost počátečního";"banku bez ante";"; měly by být o trochu menší . </s><s> Řekněme ,"
"1";"cs: čeština";"NMG: publicistika";"NEW: tradiční publicistika";"X: neuvedeno";"NTW: celostátní tisk";"známé pražské Studio Najbrt . </s><s> Město vyšlo na 300 tisíc";"korun bez DPH";". </s><s> A téměř okamžitě poté , co radnice zveřejnila podobu"
"1";"cs: čeština";"NMG: publicistika";"NEW: tradiční publicistika";"X: neuvedeno";"REG: regionální tisk";"korun je hotová , dokončit ho má za 8,8 milionu";"korun bez DPH";"dílna Roberta Ponči z Krnova . </s><s> Jako vítěze soutěže ji"
"1";"cs: čeština";"NFC: oborová literatura";"SCI: odborná literatura";"NAT: přírodní vědy";"MED: lékařství";"let byly zjištěny 1 – 2 cysty u 2,1 %";"pacientů bez PCHLAD";". </s><s> Na druhou stranu – pokud jsou 1 – 2"
"1";"cs: čeština";"NFC: oborová literatura";"PRO: profesní literatura";"FTS: formální a technické vědy";"ICT: výpočetní technika";"zdroj osvětlení LED pro </s><s> okamžité skenování * Automatická detekce šíře";"dokumentu bez";"</s><s> nutnosti ručního zadávání rozměru * Optimised thickness adjustment controller ("
"1";"cs: čeština";"NMG: publicistika";"NEW: tradiční publicistika";"X: neuvedeno";"NTW: celostátní tisk";"činnosti . </s><s> Nejvýše přípustná cena je stanovena na 14 miliónů";"korun bez DPH";". </s><s> FOTO </s><s> STŘET TRAMVAJE A TROLEJBUSU . </s><s> Ke střetu tramvají"
"1";"cs: čeština";"NMG: publicistika";"NEW: tradiční publicistika";"X: neuvedeno";"REG: regionální tisk";"do konce června . </s><s> Náklady na stavbu činí 66 milionů";"korun bez DPH";". </s><s> PŘEKVAPENÍ . </s><s> Při odstraňování nánosů starých maleb v pěti"
"1";"cs: čeština";"NMG: publicistika";"NEW: tradiční publicistika";"X: neuvedeno";"NTW: celostátní tisk";"ceny včetně DPH . </s><s> Obec ji chtěla uhradit jen z";"částky bez DPH";". </s><s> Podle soudců se jedná o majetkovou daň , a"
"1";"cs: čeština";"NMG: publicistika";"NEW: tradiční publicistika";"X: neuvedeno";"NTW: celostátní tisk";"do konce ledna . </s><s> Náklady na proměnu činí 26 miliónů";"korun bez DPH";". </s><s> I okolí stanice podzemní dráhy C Ládví působí dnes"
"1";"en: angličtina";"FIC: beletrie";"NOV: próza";"X: neuvedeno";"X: neuvedeno";"planetě . </s><s> A teď se chci dostat až do konce";"hry Bez .";"</s><s> Dalšího . </s><s> Přerušování . “ </s><s> A skoro to zvládli . </s>"
"1";"cs: čeština";"FIC: beletrie";"VER: poezie";"X: neuvedeno";"X: neuvedeno";"<s> se hraje fotbal každý večer stejné </s><s> utkání </s><s> bez gólů bez";"karet bez";"</s><s> přestávky všechno špatně přitisknu </s><s> dlaň ke sklu mám plán bude </s>"
"1";"ro: rumunština";"FIC: beletrie";"SCR: drama";"X: neuvedeno";"X: neuvedeno";"naše . </s><s> Paula : Hovno . </s><s> Rolando : Bez velkých";"slov … bez …";"bez … </s><s> Maria : Je mi sedmadvacet a mám tři"
"1";"cs: čeština";"NMG: publicistika";"NEW: tradiční publicistika";"X: neuvedeno";"NTW: celostátní tisk";"strany stejně jako TOP 09 nekomentují , jak velké šance";"koalice bez ANO";"má . </s><s> „ Jednali jsme s TOP 09 o různých"
"1";"cs: čeština";"NFC: oborová literatura";"SCI: odborná literatura";"NAT: přírodní vědy";"BIO: biologie";"2 . tergit se třemi světlými tomentovými skvrnami ; zadeček";"samců bez modravě";"kovového lesku ; šp1t hostiteli jsou vosíci ( Polistes )"
"1";"cs: čeština";"NMG: publicistika";"LEI: volnočasová publicistika";"X: neuvedeno";"SCT: společenský život";". </s><s> Přes 300 milionů půjde do aut </s><s> Až 318 milionů";"korun bez DPH";"rozfofruje Státní fond pro dopravní infrastrukturu za nákup 734 služebních"
"1";"cs: čeština";"NMG: publicistika";"NEW: tradiční publicistika";"X: neuvedeno";"NTW: celostátní tisk";"místa . </s><s> Celkem za to radnice zaplatí necelých 25 milionů";"korun bez DPH";", přičemž prostřednictvím Regionálního operačního programu Severozápad na to dostane"
"1";"cs: čeština";"NMG: publicistika";"NEW: tradiční publicistika";"X: neuvedeno";"REG: regionální tisk";"ostrovskou nemocnici už nutností a stálo ji zhruba osm milionů";"korun bez DPH";". </s><s> Sprostě nadával kolemjdoucím a fackoval je </s><s> Ostrov – Jako"
"1";"cs: čeština";"NFC: oborová literatura";"PRO: profesní literatura";"SSC: sociální vědy";"ECO: ekonomie, obchod, logistika";"opakování > Únor 2016 15 + 15 – 54 </s><s> Pořadí";"opakování bez Titul";"Kanál Datum Začátek Konec Tisíce Tisíce </s><s> 19 MS v biatlonu"
"1";"cs: čeština";"NMG: publicistika";"NEW: tradiční publicistika";"X: neuvedeno";"NTW: celostátní tisk";"na východě a jihu se nedá zastavit jen během nočních";"jednání , bez opravdu";"drahého vyzbrojení se neobejdeme . </s><s> A pak to , co"
"1";"cs: čeština";"NMG: publicistika";"NEW: tradiční publicistika";"X: neuvedeno";"NTW: celostátní tisk";". </s><s> Minimální výše měsíčního nájmu je stanovena na deset tisíc";"korun bez DPH";". </s><s> Praha 4 má v květnu rozhodnout o vítězném návrhu"
"1";"cs: čeština";"NMG: publicistika";"NEW: tradiční publicistika";"X: neuvedeno";"NTW: celostátní tisk";", budou kondoři královští . </s><s> Voliéra bude stát 16,5 miliónu";"korun bez DPH";". </s><s> „ Kondoři budou mít v nové voliéře mnohem větší"
"1";"cs: čeština";"NMG: publicistika";"NEW: tradiční publicistika";"X: neuvedeno";"NTW: celostátní tisk";"stojících cestujících . </s><s> „ Tramvaje byly pořízeny za téměř 176";"miliónů bez DPH";"a 85 procent šlo z unijních peněz . </s><s> Zbytek nákladů"
"1";"cs: čeština";"NMG: publicistika";"NEW: tradiční publicistika";"X: neuvedeno";"NTW: celostátní tisk";"91,562 tuny tzv . nadbilančních kalů za cenu 429 miliónů";"korun bez DPH";". </s><s> Odtěžit a odvézt kaly ze tří ropných lagun musí"
"1";"cs: čeština";"NFC: oborová literatura";"POP: populárně naučná literatura";"FTS: formální a technické vědy";"ICT: výpočetní technika";"však samozřejmě nemůže natahovat do nekonečna . </s><s> Proto u levných";"volantů bez force";"feedbacku najdete pouze rozsah otočení o 270 ° . </s><s> Na"
"1";"cs: čeština";"NMG: publicistika";"NEW: tradiční publicistika";"X: neuvedeno";"NTW: celostátní tisk";"se zapojila fakulta informatiky a managementu hradecké univerzity do projektu";"škol Bez PET";"lahví a nabízí studentům alternativu k balené vodě . </s><s> Studenti"
"1";"cs: čeština";"NFC: oborová literatura";"POP: populárně naučná literatura";"FTS: formální a technické vědy";"TEC: technika";"hodnotou totiž patří mezi jejich nejčastější objekty . </s><s> Při nákupu";"vozu bez křišťálově";"průzračné historie proto bedlivý pozor ! </s><s> Opatrnost ovšem žádá volba"
"1";"cs: čeština";"NFC: oborová literatura";"SCI: odborná literatura";"SSC: sociální vědy";"REC: sport, rekreace, hobby";"s TP se v dnešní době dostává na úroveň tréninku";"osob bez TP";". </s><s> Můžeme vysledovat i podobný historický vývoj , kde od"
"1";"cs: čeština";"NMG: publicistika";"NEW: tradiční publicistika";"X: neuvedeno";"NTW: celostátní tisk";"nebudou procházet zákony . </s><s> Ke „ stojedničce “ případné Babišovy";"vlády bez ČSSD";"a s trvající podporou komunistů schází osm hlasů . </s><s> Patnáct"
"1";"cs: čeština";"NMG: publicistika";"NEW: tradiční publicistika";"X: neuvedeno";"REG: regionální tisk";"duben příštího roku a jeho stavba vyjde na sto milionů";"korun bez DPH";". </s><s> Marie Kurzová ze společnosti REFLECTA Facility , která bude"
"1";"cs: čeština";"NFC: oborová literatura";"PRO: profesní literatura";"SSC: sociální vědy";"POL: politika, vojenství";"1026 R , při jehož nákupu teď ušetříte 55 000";"korun bez DPH";"! </s><s> Akce platí až do 10 . října a nejlepší"
"1";"cs: čeština";"NMG: publicistika";"NEW: tradiční publicistika";"X: neuvedeno";"NTW: celostátní tisk";"zvítězila i v opakované soutěži . </s><s> Firma má dostávat 290";"korun bez DPH";"za každý přestupek . </s><s> Vedení města kvůli tomu kritizovala nejen"
"1";"cs: čeština";"NMG: publicistika";"NEW: tradiční publicistika";"X: neuvedeno";"REG: regionální tisk";"Sadka za cenu za kalendářní rok ve výši 35 450";"korun bez DPH";", “ píše se v usnesení Rady města . </s><s> Babybox"
"1";"cs: čeština";"NMG: publicistika";"NEW: tradiční publicistika";"X: neuvedeno";"REG: regionální tisk";"nový nakladač Locust 903 , jehož cena činí 979 tisíc";"korun bez DPH";". </s><s> „ Předpokládaná cena byla jeden milion korun , přihlásili"
"1";"cs: čeština";"NFC: oborová literatura";"PRO: profesní literatura";"FTS: formální a technické vědy";"TEC: technika";"prací v území dlouhém asi 20 kilometrů je 789 milionů";"korun bez DPH";". </s><s> První skrývku archeologové udělali u Světí nedaleko Hradce Králové"
"1";"cs: čeština";"NMG: publicistika";"NEW: tradiční publicistika";"X: neuvedeno";"NTW: celostátní tisk";"celkové náklady na tyto úseky odhadují celkem na 1,8 miliardy";"korun bez DPH";", část by měly pokrýt evropské dotace . </s><s> Díky dálnici"
"1";"cs: čeština";"NFC: oborová literatura";"POP: populárně naučná literatura";"FTS: formální a technické vědy";"ICT: výpočetní technika";"% směrovému výraznější kříži odezva chybí 7 analogové výrazné spouště";"odezvy bez 7";"bez výtek 10 pro směrový snadné kříž procházení by měl"
"1";"en: angličtina";"FIC: beletrie";"COL: kratší próza";"X: neuvedeno";"X: neuvedeno";". </s><s> Omamné . </s><s> Famózní . </s><s> Rozhodně nedoporučuji zkoušet funkci bleskového";"startu bez vhodně";"nastavené opěrky hlavy . </s><s> Jinak skončíte v nemocnici s hyperextenzí"
"1";"cs: čeština";"NMG: publicistika";"NEW: tradiční publicistika";"X: neuvedeno";"REG: regionální tisk";". </s><s> Na zakázku , jejíž hodnota je zhruba šest milionů";"korun bez DPH";", totiž žádná nabídka nepřišla . </s><s> Podle informací Zdeňka Krejsy"
"1";"cs: čeština";"NMG: publicistika";"LEI: volnočasová publicistika";"X: neuvedeno";"MIX: společnost";"<s> Nahoru i dolů v pohodě </s><s> Obrázek vlevo zachycuje rozjezd do";"kopce bez hill";"- hold systému – vůz sjíždí ze svahu . </s><s> Na"
"1";"cs: čeština";"NMG: publicistika";"NEW: tradiční publicistika";"X: neuvedeno";"NTW: celostátní tisk";"desetiletého tendru na svoz odpadu . </s><s> Jeho hodnota je 12,8";"miliardy bez DPH";", vyplývá z oznámení ve věstníku veřejných zakázek . </s><s> Na"
"1";"cs: čeština";"NFC: oborová literatura";"PRO: profesní literatura";"SSC: sociální vědy";"EDU: pedagogika";"i v koordinaci zrakového a sluchového vnímání . </s><s> Porucha osvojování";"čtení bez „";"zjevného důvodu “ jako je snížení rozumových schopností , nedostatek"
"1";"cs: čeština";"NMG: publicistika";"NEW: tradiční publicistika";"X: neuvedeno";"NTW: celostátní tisk";"na 45 metrů , což by znamenalo částku 457 milionů";"korun bez DPH";". </s><s> „ Tato možnost ovšem neřeší zvýšení doletu za plného"
"1";"cs: čeština";"NFC: oborová literatura";"PRO: profesní literatura";"SSC: sociální vědy";"ECO: ekonomie, obchod, logistika";"<s> TravelMassive za přípravu akce a organizační zajištění účtoval 199 tisíc";"korun bez DPH";", dodala Veselá . </s><s> Za dobu trvání akce , kdy"
"1";"cs: čeština";"NMG: publicistika";"NEW: tradiční publicistika";"X: neuvedeno";"NTW: celostátní tisk";"Největší položkou je vznik koupacího biotopu za cenu 36,5 miliónu";"korun bez DPH";", “ řekl mluvčí magistrátu Vít Hofman . </s><s> Koupací plocha"
"1";"cs: čeština";"NMG: publicistika";"NEW: tradiční publicistika";"X: neuvedeno";"REG: regionální tisk";"jen drobných změn . </s><s> Předpokládané náklady jsou do jednoho milionu";"korun bez DPH";". </s><s> Vše má pokrýt dotace . </s><s> „ Žádost o ni"
"1";"cs: čeština";"NMG: publicistika";"NEW: tradiční publicistika";"X: neuvedeno";"REG: regionální tisk";"zhotovitele vypsala radnice letos v dubnu . </s><s> Projektovou cenu 25,7";"milionů bez DPH";", kterou schválili zastupitelé , se ale městu dodržet nepodařilo"
"1";"cs: čeština";"NMG: publicistika";"NEW: tradiční publicistika";"X: neuvedeno";"REG: regionální tisk";"zde začíná růst klubovna . </s><s> Stavbu v hodnotě 4,4 milionu";"korun bez DPH";"začíná budovat firma LAS z Bludova . </s><s> „ Ještě letos"
"1";"cs: čeština";"NMG: publicistika";"NEW: tradiční publicistika";"X: neuvedeno";"NTW: celostátní tisk";"je v plném proudu . </s><s> Opravy za zhruba 165 miliónů";"korun bez DPH";"budou hotové do konce letošního roku . </s><s> Kanalizační systém pod"
"1";"cs: čeština";"NMG: publicistika";"NEW: tradiční publicistika";"X: neuvedeno";"NTW: celostátní tisk";"stavět osmikilometrový úsek dálnice D3 . </s><s> Stát bude 1,2 miliardy";"korun bez DPH";"a otevřen pro dopravu by mě být v roce 2018"
"1";"cs: čeština";"NFC: oborová literatura";"POP: populárně naučná literatura";"FTS: formální a technické vědy";"ICT: výpočetní technika";"je jen 6 20 l , velká hlavní komora ,";"organizéru bez 8";"</s><s> přihrádka u zad 7 přihrádka u zad 7 </s><s> nepraktické tlustší"
"1";"es: španělština";"FIC: beletrie";"NOV: próza";"X: neuvedeno";"X: neuvedeno";"jasný koncept , protože nakonec šlo o zásun a gejzíry";"spermatu bez opravdu";"výrazných scénářů . </s><s> I přes úvodní zaškobrtání končí můj příběh"
"1";"cs: čeština";"NMG: publicistika";"NEW: tradiční publicistika";"X: neuvedeno";"NTW: celostátní tisk";". </s><s> Maximální výše zakázky byla nově upravena na 1,3 miliardy";"korun ( bez DPH";") . </s><s> Předmětem zakázky jsou stavební práce 1 . etapy"
"1";"cs: čeština";"NMG: publicistika";"NEW: tradiční publicistika";"X: neuvedeno";"REG: regionální tisk";"r První etapa rozšíření by měla stát zhruba šest milionů";"korun bez DPH";". </s><s> VÝHERCI TIP LIGY </s><s> VÍTĚZEM jarní části TIP Ligy čtenářů"
"1";"cs: čeština";"NMG: publicistika";"NEW: tradiční publicistika";"X: neuvedeno";"REG: regionální tisk";"Zaspal . </s><s> Zasíťování pozemků vyjde podle odhadu na 6,48 milionu";"korun bez DPH";", obec je investorovi prodá za podmíněně sníženou cenu 1"
"1";"cs: čeština";"NMG: publicistika";"NEW: tradiční publicistika";"X: neuvedeno";"NTW: celostátní tisk";"<s> „ Náklady na nutná opatření se pohybují v rozmezí 600";"miliónů bez DPH";"až po 909 miliónů korun , “ dodal Olyšar . </s>"
"1";"cs: čeština";"NMG: publicistika";"NEW: tradiční publicistika";"X: neuvedeno";"NTW: celostátní tisk";"na Velkých Novosadech v Přerově by měla stát 18,9 milionu";"korun bez DPH";". </s><s> Částku nabídla firma , která vyhrála výběrové řízení města"
"1";"cs: čeština";"NMG: publicistika";"NEW: tradiční publicistika";"X: neuvedeno";"NTW: celostátní tisk";"brněnské novostavbě dosáhla v roce 2014 na 2 560 000";"korun bez DPH";". </s><s> Průměrná cena za metr čtvereční byla 43 200 korun"
"1";"ru: ruština";"FIC: beletrie";"NOV: próza";"X: neuvedeno";"X: neuvedeno";"a začne rozsévat palčivou bolest . “ </s><s> Z dosti nejasného";"výroku „ bez manitou";"jsou hovno , kdežto s manitou maj pocit , že"
"1";"cs: čeština";"NMG: publicistika";"NEW: tradiční publicistika";"X: neuvedeno";"NTW: celostátní tisk";"konkurencí . </s><s> V nabídce je za cenu od 589 990";"korun bez DPH";". </s><s> Novela zákona o účetnictví většině podniků uleví </s><s> Díky novele"
"1";"cs: čeština";"NMG: publicistika";"NEW: tradiční publicistika";"X: neuvedeno";"NTW: celostátní tisk";"výplatě mohl koupit pouhých 99 kilogramů kachen ( I .";"jakosti , bez drůbek";") . </s><s> Většina produktů tedy byla před sametovou revolucí levnější"
"1";"cs: čeština";"NMG: publicistika";"NEW: tradiční publicistika";"X: neuvedeno";"REG: regionální tisk";"práce . </s><s> Zakázku realizuje s cenou 39 , 5 milionu";"korun bez DPH";"pardubická firma Chládek a Tintěra , která má do konce"
"1";"cs: čeština";"NMG: publicistika";"NEW: tradiční publicistika";"X: neuvedeno";"REG: regionální tisk";"<s> Na Českolipsku naplánovala letos SVS 21 staveb za 123 milionů";"korun bez DPH";". </s><s> Úpravnu ve Svoru postaví vedle stávajícího vodojemu . </s><s> „"
"1";"cs: čeština";"NFC: oborová literatura";"PRO: profesní literatura";"FTS: formální a technické vědy";"TEC: technika";"podmínka , nazývaná „ + AR “ znamená tvarování za";"tepla bez „";"řízeného válcování “ a tedy bez dopadu na mikrostrukturu oceli"
"1";"cs: čeština";"FIC: beletrie";"NOV: próza";"X: neuvedeno";"X: neuvedeno";"<s> Přemítala o tom , jak si Marie odjakživa vybírá od";"života bez „";"zbytečných “ ohledů právě jen to , co na první"
"1";"cs: čeština";"NMG: publicistika";"NEW: tradiční publicistika";"X: neuvedeno";"NTW: celostátní tisk";"roku odcizen v Itálii . </s><s> Za částku 2 230 000";"korun ( bez DPH";") jej na internetovém inzertním portálu nabízel k prodeji jeho"
"1";"cs: čeština";"NMG: publicistika";"NEW: tradiční publicistika";"X: neuvedeno";"REG: regionální tisk";"a modernizace této dopravní tepny má vyjít na 35 milionů";"korun bez DPH";". </s><s> Škrdlová : Integraci mají jednodušší Ukrajinci a Rusové </s><s> Rozhovor </s>"
"1";"cs: čeština";"NFC: oborová literatura";"POP: populárně naučná literatura";"FTS: formální a technické vědy";"ICT: výpočetní technika";"k článkům . </s><s> To mimochodem umožňuje použít programy i u";"počítačů bez DVD";"mechanik . </s><s> Seznam dat ke stažení najdete na s50 ("
"1";"cs: čeština";"NFC: oborová literatura";"PRO: profesní literatura";"FTS: formální a technické vědy";"TEC: technika";"rok to bude 1300 l a investice ve výši 999";"eur bez DPH";"se více než zaplatí . </s><s> Ač je to jinak celkem"
"1";"cs: čeština";"NFC: oborová literatura";"POP: populárně naučná literatura";"FTS: formální a technické vědy";"TEC: technika";"nových iPhonů , rozhodně nad 20 000 Kč u základní";"verze bez LTE";". </s><s> Ve stručnosti dodejme , že Apple přestavil i chytré"
"1";"cs: čeština";"NMG: publicistika";"NEW: tradiční publicistika";"X: neuvedeno";"NTW: celostátní tisk";". </s><s> Automobil z limitované série 499 vozů stojí přes milión";"eur bez DPH";"a firma si jeho vlastníky pečlivě vybírá . </s><s> Vyplývá to"
"1";"cs: čeština";"NMG: publicistika";"NEW: tradiční publicistika";"X: neuvedeno";"NTW: celostátní tisk";"<s> Investorem projektu je Pardubický kraj a s částkou 150 miliónů";"korun bez DPH";"se jedná o největší veřejnou investici ve městě od roku"
"1";"cs: čeština";"NFC: oborová literatura";"POP: populárně naučná literatura";"FTS: formální a technické vědy";"ICT: výpočetní technika";"Controller Elite . 1 100 Kč Zdržte se nákupu levného";"volantu bez force";"feedbacku – vedle odezvy bude chybět i dostatečný rozsah otáčení </s>"
"1";"cs: čeština";"NMG: publicistika";"NEW: tradiční publicistika";"X: neuvedeno";"REG: regionální tisk";"Vsetína Tomáš Pifka . </s><s> Čtvrtá etapa opravy stála 16,3 milionu";"korun bez DPH";". </s><s> „ Zaplatili jsme ji z rozpočtu města , dotací"
"1";"cs: čeština";"NFC: oborová literatura";"SCI: odborná literatura";"SSC: sociální vědy";"REC: sport, rekreace, hobby";"i v zahraničí by ED mohlo sloužit pro zdravotní prevenci";"populace , bez ohlednu";"na věk . </s><s> Vhodné využití vidíme zejména u starší populace"
"1";"cs: čeština";"NMG: publicistika";"NEW: tradiční publicistika";"X: neuvedeno";"REG: regionální tisk";"osvětlená a 2,5 kilometru dlouhá cyklostezka má stát 8,5 milionu";"korun bez DPH";". </s><s> S Brazilcem na špici , fotbalový Hradec už je"
"1";"cs: čeština";"NMG: publicistika";"NEW: tradiční publicistika";"X: neuvedeno";"REG: regionální tisk";"uměle vybudovaného koryta a další související práce činí 125 milionů";"korun bez DPH";", práce by měly trvat do podzimu . </s><s> Rekonstrukce přiváděče"
"1";"cs: čeština";"NFC: oborová literatura";"POP: populárně naučná literatura";"FTS: formální a technické vědy";"ICT: výpočetní technika";"dlouhý numerického Shift , střední malý blok , Enter ,";"bloku bez 8";"krátký kompletní Shift , střední velký Enter , blok 8"
"1";"cs: čeština";"NMG: publicistika";"NEW: tradiční publicistika";"X: neuvedeno";"NTW: celostátní tisk";"2018 až 2021 munici v maximální cenové výši 743 miliónů";"korun bez DPH";". </s><s> Obrana se podle vládního materiálu rozhodla nevypsat výběrové řízení"
"1";"cs: čeština";"NFC: oborová literatura";"SCI: odborná literatura";"NAT: přírodní vědy";"MED: lékařství";". </s><s> I . stupeň ( O I ) : protržení";"kůže bez anebo";"s nepatrnou kontuzí a bezvýznamná bakteriální kontaminace . </s><s> Kůže je"
"1";"cs: čeština";"NFC: oborová literatura";"POP: populárně naučná literatura";"FTS: formální a technické vědy";"ICT: výpočetní technika";"stránek . </s><s> Jde o řešení , které ocení zejména majitelé";"počítačů bez DVD";"mechaniky i ti , kterým se z jakéhokoliv důvodu už"
"1";"cs: čeština";"NFC: oborová literatura";"POP: populárně naučná literatura";"FTS: formální a technické vědy";"ICT: výpočetní technika";"stránek . </s><s> Jde o řešení , které ocení zejména majitelé";"počítačů bez DVD";"mechaniky i ti , kterým se z jakéhokoliv důvodu nechce"
"1";"cs: čeština";"NFC: oborová literatura";"PRO: profesní literatura";"SSC: sociální vědy";"ECO: ekonomie, obchod, logistika";"<s> Základní cena skříňové varianty je na českém trhu 645 748";"korun bez DPH";". </s><s> Nový vůz má nově vyvinutý podvozek , dostal také"
"1";"cs: čeština";"NMG: publicistika";"NEW: tradiční publicistika";"X: neuvedeno";"NTW: celostátní tisk";"<s> Miliardový spor mezi Škodou Transportation a Českými drahami 2,7 miliardy";"korun bez DPH";"činí hodnota zakázky na 20 lokomotiv řady 380 . </s><s> O"
"1";"cs: čeština";"NMG: publicistika";"NEW: tradiční publicistika";"X: neuvedeno";"NTW: celostátní tisk";"předloni zvýšil tržby o 22 procent na rekordních 17,4 miliardy";"korun bez DPH";". </s><s> Za rok 2017 očekává překonání hranice 20 miliard korun"
"1";"cs: čeština";"NMG: publicistika";"NEW: tradiční publicistika";"X: neuvedeno";"NTW: celostátní tisk";"596 milionů bez DPH . </s><s> Třetí varianta v částce 734";"milionů bez DPH";"je podle Martina Hurajčíka maximální . </s><s> „ Jedná se o"
"1";"cs: čeština";"NMG: publicistika";"LEI: volnočasová publicistika";"X: neuvedeno";"HOU: bydlení, zahrada, hobby";"noc s velmi výraznou slevou . </s><s> Nejste - li zastánci";"cestování bez předem";"zajištěného ubytování , zkuste alespoň kombinaci , kdy si na"
"1";"cs: čeština";"NFC: oborová literatura";"ADM: administrativa";"ADM: administrativa";"ADM: administrativa";"bez DPH v případě úspěšné aukce 70 % celková výše";"nákladů bez DPH";"v případě neúspěšné aukce 30 % </s><s> Pro hodnocení kritérií bude"
"1";"cs: čeština";"NMG: publicistika";"NEW: tradiční publicistika";"X: neuvedeno";"NTW: celostátní tisk";"oddlužení nebo insolvenční návrh budou moci účtovat nejvýše čtyři tisíce";"korun bez DPH";", v případě společného oddlužení manželů maximálně šest tisíc korun"
"1";"cs: čeština";"NFC: oborová literatura";"POP: populárně naučná literatura";"HUM: humanitní vědy";"LAN: filologie";"mužského pohledu sleduje . </s><s> Vedle záměru ponechat ryze ženské vnímání";"světa bez genderově";"protichůdné korekce tím dosáhla efektu ztajení některých faktů . </s><s> Nemám"
"1";"cs: čeština";"NMG: publicistika";"NEW: tradiční publicistika";"X: neuvedeno";"NTW: celostátní tisk";"se navíc z odhadovaných osmi milionů vyšplhal na zhruba dvanáct";"milionů bez DPH";". </s><s> Přestože na rozhlednu přislíbil přispět třeba také Svazek obcí"
"1";"cs: čeština";"NFC: oborová literatura";"SCI: odborná literatura";"HUM: humanitní vědy";"LAN: filologie";", která svou zvukovou podobou odpovídá „ základní “ podobě";"slovesa bez to";", a v češtině je za 3 . os ."
"1";"ro: rumunština";"FIC: beletrie";"SCR: drama";"X: neuvedeno";"X: neuvedeno";"<s> Paula : Hovno . </s><s> Rolando : Bez velkých slov …";"bez … bez …";"</s><s> Maria : Je mi sedmadvacet a mám tři zaměstnání . </s>"
"1";"cs: čeština";"FIC: beletrie";"NOV: próza";"X: neuvedeno";"X: neuvedeno";"vlnu . “ </s><s> „ To musí být tvrdý život ,";"bez ... bez ...";"</s><s> “ Eadulf upadl do rozpaků . </s><s> „ Bez muže ?"
"1";"cs: čeština";"NFC: oborová literatura";"POP: populárně naučná literatura";"FTS: formální a technické vědy";"TEC: technika";"<s> Baterie vydrží minimálně 10 let . </s><s> Nové aktuálně stojí 42";"tisíc bez DPH";". </s><s> U převodovky e - CVT měňte olej nejpozději každých"
"1";"cs: čeština";"NFC: oborová literatura";"PRO: profesní literatura";"NAT: přírodní vědy";"GEO: geografie, geologie";"2007 nové prvky do krajiny v celkovém objemu 6 miliard";"korun bez DPH";". </s><s> Byly budovány nejen hlavní a vedlejší polní cesty ,"
"1";"cs: čeština";"NMG: publicistika";"NEW: tradiční publicistika";"X: neuvedeno";"REG: regionální tisk";"že podpora z MD je 906 . 950 , -";"korun bez DPH";". </s><s> Dotaci ve výši zhruba 85 % ceny díla město"
"1";"cs: čeština";"NFC: oborová literatura";"SCI: odborná literatura";"SSC: sociální vědy";"REC: sport, rekreace, hobby";". </s><s> U chodících to může být i účast na závodech";"osob bez TP";"na okresní úrovni . </s><s> Účast na závodech je pro sportovce"
"1";"cs: čeština";"NMG: publicistika";"LEI: volnočasová publicistika";"X: neuvedeno";"LIF: životní styl";"chtěla , aby měly v rámci možností aspoň trochu normální";"dětství bez neustále";"cvakajících fotoaparátů a zástupů novinářů , kteří ve dne v"
"1";"cs: čeština";"NMG: publicistika";"NEW: tradiční publicistika";"X: neuvedeno";"REG: regionální tisk";"montují skoro automatiky . </s><s> LETÁK UVNITŘ </s><s> U klasických či integrovaných";"zámků bez TSA";"může teoreticky dojít při otevření k jejich poškození . </s><s> V"
"1";"cs: čeština";"NMG: publicistika";"NEW: tradiční publicistika";"X: neuvedeno";"NTW: celostátní tisk";"IROP . </s><s> Hodnota prvních deseti zamýšlených akcí je 466 milionů";"korun bez DPH";". </s><s> „ K těmto projektům už krajská rada schválila podání"
"1";"cs: čeština";"NFC: oborová literatura";"SCI: odborná literatura";"SSC: sociální vědy";"REC: sport, rekreace, hobby";"nezávodí jen v jedné disciplíně , jak je tomu u";"atletů bez TP";", ale jsou úspěšní ve více dráhových disciplínách . </s><s> Trochu"
"1";"cs: čeština";"NMG: publicistika";"LEI: volnočasová publicistika";"X: neuvedeno";"MIX: společnost";"provizorní výrobou topení či pece na chleba zo nebo zprovozněním";"rádia bez b";"e elektřiny už určitě neporadil . </s><s> Mnozí ten chléb neupečou"
"1";"cs: čeština";"NMG: publicistika";"NEW: tradiční publicistika";"X: neuvedeno";"NTW: celostátní tisk";"veřejné zakázky , vedení města počítá s cenou 10,87 milionu";"korun bez DPH";". </s><s> Stavba se buduje v několika etapách , nyní jsou"
"1";"en: angličtina";"NFC: oborová literatura";"SCI: odborná literatura";"HUM: humanitní vědy";"MUS: hudba";"roce 1835 oznámil Mendelssohn svůj úmysl obnovit Händelovu původní instrumentaci";"Mesiáše bez „";"únavných imitací a sentimentálních disonancí “ nebo „ fléten a"
"1";"cs: čeština";"NMG: publicistika";"NEW: tradiční publicistika";"X: neuvedeno";"NTW: celostátní tisk";"stavbě metra D . </s><s> Předpokládaná hodnota zakázky je 450 milionů";"korun bez DPH";", vyplývá ze zadávací dokumentace . </s><s> Zájemci se mohou hlásit"
"3";"cs: čeština";"NMG: publicistika";"NEW: tradiční publicistika";"X: neuvedeno";"NTW: celostátní tisk";"v sebe sama můžete začít sušit na zimu : Květy";"Černý bez -";"při nachlazení , migrénách . </s><s> Heřmánek pravý - podporuje pocení"
"3";"cs: čeština";"FIC: beletrie";"COL: kratší próza";"X: neuvedeno";"X: neuvedeno";"zcela oprávněné je úsloví o „ Rabasově čtverečném kilometru “";"z bez -";"prostředního okolí Krušovic , odkud prý čerpal inspiraci i motivy"
"3";"cs: čeština";"NFC: oborová literatura";"PRO: profesní literatura";"SSC: sociální vědy";"EDU: pedagogika";"že stovky studentů si zaslepeně kupovaly pouze k bezcenný cár";"papíru , “ bez ilustruje";"Hromádka “ příběhy ze života . </s><s> „ Kdo si může"
"3";"cs: čeština";"NFC: oborová literatura";"POP: populárně naučná literatura";"NAT: přírodní vědy";"BIO: biologie";"společenských přelomů všech dob . </s><s> Nechceme - li upadnout do";"ubíjejícího bez -";"časí , které sice osvobozuje , ale také ohlupuje skoro"
"3";"en: angličtina";"FIC: beletrie";"NOV: próza";"X: neuvedeno";"X: neuvedeno";"jestli je pro tebe bezpečný . </s><s> Ale ani jsme nebyli";"u - bez -";"pečeni , je - li dobře upečený . </s><s> Kde vzít"
"3";"cs: čeština";"NMG: publicistika";"NEW: tradiční publicistika";"X: neuvedeno";"NTW: celostátní tisk";"hektické , ale nebojíme se , “ řekl strok lehké";"čtyřky bez Miroslav";"Vraštil . </s><s> „ Chce to od startu za to pořádně"
